code,install_mode,selfupdate_mode,source,workflow_count
ACCC_BOOTSTRAP_INIT_START,Auto-Update,,,468
ACCC_BOOTSTRAP_DL_START,Auto-Update,,,457
ACCC_BOOTSTRAP_DL_END,Auto-Update,,,432
ACCC_BOOTSTRAP_INSTALL_START,Auto-Update,,,432
ACCC_BOOTSTRAP_INSTALL_END,Auto-Update,,,423
ACCC_BOOTSTRAP_DL_START,Fresh,,WAM,216
ACCC_BOOTSTRAP_INSTALL_START,Fresh,,WAM,211
ACCC_BOOTSTRAP_DL_END,Fresh,,WAM,210
ACCC_BOOTSTRAP_INSTALL_END,Fresh,,WAM,204
ACCC_BOOTSTRAP_INSTALL_START,Fresh,,,106
ACCC_BOOTSTRAP_DL_START,Fresh,,,106
ACCC_BOOTSTRAP_DL_END,Fresh,,,106
ACCC_BOOTSTRAP_INSTALL_END,Fresh,,,105
ACCC_BOOTSTRAP_DL_START,Self-Update,,,71
ACCC_BOOTSTRAP_INSTALL_START,Self-Update,,,66
ACCC_BOOTSTRAP_INSTALL_END,Self-Update,,,66
ACCC_BOOTSTRAP_DL_END,Self-Update,,,66
ACCC_BOOTSTRAP_PIM_DL_ERROR,Auto-Update,,,63
ACCC_BOOTSTRAP_INIT_START,Self-Update,,,62
ACCC_BOOTSTRAP_ADMINPRIVELEGES,Fresh,,,49
ACCC_BOOTSTRAP_INSTALL_END,Update,,WAM,37
ACCC_BOOTSTRAP_INSTALL_START,Update,,WAM,36
ACCC_BOOTSTRAP_ADMINPRIVELEGES,Self-Update,true,,36
ACCC_BOOTSTRAP_DL_START,Update,,WAM,36
ACCC_BOOTSTRAP_DL_END,Update,,WAM,36
ACCC_BOOTSTRAP_DL_FATAL_ERROR,Auto-Update,,,30
ACCC_BOOTSTRAP_DL_RETRY,Auto-Update,,,25
ACCC_BOOTSTRAP_INSTALL_END,Self-Update,true,,20
ACCC_BOOTSTRAP_INSTALL_START,Self-Update,true,,20
ACCC_BOOTSTRAP_DL_END,Self-Update,true,,20
ACCC_BOOTSTRAP_DL_START,Self-Update,true,,20
ACCC_BOOTSTRAP_DL_RETRY,Self-Update,,,6
ACCC_BOOTSTRAP_DL_FATAL_ERROR,Self-Update,,,5
ACCC_BOOTSTRAP_INIT_FATAL_ERROR,Auto-Update,,,4
ACCC_BOOTSTRAP_INSTALL_FATAL_ERROR,Auto-Update,,,4
ACCC_BOOTSTRAP_DL_FATAL_ERROR,Fresh,,WAM,2
ACCC_BOOTSTRAP_PIM_DL_ERROR,Self-Update,,,2
ACCC_BOOTSTRAP_DL_RETRY,Fresh,,WAM,1
ACCC_BOOTSTRAP_INSTALL_FATAL_ERROR,Self-Update,,,1
ACCC_BOOTSTRAP_HELPER_FAILURE,Self-Update,true,,1
ACCC_BOOTSTRAP_ADMINPRIVELEGES,Self-Update,,,1
ACCC_BOOTSTRAP_INIT_FATAL_ERROR,Self-Update,,,1
