workflow_count,errorcode,errorsubcode,code,install_mode,selfupdate_mode,source
552,,,ACCC_BOOTSTRAP_DL_START,Fresh,,WAM
537,,,ACCC_BOOTSTRAP_INSTALL_END,Fresh,,WAM
537,,,ACCC_BOOTSTRAP_INSTALL_START,Fresh,,WAM
537,,,ACCC_BOOTSTRAP_DL_END,Fresh,,WAM
483,,,ACCC_BOOTSTRAP_INIT_START,Auto-Update,,
467,,,ACCC_BOOTSTRAP_DL_START,Auto-Update,,
420,,,ACCC_BOOTSTRAP_INSTALL_START,Auto-Update,,
419,,,ACCC_BOOTSTRAP_DL_END,Auto-Update,,
409,,,ACCC_BOOTSTRAP_INSTALL_END,Auto-Update,,
256,,,ACCC_BOOTSTRAP_DL_START,Fresh,,
249,,,ACCC_BOOTSTRAP_INSTALL_START,Fresh,,
249,,,ACCC_BOOTSTRAP_INSTALL_END,Fresh,,
249,,,ACCC_BOOTSTRAP_DL_END,Fresh,,
96,,,ACCC_BOOTSTRAP_ADMINPRIVELEGES,Fresh,,
66,,,ACCC_BOOTSTRAP_DL_START,Self-Update,,
64,,,ACCC_BOOTSTRAP_INSTALL_START,Self-Update,,
64,,,ACCC_BOOTSTRAP_DL_END,Self-Update,,
63,,,ACCC_BOOTSTRAP_INSTALL_END,Self-Update,,
58,,,ACCC_BOOTSTRAP_INIT_START,Self-Update,,
48,,,ACCC_BOOTSTRAP_ADMINPRIVELEGES,Self-Update,true,
45,PIM_STATUS_DOWNLOAD_NETWORK_UNAVAILABLE,,ACCC_BOOTSTRAP_PIM_DL_ERROR,Auto-Update,,
38,,,ACCC_BOOTSTRAP_DL_START,Update,,WAM
38,,,ACCC_BOOTSTRAP_INSTALL_END,Update,,WAM
37,,,ACCC_BOOTSTRAP_INSTALL_START,Update,,WAM
37,,,ACCC_BOOTSTRAP_DL_END,Update,,WAM
29,PIM_STATUS_DOWNLOAD_SERVER_UNRESPONSIVE,,ACCC_BOOTSTRAP_PIM_DL_ERROR,Auto-Update,,
25,PIM_STATUS_DOWNLOAD_CANCELED,,ACCC_BOOTSTRAP_DL_FATAL_ERROR,Auto-Update,,
23,PIM_STATUS_DOWNLOAD_SERVER_UNRESPONSIVE,,ACCC_BOOTSTRAP_DL_RETRY,Auto-Update,,
15,,,ACCC_BOOTSTRAP_INSTALL_END,Self-Update,true,
14,,,ACCC_BOOTSTRAP_DL_END,Self-Update,true,
14,,,ACCC_BOOTSTRAP_DL_START,Self-Update,true,
14,,,ACCC_BOOTSTRAP_INSTALL_START,Self-Update,true,
12,PIM_STATUS_DOWNLOAD_ERROR,,ACCC_BOOTSTRAP_DL_FATAL_ERROR,Auto-Update,,
5,LBS_ERROR_IPC,,ACCC_BOOTSTRAP_INIT_FATAL_ERROR,Auto-Update,,
4,PIM_STATUS_FAILED_TO_BACKUP,,ACCC_BOOTSTRAP_INSTALL_FATAL_ERROR,Auto-Update,,
4,PIM_STATUS_SUCCESS,,ACCC_BOOTSTRAP_DL_RETRY,Fresh,,WAM
3,PIM_STATUS_DOWNLOAD_SERVER_UNRESPONSIVE,,ACCC_BOOTSTRAP_DL_RETRY,Self-Update,,
3,PIM_STATUS_DOWNLOAD_CANCELED,PIM_STATUS_DOWNLOAD_SERVER_UNRESPONSIVE,ACCC_BOOTSTRAP_DL_FATAL_ERROR,Auto-Update,,
3,PIM_STATUS_DOWNLOAD_ERROR,,ACCC_BOOTSTRAP_DL_FATAL_ERROR,Self-Update,,
3,PIM_STATUS_DOWNLOAD_NETWORK_UNAVAILABLE,,ACCC_BOOTSTRAP_PIM_DL_ERROR,Self-Update,,
3,PIM_STATUS_DOWNLOAD_CANCELED,,ACCC_BOOTSTRAP_DL_FATAL_ERROR,Fresh,,WAM
2,PIM_STATUS_INSUFFICIENT_FREE_DISK_SPACE,,ACCC_BOOTSTRAP_INSTALL_FATAL_ERROR,Auto-Update,,
2,PIM_STATUS_DOWNLOAD_CANCELED,PIM_STATUS_DOWNLOAD_NETWORK_UNAVAILABLE,ACCC_BOOTSTRAP_DL_FATAL_ERROR,Auto-Update,,
2,LBS_ERROR_IPC,,ACCC_BOOTSTRAP_INIT_FATAL_ERROR,Self-Update,,
2,PIM_STATUS_DOWNLOAD_SERVER_UNRESPONSIVE,,ACCC_BOOTSTRAP_PIM_DL_ERROR,Self-Update,,
2,PIM_STATUS_DOWNLOAD_CANCELED,,ACCC_BOOTSTRAP_DL_FATAL_ERROR,Self-Update,,
1,PIM_STATUS_DOWNLOAD_CANCELED,PIM_STATUS_DOWNLOAD_SERVER_UNRESPONSIVE,ACCC_BOOTSTRAP_DL_FATAL_ERROR,Self-Update,,
1,PIM_STATUS_DOWNLOAD_ERROR,,ACCC_BOOTSTRAP_PIM_DL_ERROR,Auto-Update,,
1,PIM_STATUS_DOWNLOAD_NETWORK_UNAVAILABLE,,ACCC_BOOTSTRAP_PIM_DL_ERROR,Fresh,,
1,PIM_STATUS_FILE_COPY_ERROR,,ACCC_BOOTSTRAP_INSTALL_FATAL_ERROR,Auto-Update,,
1,PIM_STATUS_DOWNLOAD_CANCELED,PIM_STATUS_DOWNLOAD_ERROR,ACCC_BOOTSTRAP_DL_FATAL_ERROR,Auto-Update,,
1,PIM_STATUS_DOWNLOAD_NETWORK_UNAVAILABLE,,ACCC_BOOTSTRAP_PIM_DL_ERROR,Self-Update,true,
1,PIM_STATUS_FAILED_TO_BACKUP,,ACCC_BOOTSTRAP_INSTALL_FATAL_ERROR,Self-Update,,
1,LBS_ERROR_ADMIN_PRIVILEDGE_REQUIRED,,ACCC_BOOTSTRAP_INIT_FATAL_ERROR,Auto-Update,,
1,PIM_STATUS_DOWNLOAD_ERROR,,ACCC_BOOTSTRAP_DL_FATAL_ERROR,Fresh,,
1,PIM_STATUS_DOWNLOAD_CANCELED,,ACCC_BOOTSTRAP_DL_FATAL_ERROR,Update,,WAM
1,PIM_STATUS_DOWNLOAD_CANCELED,PIM_STATUS_DOWNLOAD_ERROR,ACCC_BOOTSTRAP_DL_FATAL_ERROR,Fresh,,WAM
