code,install_mode,selfupdate_mode,source,workflow_count
ACCC_BOOTSTRAP_DL_START,Fresh,,WAM,546
ACCC_BOOTSTRAP_INSTALL_END,Fresh,,WAM,533
ACCC_BOOTSTRAP_INSTALL_START,Fresh,,WAM,532
ACCC_BOOTSTRAP_DL_END,Fresh,,WAM,532
ACCC_BOOTSTRAP_INIT_START,Auto-Update,,,468
ACCC_BOOTSTRAP_DL_START,Auto-Update,,,451
ACCC_BOOTSTRAP_DL_END,Auto-Update,,,409
ACCC_BOOTSTRAP_INSTALL_START,Auto-Update,,,409
ACCC_BOOTSTRAP_INSTALL_END,Auto-Update,,,402
ACCC_BOOTSTRAP_DL_START,Fresh,,,255
ACCC_BOOTSTRAP_INSTALL_START,Fresh,,,248
ACCC_BOOTSTRAP_INSTALL_END,Fresh,,,248
ACCC_BOOTSTRAP_DL_END,Fresh,,,248
ACCC_BOOTSTRAP_ADMINPRIVELEGES,Fresh,,,94
ACCC_BOOTSTRAP_PIM_DL_ERROR,Auto-Update,,,67
ACCC_BOOTSTRAP_DL_START,Self-Update,,,65
ACCC_BOOTSTRAP_INSTALL_START,Self-Update,,,63
ACCC_BOOTSTRAP_DL_END,Self-Update,,,63
ACCC_BOOTSTRAP_INSTALL_END,Self-Update,,,63
ACCC_BOOTSTRAP_INIT_START,Self-Update,,,57
ACCC_BOOTSTRAP_ADMINPRIVELEGES,Self-Update,true,,47
ACCC_BOOTSTRAP_DL_START,Update,,WAM,38
ACCC_BOOTSTRAP_DL_END,Update,,WAM,37
ACCC_BOOTSTRAP_INSTALL_END,Update,,WAM,37
ACCC_BOOTSTRAP_INSTALL_START,Update,,WAM,37
ACCC_BOOTSTRAP_DL_FATAL_ERROR,Auto-Update,,,32
ACCC_BOOTSTRAP_DL_RETRY,Auto-Update,,,21
ACCC_BOOTSTRAP_INSTALL_END,Self-Update,true,,15
ACCC_BOOTSTRAP_INSTALL_START,Self-Update,true,,14
ACCC_BOOTSTRAP_DL_START,Self-Update,true,,14
ACCC_BOOTSTRAP_DL_END,Self-Update,true,,14
ACCC_BOOTSTRAP_INIT_FATAL_ERROR,Auto-Update,,,6
ACCC_BOOTSTRAP_INSTALL_FATAL_ERROR,Auto-Update,,,5
ACCC_BOOTSTRAP_PIM_DL_ERROR,Self-Update,,,5
ACCC_BOOTSTRAP_DL_FATAL_ERROR,Self-Update,,,4
ACCC_BOOTSTRAP_DL_RETRY,Fresh,,WAM,4
ACCC_BOOTSTRAP_DL_FATAL_ERROR,Fresh,,WAM,3
ACCC_BOOTSTRAP_DL_RETRY,Self-Update,,,3
ACCC_BOOTSTRAP_INIT_FATAL_ERROR,Self-Update,,,2
ACCC_BOOTSTRAP_PIM_DL_ERROR,Fresh,,,1
ACCC_BOOTSTRAP_DL_FATAL_ERROR,Update,,WAM,1
ACCC_BOOTSTRAP_PIM_DL_ERROR,Self-Update,true,,1
ACCC_BOOTSTRAP_DL_FATAL_ERROR,Fresh,,,1
