workflow_count,errorcode,errorsubcode,code,install_mode,selfupdate_mode,source
895279,,,ACCC_BOOTSTRAP_DL_START,Fresh,,WAM
828861,,,ACCC_BOOTSTRAP_INSTALL_START,Fresh,,WAM
828078,,,ACCC_BOOTSTRAP_DL_END,Fresh,,WAM
792673,,,ACCC_BOOTSTRAP_INSTALL_END,Fresh,,WAM
181568,,,ACCC_BOOTSTRAP_ADMINPRIVELEGES,Self-Update,true,
161570,,,ACCC_BOOTSTRAP_DL_START,Auto-Update,,
159448,,,ACCC_BOOTSTRAP_DL_START,Fresh,repair,
141855,,,ACCC_BOOTSTRAP_INSTALL_START,Fresh,repair,
141620,,,ACCC_BOOTSTRAP_DL_END,Fresh,repair,
138313,,,ACCC_BOOTSTRAP_INSTALL_END,Fresh,repair,
133430,,,ACCC_BOOTSTRAP_INSTALL_START,Auto-Update,,
133220,,,ACCC_BOOTSTRAP_DL_END,Auto-Update,,
127517,,,ACCC_BOOTSTRAP_INSTALL_END,Auto-Update,,
69098,,,ACCC_BOOTSTRAP_DL_START,Fresh,,
61472,,,ACCC_BOOTSTRAP_INSTALL_START,Fresh,,
61394,,,ACCC_BOOTSTRAP_DL_END,Fresh,,
57427,,,ACCC_BOOTSTRAP_ADMINPRIVELEGES,Fresh,,
55605,,,ACCC_BOOTSTRAP_INSTALL_END,Fresh,,
53546,,,ACCC_BOOTSTRAP_DL_START,Update,,WAM
52331,PIM_STATUS_DOWNLOAD_CANCELED,,ACCC_BOOTSTRAP_DL_FATAL_ERROR,Fresh,,WAM
51453,,,ACCC_BOOTSTRAP_INSTALL_START,Update,,WAM
51401,,,ACCC_BOOTSTRAP_DL_END,Update,,WAM
49468,,,ACCC_BOOTSTRAP_INSTALL_END,Update,,WAM
46932,PIM_STATUS_SUCCESS,,ACCC_BOOTSTRAP_DL_RETRY,Fresh,,WAM
37104,,,ACCC_BOOTSTRAP_DL_START,Self-Update,repair,
31178,,,ACCC_BOOTSTRAP_INSTALL_START,Self-Update,repair,
31058,,,ACCC_BOOTSTRAP_DL_END,Self-Update,repair,
29061,,,ACCC_BOOTSTRAP_INSTALL_END,Self-Update,repair,
14562,,,ACCC_BOOTSTRAP_DL_START,Self-Update,true,
13501,,,ACCC_BOOTSTRAP_ADMINPRIVELEGES,Self-Update,,
13130,,,ACCC_BOOTSTRAP_INSTALL_START,Self-Update,true,
13111,,,ACCC_BOOTSTRAP_DL_END,Self-Update,true,
12597,,,ACCC_BOOTSTRAP_INSTALL_END,Self-Update,true,
9674,PIM_STATUS_DOWNLOAD_CANCELED,,ACCC_BOOTSTRAP_DL_FATAL_ERROR,Fresh,repair,
9233,,,ACCC_BOOTSTRAP_INSTALL_END,Self-Update,,
8057,,,ACCC_BOOTSTRAP_DL_START,Self-Update,,
7256,,,ACCC_BOOTSTRAP_INSTALL_START,Self-Update,,
7246,,,ACCC_BOOTSTRAP_DL_END,Self-Update,,
7240,PIM_STATUS_DOWNLOAD_CANCELED,PIM_STATUS_DOWNLOAD_SERVER_UNRESPONSIVE,ACCC_BOOTSTRAP_DL_FATAL_ERROR,Fresh,,WAM
6152,PIM_STATUS_DOWNLOAD_ERROR,,ACCC_BOOTSTRAP_DL_FATAL_ERROR,Fresh,,WAM
5435,PIM_STATUS_DOWNLOAD_FILE_HANDLING_ERROR,,ACCC_BOOTSTRAP_DL_FATAL_ERROR,Fresh,,WAM
5079,PIM_STATUS_DOWNLOAD_ERROR,,ACCC_BOOTSTRAP_DL_FATAL_ERROR,Auto-Update,,
4617,PIM_STATUS_DOWNLOAD_CANCELED,,ACCC_BOOTSTRAP_DL_FATAL_ERROR,Fresh,,
4488,PIM_STATUS_DOWNLOAD_CANCELED,PIM_STATUS_DOWNLOAD_NETWORK_UNAVAILABLE,ACCC_BOOTSTRAP_DL_FATAL_ERROR,Fresh,,WAM
3316,PIM_STATUS_DOWNLOAD_ERROR,,ACCC_BOOTSTRAP_PIM_DL_ERROR,Auto-Update,,
3048,PIM_STATUS_ERROR,,ACCC_BOOTSTRAP_INSTALL_FATAL_ERROR,Fresh,,WAM
3007,PIM_STATUS_DOWNLOAD_SERVER_UNRESPONSIVE,,ACCC_BOOTSTRAP_DL_RETRY,Fresh,repair,
2396,PIM_STATUS_DOWNLOAD_CANCELED,,ACCC_BOOTSTRAP_DL_FATAL_ERROR,Self-Update,repair,
1857,PIM_STATUS_DOWNLOAD_EXTRACTION_ERROR,,ACCC_BOOTSTRAP_DL_FATAL_ERROR,Fresh,,WAM
1818,PIM_STATUS_SUCCESS,,ACCC_BOOTSTRAP_DL_RETRY,Update,,WAM
1801,PIM_STATUS_DOWNLOAD_CANCELED,PIM_STATUS_DOWNLOAD_SERVER_UNRESPONSIVE,ACCC_BOOTSTRAP_DL_FATAL_ERROR,Fresh,repair,
1758,PIM_STATUS_DOWNLOAD_SERVER_UNRESPONSIVE,,ACCC_BOOTSTRAP_DL_RETRY,Fresh,,
1555,PIM_STATUS_DOWNLOAD_SERVER_UNRESPONSIVE,,ACCC_BOOTSTRAP_PIM_DL_ERROR,Auto-Update,,
1502,PIM_STATUS_FILE_EXTRACTION_ERROR,,ACCC_BOOTSTRAP_INSTALL_FATAL_ERROR,Fresh,,WAM
1453,PIM_STATUS_DOWNLOAD_ERROR,,ACCC_BOOTSTRAP_DL_FATAL_ERROR,Fresh,repair,
1426,PIM_STATUS_FILE_NOT_FOUND,,ACCC_BOOTSTRAP_INSTALL_FATAL_ERROR,Fresh,,WAM
1408,PIM_STATUS_DOWNLOAD_DOWNLOAD_INVALID_FILE_ERROR,,ACCC_BOOTSTRAP_PIM_DL_ERROR,Auto-Update,,
1334,PIM_STATUS_DOWNLOAD_CANCELED,,ACCC_BOOTSTRAP_DL_FATAL_ERROR,Update,,WAM
1299,PIM_STATUS_DOWNLOAD_FILE_HANDLING_ERROR,,ACCC_BOOTSTRAP_DL_FATAL_ERROR,Auto-Update,,
1255,PIM_STATUS_ERROR,,ACCC_BOOTSTRAP_INSTALL_FATAL_ERROR,Update,,WAM
1229,PIM_STATUS_DOWNLOAD_CANCELED,PIM_STATUS_DOWNLOAD_SERVER_UNRESPONSIVE,ACCC_BOOTSTRAP_DL_FATAL_ERROR,Auto-Update,,
984,PIM_STATUS_DOWNLOAD_SERVER_UNRESPONSIVE,,ACCC_BOOTSTRAP_DL_RETRY,Self-Update,repair,
940,PIM_STATUS_DOWNLOAD_HTTP_INVALID_URL,,ACCC_BOOTSTRAP_DL_FATAL_ERROR,Fresh,,WAM
926,PIM_STATUS_FAILED_TO_BACKUP,,ACCC_BOOTSTRAP_INSTALL_FATAL_ERROR,Self-Update,repair,
907,PIM_STATUS_DOWNLOAD_CANCELED,,ACCC_BOOTSTRAP_DL_FATAL_ERROR,Auto-Update,,
871,PIM_STATUS_DOWNLOAD_SERVER_UNRESPONSIVE,,ACCC_BOOTSTRAP_DL_RETRY,Auto-Update,,
834,PIM_STATUS_INSUFFICIENT_FREE_DISK_SPACE,,ACCC_BOOTSTRAP_INSTALL_FATAL_ERROR,Fresh,,WAM
818,PIM_STATUS_FILE_EXTRACTION_ERROR,,ACCC_BOOTSTRAP_INSTALL_FATAL_ERROR,Fresh,repair,
813,PIM_STATUS_DOWNLOAD_CANCELED,PIM_STATUS_DOWNLOAD_SERVER_UNRESPONSIVE,ACCC_BOOTSTRAP_DL_FATAL_ERROR,Self-Update,repair,
762,PIM_STATUS_DOWNLOAD_CANCELED,,ACCC_BOOTSTRAP_DL_FATAL_ERROR,Self-Update,true,
667,PIM_STATUS_DOWNLOAD_CANCELED,PIM_STATUS_DOWNLOAD_DOWNLOAD_INVALID_FILE_ERROR,ACCC_BOOTSTRAP_DL_FATAL_ERROR,Fresh,,WAM
665,PIM_STATUS_DOWNLOAD_FILE_HANDLING_ERROR,,ACCC_BOOTSTRAP_DL_FATAL_ERROR,Fresh,repair,
650,PIM_STATUS_DOWNLOAD_CANCELED,PIM_STATUS_DOWNLOAD_SERVER_UNRESPONSIVE,ACCC_BOOTSTRAP_DL_FATAL_ERROR,Fresh,,
624,PIM_STATUS_DOWNLOAD_ERROR,,ACCC_BOOTSTRAP_DL_FATAL_ERROR,Fresh,,
571,PIM_STATUS_DOWNLOAD_EXTRACTION_ERROR,,ACCC_BOOTSTRAP_DL_FATAL_ERROR,Auto-Update,,
567,PIM_STATUS_DOWNLOAD_HTTP_INVALID_URL,,ACCC_BOOTSTRAP_DL_FATAL_ERROR,Auto-Update,,
562,PIM_STATUS_FAILED_TO_BACKUP,,ACCC_BOOTSTRAP_INSTALL_FATAL_ERROR,Auto-Update,,
514,PIM_STATUS_DOWNLOAD_ERROR,,ACCC_BOOTSTRAP_DL_FATAL_ERROR,Self-Update,repair,
512,PIM_STATUS_FILE_EXTRACTION_ERROR,,ACCC_BOOTSTRAP_INSTALL_FATAL_ERROR,Fresh,,
503,PIM_STATUS_DOWNLOAD_SERVER_UNRESPONSIVE,,ACCC_BOOTSTRAP_PIM_DL_ERROR,Self-Update,repair,
474,PIM_STATUS_DOWNLOAD_FILE_HANDLING_ERROR,,ACCC_BOOTSTRAP_DL_FATAL_ERROR,Fresh,,
471,PIM_STATUS_DOWNLOAD_NETWORK_UNAVAILABLE,,ACCC_BOOTSTRAP_PIM_DL_ERROR,Auto-Update,,
430,PIM_STATUS_FILE_NOT_FOUND,,ACCC_BOOTSTRAP_INSTALL_FATAL_ERROR,Fresh,repair,
412,PIM_STATUS_FAILED_TO_BACKUP,,ACCC_BOOTSTRAP_INSTALL_FATAL_ERROR,Fresh,,WAM
407,PIM_STATUS_DOWNLOAD_EXTRACTION_ERROR,,ACCC_BOOTSTRAP_DL_FATAL_ERROR,Fresh,repair,
368,PIM_STATUS_DOWNLOAD_ERROR,,ACCC_BOOTSTRAP_DL_FATAL_ERROR,Update,,WAM
368,PIM_STATUS_DOWNLOAD_SERVER_UNRESPONSIVE,,ACCC_BOOTSTRAP_DL_RETRY,Self-Update,true,
368,PIM_STATUS_DOWNLOAD_HTTP_INVALID_URL,,ACCC_BOOTSTRAP_DL_FATAL_ERROR,Fresh,repair,
339,PIM_STATUS_DOWNLOAD_ERROR,,ACCC_BOOTSTRAP_PIM_DL_ERROR,Self-Update,repair,
308,PIM_STATUS_DOWNLOAD_CANCELED,PIM_STATUS_DOWNLOAD_ERROR,ACCC_BOOTSTRAP_DL_FATAL_ERROR,Fresh,,WAM
306,PIM_STATUS_DOWNLOAD_CANCELED,PIM_STATUS_DOWNLOAD_DOWNLOAD_INVALID_FILE_ERROR,ACCC_BOOTSTRAP_DL_FATAL_ERROR,Auto-Update,,
294,PIM_STATUS_DOWNLOAD_FILE_HANDLING_ERROR,,ACCC_BOOTSTRAP_DL_FATAL_ERROR,Self-Update,repair,
280,PIM_STATUS_DOWNLOAD_ERROR,,ACCC_BOOTSTRAP_DL_FATAL_ERROR,Self-Update,true,
273,PIM_STATUS_DOWNLOAD_CANCELED,,ACCC_BOOTSTRAP_DL_FATAL_ERROR,Self-Update,,
270,PIM_STATUS_DOWNLOAD_DOWNLOAD_INVALID_FILE_ERROR,,ACCC_BOOTSTRAP_DL_RETRY,Fresh,repair,
259,PIM_STATUS_FILE_COPY_ERROR,,ACCC_BOOTSTRAP_INSTALL_FATAL_ERROR,Auto-Update,,
238,PIM_STATUS_DOWNLOAD_CANCELED,PIM_STATUS_DOWNLOAD_SERVER_UNRESPONSIVE,ACCC_BOOTSTRAP_DL_FATAL_ERROR,Update,,WAM
236,PIM_STATUS_DOWNLOAD_SERVER_UNRESPONSIVE,,ACCC_BOOTSTRAP_PIM_DL_ERROR,Fresh,,
230,PIM_STATUS_DOWNLOAD_DOWNLOAD_INVALID_FILE_ERROR,,ACCC_BOOTSTRAP_PIM_DL_ERROR,Self-Update,repair,
225,PIM_STATUS_DOWNLOAD_DOWNLOAD_INVALID_FILE_ERROR,,ACCC_BOOTSTRAP_DL_RETRY,Fresh,,
224,PIM_STATUS_DOWNLOAD_FILE_HANDLING_ERROR,,ACCC_BOOTSTRAP_PIM_DL_ERROR,Auto-Update,,
220,PIM_STATUS_FILE_EXTRACTION_ERROR,,ACCC_BOOTSTRAP_INSTALL_FATAL_ERROR,Self-Update,repair,
209,PIM_STATUS_FILE_CORRUPTED_PIMX,,ACCC_BOOTSTRAP_INSTALL_FATAL_ERROR,Fresh,,WAM
206,eCC_HELPER_REMOTE_OBJECT_PROXY_CREATION_FAILED,,ACCC_BOOTSTRAP_HELPER_FAILURE,Self-Update,true,
201,PIM_STATUS_DOWNLOAD_ERROR,,ACCC_BOOTSTRAP_PIM_DL_ERROR,Fresh,,
199,PIM_STATUS_DOWNLOAD_SERVER_UNRESPONSIVE,,ACCC_BOOTSTRAP_DL_FATAL_ERROR,Fresh,,WAM
193,PIM_STATUS_DOWNLOAD_CANCELED,PIM_STATUS_DOWNLOAD_NETWORK_UNAVAILABLE,ACCC_BOOTSTRAP_DL_FATAL_ERROR,Fresh,repair,
187,PIM_STATUS_DOWNLOAD_FILE_HANDLING_ERROR,,ACCC_BOOTSTRAP_DL_FATAL_ERROR,Update,,WAM
183,PIM_STATUS_DOWNLOAD_SERVER_UNRESPONSIVE,,ACCC_BOOTSTRAP_DL_FATAL_ERROR,Fresh,,
179,PIM_STATUS_FILE_NOT_FOUND,,ACCC_BOOTSTRAP_INSTALL_FATAL_ERROR,Fresh,,
176,PIM_STATUS_FILE_NOT_FOUND,,ACCC_BOOTSTRAP_INSTALL_FATAL_ERROR,Auto-Update,,
174,PIM_STATUS_DOWNLOAD_HTTP_INVALID_URL,,ACCC_BOOTSTRAP_DL_FATAL_ERROR,Fresh,,
167,PIM_STATUS_FILE_EXTRACTION_ERROR,,ACCC_BOOTSTRAP_INSTALL_FATAL_ERROR,Auto-Update,,
166,PIM_STATUS_DOWNLOAD_SERVER_UNRESPONSIVE,,ACCC_BOOTSTRAP_DL_RETRY,Self-Update,,
163,PIM_STATUS_DOWNLOAD_EXTRACTION_ERROR,,ACCC_BOOTSTRAP_DL_FATAL_ERROR,Fresh,,
163,PIM_STATUS_INSUFFICIENT_FREE_DISK_SPACE,,ACCC_BOOTSTRAP_INSTALL_FATAL_ERROR,Auto-Update,,
160,PIM_STATUS_ERROR,,ACCC_BOOTSTRAP_INSTALL_FATAL_ERROR,Self-Update,true,
159,PIM_STATUS_DOWNLOAD_ERROR,,ACCC_BOOTSTRAP_DL_RETRY,Fresh,repair,
157,PIM_STATUS_DOWNLOAD_NETWORK_UNAVAILABLE,,ACCC_BOOTSTRAP_PIM_DL_ERROR,Self-Update,repair,
156,PIM_STATUS_DOWNLOAD_HTTP_INVALID_URL,,ACCC_BOOTSTRAP_PIM_DL_ERROR,Auto-Update,,
151,HELPER_BLESS_FAILED,,ACCC_BOOTSTRAP_HELPER_FAILURE,Self-Update,true,
147,PIM_STATUS_DOWNLOAD_DOWNLOAD_INVALID_FILE_ERROR,,ACCC_BOOTSTRAP_DL_RETRY,Auto-Update,,
147,PIM_STATUS_FILE_EXTRACTION_ERROR,,ACCC_BOOTSTRAP_INSTALL_FATAL_ERROR,Update,,WAM
146,PIM_STATUS_DOWNLOAD_CANCELED,PIM_STATUS_DOWNLOAD_DOWNLOAD_INVALID_FILE_ERROR,ACCC_BOOTSTRAP_DL_FATAL_ERROR,Fresh,repair,
140,PIM_STATUS_DOWNLOAD_CANCELED,PIM_STATUS_DOWNLOAD_ERROR,ACCC_BOOTSTRAP_DL_FATAL_ERROR,Auto-Update,,
135,PIM_STATUS_DOWNLOAD_CANCELED,PIM_STATUS_DOWNLOAD_SERVER_UNRESPONSIVE,ACCC_BOOTSTRAP_DL_FATAL_ERROR,Self-Update,true,
135,PIM_STATUS_DOWNLOAD_NETWORK_UNAVAILABLE,,ACCC_BOOTSTRAP_PIM_DL_ERROR,Fresh,,
135,PIM_STATUS_FILE_CREATE_ERROR,,ACCC_BOOTSTRAP_INSTALL_FATAL_ERROR,Fresh,,WAM
132,PIM_STATUS_DOWNLOAD_CANCELED,PIM_STATUS_DOWNLOAD_NETWORK_UNAVAILABLE,ACCC_BOOTSTRAP_DL_FATAL_ERROR,Fresh,,
132,PIM_STATUS_DOWNLOAD_ERROR,,ACCC_BOOTSTRAP_PIM_DL_ERROR,Self-Update,true,
125,PIM_STATUS_DOWNLOAD_DOWNLOAD_INVALID_FILE_ERROR,,ACCC_BOOTSTRAP_DL_RETRY,Self-Update,true,
122,PIM_STATUS_DOWNLOAD_DOWNLOAD_INVALID_FILE_ERROR,,ACCC_BOOTSTRAP_PIM_DL_ERROR,Fresh,,
117,PIM_STATUS_DOWNLOAD_CANCELED,PIM_STATUS_DOWNLOAD_ERROR,ACCC_BOOTSTRAP_DL_FATAL_ERROR,Fresh,repair,
110,PIM_STATUS_DOWNLOAD_CANCELED,PIM_STATUS_DOWNLOAD_DOWNLOAD_INVALID_FILE_ERROR,ACCC_BOOTSTRAP_DL_FATAL_ERROR,Fresh,,
108,PIM_STATUS_ERROR,,ACCC_BOOTSTRAP_INSTALL_FATAL_ERROR,Fresh,repair,
108,PIM_STATUS_DOWNLOAD_ERROR,,ACCC_BOOTSTRAP_DL_RETRY,Auto-Update,,
105,PIM_STATUS_FAILED_TO_BACKUP,,ACCC_BOOTSTRAP_INSTALL_FATAL_ERROR,Update,,WAM
104,PIM_STATUS_DOWNLOAD_SERVER_UNRESPONSIVE,,ACCC_BOOTSTRAP_PIM_DL_ERROR,Self-Update,,
104,PIM_STATUS_DOWNLOAD_ERROR,,ACCC_BOOTSTRAP_DL_FATAL_ERROR,Self-Update,,
101,PIM_STATUS_FILE_EXTRACTION_ERROR,,ACCC_BOOTSTRAP_INSTALL_FATAL_ERROR,Self-Update,true,
97,PIM_STATUS_DOWNLOAD_CANCELED,PIM_STATUS_DOWNLOAD_NETWORK_UNAVAILABLE,ACCC_BOOTSTRAP_DL_FATAL_ERROR,Update,,WAM
96,PIM_STATUS_SUCCESS,,ACCC_BOOTSTRAP_DL_RETRY,Fresh,repair,
96,PIM_STATUS_ERROR,,ACCC_BOOTSTRAP_INSTALL_FATAL_ERROR,Fresh,,
95,PIM_STATUS_FILE_CORRUPTED_PIMX,,ACCC_BOOTSTRAP_INSTALL_FATAL_ERROR,Fresh,repair,
94,PIM_STATUS_FILE_NOT_FOUND,,ACCC_BOOTSTRAP_INSTALL_FATAL_ERROR,Self-Update,repair,
94,PIM_STATUS_DOWNLOAD_PROXY_AUTHENTICATION_REQUIRED,,ACCC_BOOTSTRAP_PIM_DL_ERROR,Auto-Update,,
89,PIM_STATUS_DOWNLOAD_ERROR,,ACCC_BOOTSTRAP_DL_RETRY,Fresh,,
84,PIM_STATUS_DOWNLOAD_OUTPUT_DISK_FULL,,ACCC_BOOTSTRAP_PIM_DL_ERROR,Auto-Update,,
82,PIM_STATUS_DOWNLOAD_DOWNLOAD_INVALID_FILE_ERROR,,ACCC_BOOTSTRAP_DL_RETRY,Self-Update,repair,
81,PIM_STATUS_DOWNLOAD_CANCELED,PIM_STATUS_DOWNLOAD_NETWORK_UNAVAILABLE,ACCC_BOOTSTRAP_DL_FATAL_ERROR,Self-Update,repair,
80,PIM_STATUS_DOWNLOAD_CANCELED,PIM_STATUS_DOWNLOAD_DOWNLOAD_INVALID_FILE_ERROR,ACCC_BOOTSTRAP_DL_FATAL_ERROR,Update,,WAM
80,PIM_STATUS_INSUFFICIENT_FREE_DISK_SPACE,,ACCC_BOOTSTRAP_INSTALL_FATAL_ERROR,Fresh,,
75,PIM_STATUS_FILE_CREATE_ERROR,,ACCC_BOOTSTRAP_INSTALL_FATAL_ERROR,Self-Update,repair,
73,PIM_STATUS_SUCCESS,,ACCC_BOOTSTRAP_DL_RETRY,Fresh,,
73,PIM_STATUS_DOWNLOAD_HTTP_INVALID_URL,,ACCC_BOOTSTRAP_DL_FATAL_ERROR,Self-Update,repair,
73,PIM_STATUS_DOWNLOAD_CANCELED,PIM_STATUS_DOWNLOAD_DOWNLOAD_INVALID_FILE_ERROR,ACCC_BOOTSTRAP_DL_FATAL_ERROR,Self-Update,repair,
71,PIM_STATUS_INSUFFICIENT_FREE_DISK_SPACE,,ACCC_BOOTSTRAP_INSTALL_FATAL_ERROR,Fresh,repair,
71,PIM_STATUS_DOWNLOAD_FILE_HANDLING_ERROR,,ACCC_BOOTSTRAP_PIM_DL_ERROR,Self-Update,repair,
68,PIM_STATUS_PACKAGE_NOT_GENUINE,,ACCC_BOOTSTRAP_DL_FATAL_ERROR,Fresh,,WAM
68,PIM_STATUS_FILE_EXTRACTION_ERROR,,ACCC_BOOTSTRAP_PIM_DL_ERROR,Auto-Update,,
67,PIM_STATUS_DOWNLOAD_HTTP_INVALID_URL,,ACCC_BOOTSTRAP_DL_FATAL_ERROR,Update,,WAM
64,PIM_STATUS_DOWNLOAD_SERVER_UNRESPONSIVE,,ACCC_BOOTSTRAP_PIM_DL_ERROR,Self-Update,true,
59,PIM_STATUS_DOWNLOAD_ERROR,,ACCC_BOOTSTRAP_DL_RETRY,Self-Update,repair,
59,PIM_STATUS_DOWNLOAD_CANCELED,PIM_STATUS_DOWNLOAD_ERROR,ACCC_BOOTSTRAP_DL_FATAL_ERROR,Self-Update,repair,
57,PIM_STATUS_DOWNLOAD_CANCELED,PIM_STATUS_DOWNLOAD_SERVER_UNRESPONSIVE,ACCC_BOOTSTRAP_DL_FATAL_ERROR,Self-Update,,
54,PIM_STATUS_DOWNLOAD_ERROR,,ACCC_BOOTSTRAP_PIM_DL_ERROR,Self-Update,,
53,PIM_STATUS_DOWNLOAD_CANCELED,PIM_STATUS_DOWNLOAD_OUTPUT_DISK_FULL,ACCC_BOOTSTRAP_DL_FATAL_ERROR,Fresh,,WAM
53,PIM_STATUS_DOWNLOAD_DATA_VALIDATION_ERROR,,ACCC_BOOTSTRAP_DL_FATAL_ERROR,Fresh,,WAM
51,PIM_STATUS_FILE_NOT_FOUND,,ACCC_BOOTSTRAP_INSTALL_FATAL_ERROR,Update,,WAM
51,PIM_STATUS_DOWNLOAD_EXTRACTION_ERROR,,ACCC_BOOTSTRAP_DL_FATAL_ERROR,Update,,WAM
51,PIM_STATUS_DOWNLOAD_FILE_HANDLING_ERROR,,ACCC_BOOTSTRAP_DL_FATAL_ERROR,Self-Update,true,
51,PIM_STATUS_DOWNLOAD_HTTP_INVALID_URL,,ACCC_BOOTSTRAP_DL_FATAL_ERROR,Self-Update,true,
50,PIM_STATUS_DOWNLOAD_FILE_HANDLING_ERROR,,ACCC_BOOTSTRAP_PIM_DL_ERROR,Fresh,,
49,PIM_STATUS_FAILED_TO_BACKUP,,ACCC_BOOTSTRAP_INSTALL_FATAL_ERROR,Self-Update,,
49,PIM_STATUS_DOWNLOAD_DOWNLOAD_INVALID_FILE_ERROR,,ACCC_BOOTSTRAP_PIM_DL_ERROR,Self-Update,true,
49,PIM_STATUS_ERROR,,ACCC_BOOTSTRAP_INSTALL_FATAL_ERROR,Self-Update,,
48,PIM_STATUS_DOWNLOAD_CANCELED,PIM_STATUS_DOWNLOAD_DOWNLOAD_INVALID_FILE_ERROR,ACCC_BOOTSTRAP_DL_FATAL_ERROR,Self-Update,true,
44,PIM_STATUS_SUCCESS,,ACCC_BOOTSTRAP_DL_RETRY,Self-Update,repair,
41,PIM_STATUS_FAILED_TO_BACKUP,,ACCC_BOOTSTRAP_INSTALL_FATAL_ERROR,Fresh,repair,
40,PIM_STATUS_ERROR,,ACCC_BOOTSTRAP_INSTALL_FATAL_ERROR,Auto-Update,,
38,PIM_STATUS_DOWNLOAD_EXTRACTION_ERROR,,ACCC_BOOTSTRAP_DL_FATAL_ERROR,Self-Update,repair,
36,PIM_STATUS_FILE_CREATE_ERROR,,ACCC_BOOTSTRAP_INSTALL_FATAL_ERROR,Fresh,,
36,PIM_STATUS_DOWNLOAD_CANCELED,PIM_STATUS_DOWNLOAD_NETWORK_UNAVAILABLE,ACCC_BOOTSTRAP_DL_FATAL_ERROR,Auto-Update,,
35,PIM_STATUS_PACKAGE_NOT_GENUINE,,ACCC_BOOTSTRAP_INSTALL_FATAL_ERROR,Fresh,,WAM
35,PIM_STATUS_FILE_EXTRACTION_ERROR,,ACCC_BOOTSTRAP_INSTALL_FATAL_ERROR,Self-Update,,
34,PIM_STATUS_FILE_CORRUPTED_PIMX,,ACCC_BOOTSTRAP_INSTALL_FATAL_ERROR,Update,,WAM
34,PIM_STATUS_FAILED_TO_BACKUP,,ACCC_BOOTSTRAP_INSTALL_FATAL_ERROR,Self-Update,true,
33,PIM_STATUS_DOWNLOAD_FILE_HANDLING_ERROR,,ACCC_BOOTSTRAP_DL_FATAL_ERROR,Self-Update,,
33,PIM_STATUS_DOWNLOAD_EXTRACTION_ERROR,,ACCC_BOOTSTRAP_DL_FATAL_ERROR,Self-Update,true,
32,PIM_STATUS_ERROR,,ACCC_BOOTSTRAP_INSTALL_FATAL_ERROR,Self-Update,repair,
32,PIM_STATUS_PACKAGE_NOT_GENUINE,,ACCC_BOOTSTRAP_DL_FATAL_ERROR,Fresh,repair,
32,PIM_STATUS_DOWNLOAD_DOWNLOAD_INVALID_FILE_ERROR,,ACCC_BOOTSTRAP_DL_RETRY,Self-Update,,
31,PIM_STATUS_FILE_NOT_FOUND,,ACCC_BOOTSTRAP_INSTALL_FATAL_ERROR,Self-Update,true,
31,PIM_STATUS_FAILED_TO_BACKUP,,ACCC_BOOTSTRAP_INSTALL_FATAL_ERROR,Fresh,,
31,PIM_STATUS_DOWNLOAD_CANCELED,PIM_STATUS_DOWNLOAD_ERROR,ACCC_BOOTSTRAP_DL_FATAL_ERROR,Fresh,,
29,PIM_STATUS_DOWNLOAD_PROXY_AUTHENTICATION_REQUIRED,,ACCC_BOOTSTRAP_DL_RETRY,Fresh,,WAM
27,PIM_STATUS_INSUFFICIENT_FREE_DISK_SPACE,,ACCC_BOOTSTRAP_INSTALL_FATAL_ERROR,Update,,WAM
27,PIM_STATUS_PACKAGE_NOT_GENUINE,,ACCC_BOOTSTRAP_INSTALL_FATAL_ERROR,Fresh,repair,
26,PIM_STATUS_DOWNLOAD_PROXY_AUTHENTICATION_REQUIRED,,ACCC_BOOTSTRAP_DL_RETRY,Auto-Update,,
24,PIM_STATUS_FILE_CORRUPTED_PIMX,,ACCC_BOOTSTRAP_INSTALL_FATAL_ERROR,Self-Update,repair,
22,PIM_STATUS_DOWNLOAD_DOWNLOAD_INVALID_FILE_ERROR,,ACCC_BOOTSTRAP_PIM_DL_ERROR,Self-Update,,
22,PIM_STATUS_FILE_EXTRACTION_ERROR,,ACCC_BOOTSTRAP_PIM_DL_ERROR,Fresh,,
22,PIM_STATUS_DOWNLOAD_NETWORK_UNAVAILABLE,,ACCC_BOOTSTRAP_PIM_DL_ERROR,Self-Update,true,
20,PIM_STATUS_FILE_CORRUPTED_PIMX,,ACCC_BOOTSTRAP_INSTALL_FATAL_ERROR,Fresh,,
20,PIM_STATUS_FILE_EXTRACTION_ERROR,,ACCC_BOOTSTRAP_PIM_DL_ERROR,Self-Update,repair,
20,PIM_STATUS_DOWNLOAD_DOWNLOAD_INVALID_FILE_ERROR,,ACCC_BOOTSTRAP_DL_FATAL_ERROR,Fresh,,WAM
19,PIM_STATUS_DOWNLOAD_CANCELED,PIM_STATUS_DOWNLOAD_NETWORK_UNAVAILABLE,ACCC_BOOTSTRAP_DL_FATAL_ERROR,Self-Update,true,
19,PIM_STATUS_INSUFFICIENT_FREE_DISK_SPACE,,ACCC_BOOTSTRAP_INSTALL_FATAL_ERROR,Self-Update,repair,
18,PIM_STATUS_ACC_FAILED_TO_QUIT,,ACCC_BOOTSTRAP_INSTALL_FATAL_ERROR,Auto-Update,,
18,PIM_STATUS_DOWNLOAD_EXTRACTION_ERROR,,ACCC_BOOTSTRAP_DL_FATAL_ERROR,Self-Update,,
16,PIM_STATUS_SUCCESS,,ACCC_BOOTSTRAP_DL_RETRY,Self-Update,true,
16,eCC_HELPER_REMOTE_OBJECT_PROXY_CREATION_FAILED,,ACCC_BOOTSTRAP_HELPER_FAILURE,Fresh,,
16,PIM_STATUS_DOWNLOAD_DATA_VALIDATION_ERROR,,ACCC_BOOTSTRAP_DL_FATAL_ERROR,Auto-Update,,
15,PIM_STATUS_DOWNLOAD_CANCELED,PIM_STATUS_DOWNLOAD_ERROR,ACCC_BOOTSTRAP_DL_FATAL_ERROR,Update,,WAM
15,PIM_STATUS_DOWNLOAD_NETWORK_UNAVAILABLE,,ACCC_BOOTSTRAP_PIM_DL_ERROR,Self-Update,,
15,PIM_STATUS_FILE_CORRUPTED_PIMX,,ACCC_BOOTSTRAP_INSTALL_FATAL_ERROR,Auto-Update,,
15,PIM_STATUS_INSUFFICIENT_FREE_DISK_SPACE,,ACCC_BOOTSTRAP_INSTALL_FATAL_ERROR,Self-Update,true,
15,PIM_STATUS_DOWNLOAD_ERROR,,ACCC_BOOTSTRAP_DL_RETRY,Self-Update,true,
15,PIM_STATUS_DOWNLOAD_OUTPUT_DISK_FULL,,ACCC_BOOTSTRAP_PIM_DL_ERROR,Self-Update,repair,
14,PIM_STATUS_DOWNLOAD_DOWNLOAD_INVALID_FILE_ERROR,,ACCC_BOOTSTRAP_DL_FATAL_ERROR,Fresh,,
14,PIM_STATUS_DOWNLOAD_ERROR,,ACCC_BOOTSTRAP_DL_RETRY,Self-Update,,
14,HELPER_BLESS_FAILED,,ACCC_BOOTSTRAP_HELPER_FAILURE,Fresh,,
13,PIM_STATUS_PACKAGE_NOT_GENUINE,,ACCC_BOOTSTRAP_DL_FATAL_ERROR,Auto-Update,,
13,PIM_STATUS_FILE_COPY_ERROR,,ACCC_BOOTSTRAP_INSTALL_FATAL_ERROR,Self-Update,,
13,PIM_STATUS_DOWNLOAD_CANCELED,PIM_STATUS_DOWNLOAD_PROXY_AUTHENTICATION_REQUIRED,ACCC_BOOTSTRAP_DL_FATAL_ERROR,Auto-Update,,
12,PIM_STATUS_FILE_CREATE_ERROR,,ACCC_BOOTSTRAP_INSTALL_FATAL_ERROR,Fresh,repair,
12,PIM_STATUS_DOWNLOAD_CANCELED,PIM_STATUS_DOWNLOAD_ERROR,ACCC_BOOTSTRAP_DL_FATAL_ERROR,Self-Update,true,
12,PIM_STATUS_DOWNLOAD_HTTP_INVALID_URL,,ACCC_BOOTSTRAP_DL_FATAL_ERROR,Self-Update,,
12,PIM_STATUS_PACKAGE_NOT_GENUINE,,ACCC_BOOTSTRAP_DL_FATAL_ERROR,Fresh,,
12,PIM_STATUS_DOWNLOAD_HTTP_INVALID_URL,,ACCC_BOOTSTRAP_PIM_DL_ERROR,Self-Update,repair,
11,PIM_STATUS_DOWNLOAD_OUTPUT_DISK_FULL,,ACCC_BOOTSTRAP_PIM_DL_ERROR,Fresh,,
11,PIM_STATUS_INSUFFICIENT_FREE_DISK_SPACE,,ACCC_BOOTSTRAP_INSTALL_FATAL_ERROR,Self-Update,,
11,PIM_STATUS_FILE_CREATE_ERROR,,ACCC_BOOTSTRAP_INSTALL_FATAL_ERROR,Update,,WAM
11,PIM_STATUS_NOTIFIER_CLOSE_ERROR,,ACCC_BOOTSTRAP_INSTALL_FATAL_ERROR,Auto-Update,,
10,PIM_STATUS_FILE_NOT_FOUND,,ACCC_BOOTSTRAP_INSTALL_FATAL_ERROR,Self-Update,,
10,PIM_STATUS_DOWNLOAD_FILE_HANDLING_ERROR,,ACCC_BOOTSTRAP_PIM_DL_ERROR,Self-Update,true,
10,PIM_STATUS_DATABASE_INIT_ERROR,,ACCC_BOOTSTRAP_INSTALL_FATAL_ERROR,Fresh,,WAM
9,PIM_STATUS_DOWNLOAD_CANCELED,PIM_STATUS_DOWNLOAD_DOWNLOAD_INVALID_FILE_ERROR,ACCC_BOOTSTRAP_DL_FATAL_ERROR,Self-Update,,
9,PIM_STATUS_DOWNLOAD_DATA_VALIDATION_ERROR,,ACCC_BOOTSTRAP_DL_FATAL_ERROR,Fresh,repair,
9,PIM_STATUS_DOWNLOAD_CANCELED,PIM_STATUS_DOWNLOAD_NETWORK_UNAVAILABLE,ACCC_BOOTSTRAP_DL_FATAL_ERROR,Self-Update,,
8,PIM_STATUS_PACKAGE_NOT_GENUINE,,ACCC_BOOTSTRAP_INSTALL_FATAL_ERROR,Auto-Update,,
8,PIM_STATUS_DOWNLOAD_CANCELED,PIM_STATUS_DOWNLOAD_OUTPUT_DISK_FULL,ACCC_BOOTSTRAP_DL_FATAL_ERROR,Fresh,,
8,PIM_STATUS_DOWNLOAD_CANCELED,PIM_STATUS_DOWNLOAD_ERROR,ACCC_BOOTSTRAP_DL_FATAL_ERROR,Self-Update,,
7,eCC_HELPER_ACTION_FAILED,,ACCC_BOOTSTRAP_HELPER_FAILURE,Self-Update,true,
7,PIM_STATUS_FILE_CORRUPTED_PIMX,,ACCC_BOOTSTRAP_INSTALL_FATAL_ERROR,Self-Update,true,
6,PIM_STATUS_DOWNLOAD_DATA_VALIDATION_ERROR,,ACCC_BOOTSTRAP_DL_FATAL_ERROR,Update,,WAM
6,PIM_STATUS_FILE_CREATE_ERROR,,ACCC_BOOTSTRAP_INSTALL_FATAL_ERROR,Self-Update,true,
6,PIM_STATUS_PACKAGE_NOT_GENUINE,,ACCC_BOOTSTRAP_DL_FATAL_ERROR,Self-Update,repair,
6,PIM_STATUS_DOWNLOAD_PROXY_AUTHENTICATION_REQUIRED,,ACCC_BOOTSTRAP_PIM_DL_ERROR,Self-Update,,
5,,,ACCC_BOOTSTRAP_INIT_START,Auto-Update,,
5,PIM_STATUS_DOWNLOAD_HTTP_INVALID_URL,,ACCC_BOOTSTRAP_PIM_DL_ERROR,Fresh,,
5,PIM_STATUS_DOWNLOAD_FILE_HANDLING_ERROR,,ACCC_BOOTSTRAP_PIM_DL_ERROR,Self-Update,,
5,PIM_STATUS_DOWNLOAD_OUTPUT_DISK_FULL,,ACCC_BOOTSTRAP_PIM_DL_ERROR,Self-Update,true,
5,PIM_STATUS_DOWNLOAD_DATA_VALIDATION_ERROR,,ACCC_BOOTSTRAP_PIM_DL_ERROR,Auto-Update,,
5,PIM_STATUS_SUCCESS,,ACCC_BOOTSTRAP_DL_RETRY,Self-Update,,
4,PIM_STATUS_DOWNLOAD_DATA_VALIDATION_ERROR,,ACCC_BOOTSTRAP_DL_FATAL_ERROR,Self-Update,repair,
4,PIM_STATUS_FILE_CREATE_ERROR,,ACCC_BOOTSTRAP_INSTALL_FATAL_ERROR,Auto-Update,,
4,PIM_STATUS_DOWNLOAD_OUTPUT_DISK_FULL,,ACCC_BOOTSTRAP_DL_RETRY,Auto-Update,,
4,PIM_STATUS_PACKAGE_NOT_GENUINE,,ACCC_BOOTSTRAP_DL_FATAL_ERROR,Update,,WAM
4,PIM_STATUS_FILE_CORRUPTED_PIMX,,ACCC_BOOTSTRAP_INSTALL_FATAL_ERROR,Self-Update,,
4,PIM_STATUS_PACKAGE_NOT_GENUINE,,ACCC_BOOTSTRAP_INSTALL_FATAL_ERROR,Self-Update,repair,
4,PIM_STATUS_DOWNLOAD_DATA_VALIDATION_ERROR,,ACCC_BOOTSTRAP_DL_FATAL_ERROR,Fresh,,
3,PIM_STATUS_DOWNLOAD_HTTP_INVALID_URL,,ACCC_BOOTSTRAP_PIM_DL_ERROR,Self-Update,,
3,LBS_ERROR_IPC,,ACCC_BOOTSTRAP_INIT_FATAL_ERROR,Auto-Update,,
3,PIM_STATUS_DOWNLOAD_HTTP_INVALID_URL,,ACCC_BOOTSTRAP_PIM_DL_ERROR,Self-Update,true,
3,PIM_STATUS_PACKAGE_NOT_GENUINE,,ACCC_BOOTSTRAP_INSTALL_FATAL_ERROR,Update,,WAM
3,PIM_STATUS_PACKAGE_NOT_GENUINE,,ACCC_BOOTSTRAP_INSTALL_FATAL_ERROR,Fresh,,
3,PIM_STATUS_DOWNLOAD_OUTPUT_DISK_FULL,,ACCC_BOOTSTRAP_DL_RETRY,Fresh,,
3,,,ACCC_BOOTSTRAP_INIT_START,Self-Update,,
3,PIM_STATUS_DOWNLOAD_CANCELED,PIM_STATUS_DOWNLOAD_PROXY_AUTHENTICATION_REQUIRED,ACCC_BOOTSTRAP_DL_FATAL_ERROR,Fresh,,WAM
2,PIM_STATUS_DOWNLOAD_CANCELED,PIM_STATUS_DOWNLOAD_OUTPUT_DISK_FULL,ACCC_BOOTSTRAP_DL_FATAL_ERROR,Self-Update,repair,
2,PIM_STATUS_DOWNLOAD_ERROR,303,ACCC_BOOTSTRAP_DL_FATAL_ERROR,Fresh,repair,
2,PIM_STATUS_DOWNLOAD_OUTPUT_DISK_FULL,,ACCC_BOOTSTRAP_PIM_DL_ERROR,Self-Update,,
2,PIM_STATUS_NOTIFIER_CLOSE_ERROR,,ACCC_BOOTSTRAP_INSTALL_FATAL_ERROR,Fresh,repair,
2,PIM_STATUS_AAMDETECTPLUGIN_LOADED,,ACCC_BOOTSTRAP_INSTALL_FATAL_ERROR,Update,,WAM
2,PIM_STATUS_DOWNLOAD_OUTPUT_DISK_FULL,,ACCC_BOOTSTRAP_DL_FATAL_ERROR,Fresh,,
2,PIM_STATUS_FILE_EXTRACTION_ERROR,,ACCC_BOOTSTRAP_PIM_DL_ERROR,Self-Update,true,
2,PIM_STATUS_FILE_EXTRACTION_ERROR,,ACCC_BOOTSTRAP_PIM_DL_ERROR,Self-Update,,
2,PIM_STATUS_NOTIFIER_CLOSE_ERROR,,ACCC_BOOTSTRAP_INSTALL_FATAL_ERROR,Self-Update,,
2,PIM_STATUS_DATABASE_DELETE_ERROR,,ACCC_BOOTSTRAP_INSTALL_FATAL_ERROR,Self-Update,repair,
2,PIM_STATUS_DOWNLOAD_PROXY_AUTHENTICATION_REQUIRED,,ACCC_BOOTSTRAP_DL_RETRY,Update,,WAM
2,PIM_STATUS_DOWNLOAD_PROXY_AUTHENTICATION_REQUIRED,,ACCC_BOOTSTRAP_PIM_DL_ERROR,Fresh,,
2,PIM_STATUS_DOWNLOAD_OUTPUT_DISK_FULL,,ACCC_BOOTSTRAP_DL_RETRY,Fresh,repair,
2,PIM_STATUS_DOWNLOAD_PROXY_AUTHENTICATION_REQUIRED,,ACCC_BOOTSTRAP_PIM_DL_ERROR,Self-Update,repair,
2,PIM_STATUS_DATABASE_DELETE_ERROR,,ACCC_BOOTSTRAP_INSTALL_FATAL_ERROR,Self-Update,true,
2,PIM_STATUS_DOWNLOAD_OUTPUT_DISK_FULL,,ACCC_BOOTSTRAP_DL_RETRY,Self-Update,true,
2,PIM_STATUS_DATABASE_INIT_ERROR,,ACCC_BOOTSTRAP_INSTALL_FATAL_ERROR,Self-Update,true,
2,PIM_STATUS_DATABASE_INIT_ERROR,,ACCC_BOOTSTRAP_INSTALL_FATAL_ERROR,Self-Update,repair,
2,PIM_STATUS_DOWNLOAD_ERROR,303,ACCC_BOOTSTRAP_DL_FATAL_ERROR,Self-Update,repair,
2,PIM_STATUS_DOWNLOAD_CANCELED,PIM_STATUS_DOWNLOAD_OUTPUT_DISK_FULL,ACCC_BOOTSTRAP_DL_FATAL_ERROR,Self-Update,true,
2,PIM_STATUS_DOWNLOAD_CANCELED,PIM_STATUS_DOWNLOAD_WRITE_PERMISSION,ACCC_BOOTSTRAP_DL_FATAL_ERROR,Fresh,,WAM
2,PIM_STATUS_DOWNLOAD_NETWORK_UNAVAILABLE,,ACCC_BOOTSTRAP_DL_RETRY,Self-Update,repair,
1,PIM_STATUS_DOWNLOAD_SERVER_UNRESPONSIVE,,ACCC_BOOTSTRAP_DL_FATAL_ERROR,Self-Update,,
1,PIM_STATUS_PACKAGE_NOT_GENUINE,,ACCC_BOOTSTRAP_INSTALL_FATAL_ERROR,Self-Update,,
1,PIM_STATUS_NOTIFIER_CLOSE_ERROR,,ACCC_BOOTSTRAP_INSTALL_FATAL_ERROR,Self-Update,true,
1,PIM_STATUS_DOWNLOAD_DOWNLOAD_INVALID_FILE_ERROR,,ACCC_BOOTSTRAP_DL_FATAL_ERROR,Self-Update,,
1,PIM_STATUS_DOWNLOAD_DATA_VALIDATION_ERROR,,ACCC_BOOTSTRAP_PIM_DL_ERROR,Self-Update,repair,
1,PIM_STATUS_DATABASE_DELETE_ERROR,,ACCC_BOOTSTRAP_INSTALL_FATAL_ERROR,Fresh,,WAM
1,PIM_STATUS_NOTIFIER_CLOSE_ERROR,,ACCC_BOOTSTRAP_INSTALL_FATAL_ERROR,Fresh,,WAM
1,PIM_STATUS_PACKAGE_NOT_GENUINE,,ACCC_BOOTSTRAP_INSTALL_FATAL_ERROR,Self-Update,true,
1,PIM_STATUS_DOWNLOAD_CANCELED,PIM_STATUS_DOWNLOAD_PROXY_AUTHENTICATION_REQUIRED,ACCC_BOOTSTRAP_DL_FATAL_ERROR,Self-Update,,
1,PIM_STATUS_AAMDETECTPLUGIN_LOADED,,ACCC_BOOTSTRAP_INSTALL_FATAL_ERROR,Fresh,,WAM
1,PIM_STATUS_DOWNLOAD_WRITE_PERMISSION,,ACCC_BOOTSTRAP_DL_FATAL_ERROR,Fresh,,WAM
1,PIM_STATUS_DOWNLOAD_ERROR,303,ACCC_BOOTSTRAP_DL_FATAL_ERROR,Fresh,,WAM
1,PIM_STATUS_FILE_CREATE_ERROR,,ACCC_BOOTSTRAP_INSTALL_FATAL_ERROR,Self-Update,,
1,PIM_STATUS_NOTIFIER_CLOSE_ERROR,,ACCC_BOOTSTRAP_INSTALL_FATAL_ERROR,Fresh,,
1,PIM_STATUS_DOWNLOAD_CANCELED,PIM_STATUS_DOWNLOAD_OUTPUT_DISK_FULL,ACCC_BOOTSTRAP_DL_FATAL_ERROR,Fresh,repair,
1,1984359760,,ACCC_BOOTSTRAP_PIM_DL_ERROR,Self-Update,repair,
1,PIM_STATUS_DOWNLOAD_PROXY_AUTHENTICATION_REQUIRED,,ACCC_BOOTSTRAP_PIM_DL_ERROR,Self-Update,true,
1,1988947280,,ACCC_BOOTSTRAP_PIM_DL_ERROR,Self-Update,repair,
1,1991568796,,ACCC_BOOTSTRAP_PIM_DL_ERROR,Fresh,,
1,PIM_STATUS_DOWNLOAD_NETWORK_UNAVAILABLE,,ACCC_BOOTSTRAP_DL_RETRY,Self-Update,,
1,PIM_STATUS_NOTIFIER_CLOSE_ERROR,,ACCC_BOOTSTRAP_INSTALL_FATAL_ERROR,Self-Update,repair,
