code,install_mode,selfupdate_mode,source,workflow_count
ACCC_BOOTSTRAP_INIT_START,Auto-Update,,,634
ACCC_BOOTSTRAP_DL_START,Auto-Update,,,587
ACCC_BOOTSTRAP_DL_END,Auto-Update,,,549
ACCC_BOOTSTRAP_INSTALL_START,Auto-Update,,,549
ACCC_BOOTSTRAP_INSTALL_END,Auto-Update,,,537
ACCC_BOOTSTRAP_DL_START,Fresh,,WAM,100
ACCC_BOOTSTRAP_DL_END,Fresh,,WAM,97
ACCC_BOOTSTRAP_INSTALL_START,Fresh,,WAM,96
ACCC_BOOTSTRAP_INSTALL_END,Fresh,,WAM,96
ACCC_BOOTSTRAP_PIM_DL_ERROR,Auto-Update,,,76
ACCC_BOOTSTRAP_DL_START,Self-Update,,,64
ACCC_BOOTSTRAP_INSTALL_START,Self-Update,,,63
ACCC_BOOTSTRAP_ADMINPRIVELEGES,Self-Update,true,,63
ACCC_BOOTSTRAP_DL_END,Self-Update,,,63
ACCC_BOOTSTRAP_INSTALL_END,Self-Update,,,62
ACCC_BOOTSTRAP_INIT_START,Self-Update,,,44
ACCC_BOOTSTRAP_DL_FATAL_ERROR,Auto-Update,,,36
ACCC_BOOTSTRAP_DL_RETRY,Auto-Update,,,29
ACCC_BOOTSTRAP_INSTALL_START,Self-Update,true,,26
ACCC_BOOTSTRAP_DL_END,Update,,WAM,25
ACCC_BOOTSTRAP_DL_END,Self-Update,true,,25
ACCC_BOOTSTRAP_INSTALL_END,Update,,WAM,25
ACCC_BOOTSTRAP_INSTALL_START,Update,,WAM,25
ACCC_BOOTSTRAP_DL_START,Self-Update,true,,25
ACCC_BOOTSTRAP_DL_START,Update,,WAM,25
ACCC_BOOTSTRAP_INSTALL_END,Self-Update,true,,24
ACCC_BOOTSTRAP_DL_START,Fresh,,,20
ACCC_BOOTSTRAP_INSTALL_END,Fresh,,,19
ACCC_BOOTSTRAP_DL_END,Fresh,,,19
ACCC_BOOTSTRAP_INSTALL_START,Fresh,,,19
ACCC_BOOTSTRAP_ADMINPRIVELEGES,Fresh,,,12
ACCC_BOOTSTRAP_DL_RETRY,Fresh,,WAM,7
ACCC_BOOTSTRAP_INIT_FATAL_ERROR,Auto-Update,,,6
ACCC_BOOTSTRAP_INSTALL_FATAL_ERROR,Auto-Update,,,5
ACCC_BOOTSTRAP_HELPER_FAILURE,Self-Update,true,,4
ACCC_BOOTSTRAP_DL_FATAL_ERROR,Fresh,,WAM,4
ACCC_BOOTSTRAP_DL_RETRY,Self-Update,true,,2
ACCC_BOOTSTRAP_PIM_DL_ERROR,Self-Update,,,2
ACCC_BOOTSTRAP_INIT_FATAL_ERROR,Self-Update,,,2
ACCC_BOOTSTRAP_PIM_DL_ERROR,Fresh,,,1
