workflow_count,errorcode,errorsubcode,code,install_mode,selfupdate_mode,source
468,,,ACCC_BOOTSTRAP_INIT_START,Auto-Update,,
457,,,ACCC_BOOTSTRAP_DL_START,Auto-Update,,
432,,,ACCC_BOOTSTRAP_DL_END,Auto-Update,,
432,,,ACCC_BOOTSTRAP_INSTALL_START,Auto-Update,,
423,,,ACCC_BOOTSTRAP_INSTALL_END,Auto-Update,,
216,,,ACCC_BOOTSTRAP_DL_START,Fresh,,WAM
211,,,ACCC_BOOTSTRAP_INSTALL_START,Fresh,,WAM
210,,,ACCC_BOOTSTRAP_DL_END,Fresh,,WAM
204,,,ACCC_BOOTSTRAP_INSTALL_END,Fresh,,WAM
106,,,ACCC_BOOTSTRAP_DL_END,Fresh,,
106,,,ACCC_BOOTSTRAP_DL_START,Fresh,,
106,,,ACCC_BOOTSTRAP_INSTALL_START,Fresh,,
105,,,ACCC_BOOTSTRAP_INSTALL_END,Fresh,,
71,,,ACCC_BOOTSTRAP_DL_START,Self-Update,,
66,,,ACCC_BOOTSTRAP_INSTALL_START,Self-Update,,
66,,,ACCC_BOOTSTRAP_DL_END,Self-Update,,
66,,,ACCC_BOOTSTRAP_INSTALL_END,Self-Update,,
62,,,ACCC_BOOTSTRAP_INIT_START,Self-Update,,
49,,,ACCC_BOOTSTRAP_ADMINPRIVELEGES,Fresh,,
40,PIM_STATUS_DOWNLOAD_NETWORK_UNAVAILABLE,,ACCC_BOOTSTRAP_PIM_DL_ERROR,Auto-Update,,
37,,,ACCC_BOOTSTRAP_INSTALL_END,Update,,WAM
36,,,ACCC_BOOTSTRAP_DL_START,Update,,WAM
36,,,ACCC_BOOTSTRAP_INSTALL_START,Update,,WAM
36,,,ACCC_BOOTSTRAP_ADMINPRIVELEGES,Self-Update,true,
36,,,ACCC_BOOTSTRAP_DL_END,Update,,WAM
26,PIM_STATUS_DOWNLOAD_SERVER_UNRESPONSIVE,,ACCC_BOOTSTRAP_PIM_DL_ERROR,Auto-Update,,
24,PIM_STATUS_DOWNLOAD_SERVER_UNRESPONSIVE,,ACCC_BOOTSTRAP_DL_RETRY,Auto-Update,,
21,PIM_STATUS_DOWNLOAD_CANCELED,,ACCC_BOOTSTRAP_DL_FATAL_ERROR,Auto-Update,,
20,,,ACCC_BOOTSTRAP_DL_END,Self-Update,true,
20,,,ACCC_BOOTSTRAP_INSTALL_END,Self-Update,true,
20,,,ACCC_BOOTSTRAP_DL_START,Self-Update,true,
20,,,ACCC_BOOTSTRAP_INSTALL_START,Self-Update,true,
6,PIM_STATUS_DOWNLOAD_ERROR,,ACCC_BOOTSTRAP_DL_FATAL_ERROR,Auto-Update,,
5,PIM_STATUS_DOWNLOAD_CANCELED,PIM_STATUS_DOWNLOAD_NETWORK_UNAVAILABLE,ACCC_BOOTSTRAP_DL_FATAL_ERROR,Auto-Update,,
5,PIM_STATUS_DOWNLOAD_CANCELED,PIM_STATUS_DOWNLOAD_SERVER_UNRESPONSIVE,ACCC_BOOTSTRAP_DL_FATAL_ERROR,Auto-Update,,
5,PIM_STATUS_DOWNLOAD_SERVER_UNRESPONSIVE,,ACCC_BOOTSTRAP_DL_RETRY,Self-Update,,
3,PIM_STATUS_FAILED_TO_BACKUP,,ACCC_BOOTSTRAP_INSTALL_FATAL_ERROR,Auto-Update,,
3,LBS_ERROR_IPC,,ACCC_BOOTSTRAP_INIT_FATAL_ERROR,Auto-Update,,
2,PIM_STATUS_DOWNLOAD_ERROR,,ACCC_BOOTSTRAP_DL_FATAL_ERROR,Self-Update,,
2,PIM_STATUS_DOWNLOAD_ERROR,,ACCC_BOOTSTRAP_DL_RETRY,Self-Update,,
2,PIM_STATUS_DOWNLOAD_HTTP_INVALID_URL,,ACCC_BOOTSTRAP_DL_FATAL_ERROR,Self-Update,,
1,LBS_ERROR_ADMIN_PRIVILEDGE_REQUIRED,,ACCC_BOOTSTRAP_INIT_FATAL_ERROR,Auto-Update,,
1,PIM_STATUS_INSUFFICIENT_FREE_DISK_SPACE,,ACCC_BOOTSTRAP_INSTALL_FATAL_ERROR,Auto-Update,,
1,PIM_STATUS_DOWNLOAD_HTTP_INVALID_URL,,ACCC_BOOTSTRAP_DL_FATAL_ERROR,Auto-Update,,
1,PIM_STATUS_DOWNLOAD_SERVER_UNRESPONSIVE,,ACCC_BOOTSTRAP_PIM_DL_ERROR,Self-Update,,
1,PIM_STATUS_DOWNLOAD_CANCELED,,ACCC_BOOTSTRAP_DL_FATAL_ERROR,Self-Update,,
1,LBS_ERROR_IPC,,ACCC_BOOTSTRAP_INIT_FATAL_ERROR,Self-Update,,
1,PIM_STATUS_DOWNLOAD_ERROR,,ACCC_BOOTSTRAP_DL_RETRY,Auto-Update,,
1,PIM_STATUS_ACC_FAILED_TO_QUIT,,ACCC_BOOTSTRAP_INSTALL_FATAL_ERROR,Auto-Update,,
1,,,ACCC_BOOTSTRAP_ADMINPRIVELEGES,Self-Update,,
1,PIM_STATUS_DOWNLOAD_CANCELED,PIM_STATUS_DOWNLOAD_SERVER_UNRESPONSIVE,ACCC_BOOTSTRAP_DL_FATAL_ERROR,Self-Update,,
1,PIM_STATUS_FAILED_TO_BACKUP,,ACCC_BOOTSTRAP_INSTALL_FATAL_ERROR,Self-Update,,
1,eCC_HELPER_REMOTE_OBJECT_PROXY_CREATION_FAILED,,ACCC_BOOTSTRAP_HELPER_FAILURE,Self-Update,true,
1,PIM_STATUS_DOWNLOAD_HTTP_INVALID_URL,,ACCC_BOOTSTRAP_DL_FATAL_ERROR,Fresh,,WAM
1,PIM_STATUS_SUCCESS,,ACCC_BOOTSTRAP_DL_RETRY,Fresh,,WAM
1,PIM_STATUS_DOWNLOAD_CANCELED,,ACCC_BOOTSTRAP_DL_FATAL_ERROR,Fresh,,WAM
1,PIM_STATUS_DOWNLOAD_NETWORK_UNAVAILABLE,,ACCC_BOOTSTRAP_PIM_DL_ERROR,Self-Update,,
