workflow_count,errorcode,event_type
65,PIM_STATUS_DOWNLOAD_NETWORK_UNAVAILABLE,ACCC_BOOTSTRAP_PIM_DL_ERROR
34,PIM_STATUS_DOWNLOAD_CANCELED,ACCC_BOOTSTRAP_DL_FATAL_ERROR
31,PIM_STATUS_DOWNLOAD_SERVER_UNRESPONSIVE,ACCC_BOOTSTRAP_DL_RETRY
22,PIM_STATUS_DOWNLOAD_SERVER_UNRESPONSIVE,ACCC_BOOTSTRAP_PIM_DL_ERROR
7,PIM_STATUS_SUCCESS,ACCC_BOOTSTRAP_DL_RETRY
7,PIM_STATUS_DOWNLOAD_ERROR,ACCC_BOOTSTRAP_DL_FATAL_ERROR
4,PIM_STATUS_FAILED_TO_BACKUP,ACCC_BOOTSTRAP_INSTALL_FATAL_ERROR
4,LBS_ERROR_IPC,ACCC_BOOTSTRAP_INIT_FATAL_ERROR
4,eCC_HELPER_REMOTE_OBJECT_PROXY_CREATION_FAILED,ACCC_BOOTSTRAP_HELPER_FAILURE
3,PIM_STATUS_DOWNLOAD_ERROR,ACCC_BOOTSTRAP_PIM_DL_ERROR
3,LBS_ERROR_ADMIN_PRIVILEDGE_REQUIRED,ACCC_BOOTSTRAP_INIT_FATAL_ERROR
1,PIM_STATUS_DOWNLOAD_DATA_VALIDATION_ERROR,ACCC_BOOTSTRAP_DL_FATAL_ERROR
1,PIM_STATUS_INSUFFICIENT_FREE_DISK_SPACE,ACCC_BOOTSTRAP_INSTALL_FATAL_ERROR
1,HELPER_BLESS_FAILED,ACCC_BOOTSTRAP_HELPER_FAILURE
1,LBS_ERROR_LAUNCH_FAILED,ACCC_BOOTSTRAP_INIT_FATAL_ERROR
1,PIM_STATUS_DOWNLOAD_HTTP_INVALID_URL,ACCC_BOOTSTRAP_DL_FATAL_ERROR
