workflow_count,errorcode,event_type
49,PIM_STATUS_DOWNLOAD_NETWORK_UNAVAILABLE,ACCC_BOOTSTRAP_PIM_DL_ERROR
33,PIM_STATUS_DOWNLOAD_CANCELED,ACCC_BOOTSTRAP_DL_FATAL_ERROR
31,PIM_STATUS_DOWNLOAD_SERVER_UNRESPONSIVE,ACCC_BOOTSTRAP_PIM_DL_ERROR
25,PIM_STATUS_DOWNLOAD_SERVER_UNRESPONSIVE,ACCC_BOOTSTRAP_DL_RETRY
15,PIM_STATUS_DOWNLOAD_ERROR,ACCC_BOOTSTRAP_DL_FATAL_ERROR
7,LBS_ERROR_IPC,ACCC_BOOTSTRAP_INIT_FATAL_ERROR
4,PIM_STATUS_FAILED_TO_BACKUP,ACCC_BOOTSTRAP_INSTALL_FATAL_ERROR
4,PIM_STATUS_SUCCESS,ACCC_BOOTSTRAP_DL_RETRY
2,PIM_STATUS_INSUFFICIENT_FREE_DISK_SPACE,ACCC_BOOTSTRAP_INSTALL_FATAL_ERROR
1,PIM_STATUS_FILE_COPY_ERROR,ACCC_BOOTSTRAP_INSTALL_FATAL_ERROR
1,LBS_ERROR_ADMIN_PRIVILEDGE_REQUIRED,ACCC_BOOTSTRAP_INIT_FATAL_ERROR
1,PIM_STATUS_DOWNLOAD_ERROR,ACCC_BOOTSTRAP_PIM_DL_ERROR
