workflow_count,errorcode,errorsubcode,code,install_mode,selfupdate_mode,source
634,,,ACCC_BOOTSTRAP_INIT_START,Auto-Update,,
587,,,ACCC_BOOTSTRAP_DL_START,Auto-Update,,
549,,,ACCC_BOOTSTRAP_DL_END,Auto-Update,,
549,,,ACCC_BOOTSTRAP_INSTALL_START,Auto-Update,,
537,,,ACCC_BOOTSTRAP_INSTALL_END,Auto-Update,,
100,,,ACCC_BOOTSTRAP_DL_START,Fresh,,WAM
97,,,ACCC_BOOTSTRAP_DL_END,Fresh,,WAM
96,,,ACCC_BOOTSTRAP_INSTALL_START,Fresh,,WAM
96,,,ACCC_BOOTSTRAP_INSTALL_END,Fresh,,WAM
64,,,ACCC_BOOTSTRAP_DL_START,Self-Update,,
63,,,ACCC_BOOTSTRAP_DL_END,Self-Update,,
63,,,ACCC_BOOTSTRAP_INSTALL_START,Self-Update,,
63,,,ACCC_BOOTSTRAP_ADMINPRIVELEGES,Self-Update,true,
62,,,ACCC_BOOTSTRAP_INSTALL_END,Self-Update,,
62,PIM_STATUS_DOWNLOAD_NETWORK_UNAVAILABLE,,ACCC_BOOTSTRAP_PIM_DL_ERROR,Auto-Update,,
44,,,ACCC_BOOTSTRAP_INIT_START,Self-Update,,
29,PIM_STATUS_DOWNLOAD_SERVER_UNRESPONSIVE,,ACCC_BOOTSTRAP_DL_RETRY,Auto-Update,,
27,PIM_STATUS_DOWNLOAD_CANCELED,,ACCC_BOOTSTRAP_DL_FATAL_ERROR,Auto-Update,,
26,,,ACCC_BOOTSTRAP_INSTALL_START,Self-Update,true,
25,,,ACCC_BOOTSTRAP_DL_START,Update,,WAM
25,,,ACCC_BOOTSTRAP_DL_END,Self-Update,true,
25,,,ACCC_BOOTSTRAP_INSTALL_START,Update,,WAM
25,,,ACCC_BOOTSTRAP_INSTALL_END,Update,,WAM
25,,,ACCC_BOOTSTRAP_DL_START,Self-Update,true,
25,,,ACCC_BOOTSTRAP_DL_END,Update,,WAM
24,,,ACCC_BOOTSTRAP_INSTALL_END,Self-Update,true,
21,PIM_STATUS_DOWNLOAD_SERVER_UNRESPONSIVE,,ACCC_BOOTSTRAP_PIM_DL_ERROR,Auto-Update,,
20,,,ACCC_BOOTSTRAP_DL_START,Fresh,,
19,,,ACCC_BOOTSTRAP_INSTALL_END,Fresh,,
19,,,ACCC_BOOTSTRAP_DL_END,Fresh,,
19,,,ACCC_BOOTSTRAP_INSTALL_START,Fresh,,
12,,,ACCC_BOOTSTRAP_ADMINPRIVELEGES,Fresh,,
7,PIM_STATUS_SUCCESS,,ACCC_BOOTSTRAP_DL_RETRY,Fresh,,WAM
5,PIM_STATUS_DOWNLOAD_CANCELED,PIM_STATUS_DOWNLOAD_NETWORK_UNAVAILABLE,ACCC_BOOTSTRAP_DL_FATAL_ERROR,Auto-Update,,
5,PIM_STATUS_DOWNLOAD_ERROR,,ACCC_BOOTSTRAP_DL_FATAL_ERROR,Auto-Update,,
4,eCC_HELPER_REMOTE_OBJECT_PROXY_CREATION_FAILED,,ACCC_BOOTSTRAP_HELPER_FAILURE,Self-Update,true,
4,PIM_STATUS_FAILED_TO_BACKUP,,ACCC_BOOTSTRAP_INSTALL_FATAL_ERROR,Auto-Update,,
4,PIM_STATUS_DOWNLOAD_CANCELED,PIM_STATUS_DOWNLOAD_SERVER_UNRESPONSIVE,ACCC_BOOTSTRAP_DL_FATAL_ERROR,Auto-Update,,
4,LBS_ERROR_IPC,,ACCC_BOOTSTRAP_INIT_FATAL_ERROR,Auto-Update,,
3,PIM_STATUS_DOWNLOAD_ERROR,,ACCC_BOOTSTRAP_PIM_DL_ERROR,Auto-Update,,
2,PIM_STATUS_DOWNLOAD_NETWORK_UNAVAILABLE,,ACCC_BOOTSTRAP_PIM_DL_ERROR,Self-Update,,
2,PIM_STATUS_DOWNLOAD_SERVER_UNRESPONSIVE,,ACCC_BOOTSTRAP_DL_RETRY,Self-Update,true,
2,LBS_ERROR_ADMIN_PRIVILEDGE_REQUIRED,,ACCC_BOOTSTRAP_INIT_FATAL_ERROR,Self-Update,,
2,PIM_STATUS_DOWNLOAD_ERROR,,ACCC_BOOTSTRAP_DL_FATAL_ERROR,Fresh,,WAM
1,PIM_STATUS_DOWNLOAD_SERVER_UNRESPONSIVE,,ACCC_BOOTSTRAP_PIM_DL_ERROR,Self-Update,,
1,PIM_STATUS_DOWNLOAD_CANCELED,PIM_STATUS_DOWNLOAD_SERVER_UNRESPONSIVE,ACCC_BOOTSTRAP_DL_FATAL_ERROR,Fresh,,WAM
1,PIM_STATUS_DOWNLOAD_DATA_VALIDATION_ERROR,,ACCC_BOOTSTRAP_DL_FATAL_ERROR,Fresh,,WAM
1,PIM_STATUS_DOWNLOAD_CANCELED,,ACCC_BOOTSTRAP_DL_FATAL_ERROR,Fresh,,WAM
1,PIM_STATUS_DOWNLOAD_HTTP_INVALID_URL,,ACCC_BOOTSTRAP_DL_FATAL_ERROR,Fresh,,WAM
1,HELPER_BLESS_FAILED,,ACCC_BOOTSTRAP_HELPER_FAILURE,Self-Update,true,
1,LBS_ERROR_LAUNCH_FAILED,,ACCC_BOOTSTRAP_INIT_FATAL_ERROR,Auto-Update,,
1,PIM_STATUS_DOWNLOAD_CANCELED,PIM_STATUS_DOWNLOAD_ERROR,ACCC_BOOTSTRAP_DL_FATAL_ERROR,Fresh,,WAM
1,LBS_ERROR_ADMIN_PRIVILEDGE_REQUIRED,,ACCC_BOOTSTRAP_INIT_FATAL_ERROR,Auto-Update,,
1,PIM_STATUS_INSUFFICIENT_FREE_DISK_SPACE,,ACCC_BOOTSTRAP_INSTALL_FATAL_ERROR,Auto-Update,,
1,PIM_STATUS_DOWNLOAD_NETWORK_UNAVAILABLE,,ACCC_BOOTSTRAP_PIM_DL_ERROR,Fresh,,
