code,install_mode,selfupdate_mode,source,workflow_count
ACCC_BOOTSTRAP_DL_START,Fresh,,WAM,892609
ACCC_BOOTSTRAP_INSTALL_START,Fresh,,WAM,826321
ACCC_BOOTSTRAP_DL_END,Fresh,,WAM,825556
ACCC_BOOTSTRAP_INSTALL_END,Fresh,,WAM,790195
ACCC_BOOTSTRAP_ADMINPRIVELEGES,Self-Update,true,,181052
ACCC_BOOTSTRAP_DL_START,Auto-Update,,,161110
ACCC_BOOTSTRAP_DL_START,Fresh,repair,,158917
ACCC_BOOTSTRAP_INSTALL_START,Fresh,repair,,141371
ACCC_BOOTSTRAP_DL_END,Fresh,repair,,141135
ACCC_BOOTSTRAP_INSTALL_END,Fresh,repair,,137825
ACCC_BOOTSTRAP_INSTALL_START,Auto-Update,,,133009
ACCC_BOOTSTRAP_DL_END,Auto-Update,,,132798
ACCC_BOOTSTRAP_INSTALL_END,Auto-Update,,,127108
ACCC_BOOTSTRAP_DL_FATAL_ERROR,Fresh,,WAM,75595
ACCC_BOOTSTRAP_DL_START,Fresh,,,68841
ACCC_BOOTSTRAP_INSTALL_START,Fresh,,,61235
ACCC_BOOTSTRAP_DL_END,Fresh,,,61156
ACCC_BOOTSTRAP_ADMINPRIVELEGES,Fresh,,,57233
ACCC_BOOTSTRAP_INSTALL_END,Fresh,,,55381
ACCC_BOOTSTRAP_DL_START,Update,,WAM,53394
ACCC_BOOTSTRAP_INSTALL_START,Update,,WAM,51310
ACCC_BOOTSTRAP_DL_END,Update,,WAM,51257
ACCC_BOOTSTRAP_INSTALL_END,Update,,WAM,49326
ACCC_BOOTSTRAP_DL_RETRY,Fresh,,WAM,46812
ACCC_BOOTSTRAP_DL_START,Self-Update,repair,,36980
ACCC_BOOTSTRAP_INSTALL_START,Self-Update,repair,,31074
ACCC_BOOTSTRAP_DL_END,Self-Update,repair,,30952
ACCC_BOOTSTRAP_INSTALL_END,Self-Update,repair,,28964
ACCC_BOOTSTRAP_DL_FATAL_ERROR,Fresh,repair,,14658
ACCC_BOOTSTRAP_DL_START,Self-Update,true,,14510
ACCC_BOOTSTRAP_ADMINPRIVELEGES,Self-Update,,,13452
ACCC_BOOTSTRAP_INSTALL_START,Self-Update,true,,13082
ACCC_BOOTSTRAP_DL_END,Self-Update,true,,13067
ACCC_BOOTSTRAP_INSTALL_END,Self-Update,true,,12548
ACCC_BOOTSTRAP_DL_FATAL_ERROR,Auto-Update,,,9715
ACCC_BOOTSTRAP_INSTALL_END,Self-Update,,,9216
ACCC_BOOTSTRAP_DL_START,Self-Update,,,8037
ACCC_BOOTSTRAP_INSTALL_FATAL_ERROR,Fresh,,WAM,7356
ACCC_BOOTSTRAP_INSTALL_START,Self-Update,,,7243
ACCC_BOOTSTRAP_DL_END,Self-Update,,,7232
ACCC_BOOTSTRAP_PIM_DL_ERROR,Auto-Update,,,7223
ACCC_BOOTSTRAP_DL_FATAL_ERROR,Fresh,,,6807
ACCC_BOOTSTRAP_DL_FATAL_ERROR,Self-Update,repair,,4334
ACCC_BOOTSTRAP_DL_RETRY,Fresh,repair,,3462
ACCC_BOOTSTRAP_DL_FATAL_ERROR,Update,,WAM,2305
ACCC_BOOTSTRAP_DL_RETRY,Fresh,,,2077
ACCC_BOOTSTRAP_DL_RETRY,Update,,WAM,1815
ACCC_BOOTSTRAP_INSTALL_FATAL_ERROR,Update,,WAM,1597
ACCC_BOOTSTRAP_INSTALL_FATAL_ERROR,Fresh,repair,,1594
ACCC_BOOTSTRAP_INSTALL_FATAL_ERROR,Auto-Update,,,1413
ACCC_BOOTSTRAP_INSTALL_FATAL_ERROR,Self-Update,repair,,1392
ACCC_BOOTSTRAP_PIM_DL_ERROR,Self-Update,repair,,1342
ACCC_BOOTSTRAP_DL_FATAL_ERROR,Self-Update,true,,1331
ACCC_BOOTSTRAP_DL_RETRY,Self-Update,repair,,1148
ACCC_BOOTSTRAP_DL_RETRY,Auto-Update,,,1133
ACCC_BOOTSTRAP_INSTALL_FATAL_ERROR,Fresh,,,938
ACCC_BOOTSTRAP_PIM_DL_ERROR,Fresh,,,762
ACCC_BOOTSTRAP_DL_RETRY,Self-Update,true,,511
ACCC_BOOTSTRAP_DL_FATAL_ERROR,Self-Update,,,507
ACCC_BOOTSTRAP_HELPER_FAILURE,Self-Update,true,,363
ACCC_BOOTSTRAP_INSTALL_FATAL_ERROR,Self-Update,true,,354
ACCC_BOOTSTRAP_PIM_DL_ERROR,Self-Update,true,,284
ACCC_BOOTSTRAP_PIM_DL_ERROR,Self-Update,,,213
ACCC_BOOTSTRAP_DL_RETRY,Self-Update,,,209
ACCC_BOOTSTRAP_INSTALL_FATAL_ERROR,Self-Update,,,171
ACCC_BOOTSTRAP_HELPER_FAILURE,Fresh,,,30
ACCC_BOOTSTRAP_INIT_START,Auto-Update,,,5
ACCC_BOOTSTRAP_INIT_FATAL_ERROR,Auto-Update,,,3
ACCC_BOOTSTRAP_INIT_START,Self-Update,,,3
