product,errorcode,errortype,ecount
AICY,301,GenericError,5
ACR,301,GenericError,4
PHSP,305,GenericError,3
SPRK,305,GenericError,3
PHSP,301,GenericError,3
IDSN,301,GenericError,3
ILST,108,GenericError,2
FLPR,305,GenericError,2
DRWV,183,GenericError,2
AUDT,305,GenericError,2
FLPR,190,GenericError,2
AEFT,301,GenericError,2
KBRG,305,GenericError,2
KBRG,301,GenericError,2
ILST,183,GenericError,2
FLPR,301,GenericError,2
LTRM,303,GenericError,1
AUDT,190,GenericError,1
CHAR,190,GenericError,1
IDSN,108,GenericError,1
LTRM,119,GenericError,1
RUSH,108,GenericError,1
AICY,190,GenericError,1
LTRM,301,GenericError,1
ILST,125,GenericError,1
LRCC,301,GenericError,1
IDSN,190,GenericError,1
PHSP,113,GenericError,1
KBRG,125,GenericError,1
LTRM,190,GenericError,1
DRWV,301,GenericError,1
ACR,125,GenericError,1
CHAR,145,GenericError,1
LRCC,305,GenericError,1
ILST,,DownloadError,1
AICY,108,GenericError,1
DRWV,305,GenericError,1
IDSN,,DownloadError,1
ACR,108,GenericError,1
ILST,301,GenericError,1
ACR,,DownloadError,1
PPRO,190,GenericError,1
PHSP,146,GenericError,1
DRWV,113,GenericError,1
LTRM,305,GenericError,1
PHSP,127,ExtractionError,0
AUDT,108,GenericError,0
