product,errorcode,ecount
LIBS,118,40
LIBS,302,34
PHSP,133,20
PHSP,118,16
ILST,118,14
PHSP,302,11
AME,133,11
IDSN,118,10
ILST,133,8
PPRO,118,8
AME,118,6
IDSN,133,5
LTRM,133,5
DRWV,118,5
LRCC,118,5
LRCC,189,4
KBRG,118,4
SPRK,302,4
LTRM,118,4
KBRG,133,4
AICY,189,4
AEFT,133,4
IDSN,189,3
ESHR,133,3
CHAR,118,3
FLPR,133,3
FLPR,189,3
DRWV,302,3
ESHR,118,3
AEFT,118,2
LRCC,133,2
FLPR,118,2
ESHR,189,2
PPRO,133,2
ILST,189,2
ILST,302,2
SPRK,118,2
RUSH,118,2
PHSP,189,2
RUSH,133,2
KBRG,189,2
AUDT,118,1
PPRO,302,1
LTRM,120,1
DRWV,133,1
PHSP,120,1
PRLD,118,1
AICY,302,1
PRLD,133,1
CHAR,133,1
AUDT,302,1
AUDT,133,1
AICY,133,1
FLPR,302,1
AEFT,302,1
AUDT,189,1
AICY,118,1
AME,189,1
RUSH,302,1
KBRG,302,1
LTRM,302,1
AEFT,189,1
RUSH,189,1
