workflow_count,errorcode,event_type
555507,PIM_STATUS_DOWNLOAD_CANCELED,ACCC_BOOTSTRAP_DL_FATAL_ERROR
270499,PIM_STATUS_SUCCESS,ACCC_BOOTSTRAP_DL_RETRY
215050,PIM_STATUS_DOWNLOAD_ERROR,ACCC_BOOTSTRAP_DL_FATAL_ERROR
163312,LBS_ERROR_IPC,ACCC_BOOTSTRAP_INIT_FATAL_ERROR
155212,eCC_HELPER_REMOTE_OBJECT_PROXY_CREATION_FAILED,ACCC_BOOTSTRAP_HELPER_FAILURE
150214,LBS_ERROR_ADMIN_PRIVILEDGE_REQUIRED,ACCC_BOOTSTRAP_INIT_FATAL_ERROR
124470,PIM_STATUS_DOWNLOAD_SERVER_UNRESPONSIVE,ACCC_BOOTSTRAP_DL_RETRY
90761,PIM_STATUS_FILE_COPY_ERROR,ACCC_BOOTSTRAP_INSTALL_FATAL_ERROR
75502,PIM_STATUS_DOWNLOAD_FILE_HANDLING_ERROR,ACCC_BOOTSTRAP_DL_FATAL_ERROR
69668,PIM_STATUS_FAILED_TO_BACKUP,ACCC_BOOTSTRAP_INSTALL_FATAL_ERROR
49641,PIM_STATUS_DOWNLOAD_EXTRACTION_ERROR,ACCC_BOOTSTRAP_DL_FATAL_ERROR
35385,PIM_STATUS_DOWNLOAD_ERROR,ACCC_BOOTSTRAP_PIM_DL_ERROR
33809,PIM_STATUS_FILE_NOT_FOUND,ACCC_BOOTSTRAP_INSTALL_FATAL_ERROR
28606,PIM_STATUS_DOWNLOAD_SERVER_UNRESPONSIVE,ACCC_BOOTSTRAP_PIM_DL_ERROR
26471,PIM_STATUS_FILE_EXTRACTION_ERROR,ACCC_BOOTSTRAP_INSTALL_FATAL_ERROR
22051,PIM_STATUS_INSUFFICIENT_FREE_DISK_SPACE,ACCC_BOOTSTRAP_INSTALL_FATAL_ERROR
19140,PIM_STATUS_ERROR,ACCC_BOOTSTRAP_INSTALL_FATAL_ERROR
18172,PIM_STATUS_DOWNLOAD_HTTP_INVALID_URL,ACCC_BOOTSTRAP_DL_FATAL_ERROR
13645,PIM_STATUS_DOWNLOAD_DOWNLOAD_INVALID_FILE_ERROR,ACCC_BOOTSTRAP_PIM_DL_ERROR
12956,PIM_STATUS_DOWNLOAD_DOWNLOAD_INVALID_FILE_ERROR,ACCC_BOOTSTRAP_DL_RETRY
