code,install_mode,selfupdate_mode,source,workflow_count
ACCC_BOOTSTRAP_DL_START,Auto-Update,,,18285998
ACCC_BOOTSTRAP_INSTALL_START,Auto-Update,,,17950125
ACCC_BOOTSTRAP_DL_END,Auto-Update,,,17936906
ACCC_BOOTSTRAP_INSTALL_END,Auto-Update,,,17430780
ACCC_BOOTSTRAP_INIT_START,Auto-Update,,,17337549
ACCC_BOOTSTRAP_DL_START,Fresh,,WAM,4849214
ACCC_BOOTSTRAP_INSTALL_START,Fresh,,WAM,4501132
ACCC_BOOTSTRAP_DL_END,Fresh,,WAM,4496773
ACCC_BOOTSTRAP_INSTALL_END,Fresh,,WAM,4304944
ACCC_BOOTSTRAP_ADMINPRIVELEGES,Self-Update,true,,1404643
ACCC_BOOTSTRAP_DL_START,Fresh,repair,,919088
ACCC_BOOTSTRAP_INSTALL_START,Fresh,repair,,815090
ACCC_BOOTSTRAP_DL_END,Fresh,repair,,813803
ACCC_BOOTSTRAP_INSTALL_END,Fresh,repair,,796165
ACCC_BOOTSTRAP_INIT_START,Self-Update,,,675087
ACCC_BOOTSTRAP_DL_START,Self-Update,,,661388
ACCC_BOOTSTRAP_INSTALL_START,Self-Update,,,643501
ACCC_BOOTSTRAP_DL_END,Self-Update,,,643243
ACCC_BOOTSTRAP_INSTALL_END,Self-Update,,,638248
ACCC_BOOTSTRAP_DL_FATAL_ERROR,Fresh,,WAM,428676
ACCC_BOOTSTRAP_DL_START,Fresh,,,396113
ACCC_BOOTSTRAP_INSTALL_START,Fresh,,,351499
ACCC_BOOTSTRAP_DL_END,Fresh,,,350975
ACCC_BOOTSTRAP_ADMINPRIVELEGES,Fresh,,,330855
ACCC_BOOTSTRAP_INSTALL_END,Fresh,,,315882
ACCC_BOOTSTRAP_DL_FATAL_ERROR,Auto-Update,,,306966
ACCC_BOOTSTRAP_DL_RETRY,Fresh,,WAM,263043
ACCC_BOOTSTRAP_DL_START,Self-Update,repair,,251257
ACCC_BOOTSTRAP_INIT_FATAL_ERROR,Auto-Update,,,232158
ACCC_BOOTSTRAP_INSTALL_START,Self-Update,repair,,214726
ACCC_BOOTSTRAP_DL_END,Self-Update,repair,,214078
ACCC_BOOTSTRAP_INSTALL_FATAL_ERROR,Auto-Update,,,175638
ACCC_BOOTSTRAP_INSTALL_END,Self-Update,repair,,174764
ACCC_BOOTSTRAP_HELPER_FAILURE,Self-Update,true,,156050
ACCC_BOOTSTRAP_DL_START,Update,,WAM,125042
ACCC_BOOTSTRAP_INSTALL_START,Update,,WAM,117650
ACCC_BOOTSTRAP_DL_END,Update,,WAM,117514
ACCC_BOOTSTRAP_INSTALL_END,Update,,WAM,111560
ACCC_BOOTSTRAP_DL_RETRY,Auto-Update,,,97311
ACCC_BOOTSTRAP_DL_FATAL_ERROR,Fresh,repair,,92618
ACCC_BOOTSTRAP_DL_START,Self-Update,true,,91688
ACCC_BOOTSTRAP_INSTALL_START,Self-Update,true,,82714
ACCC_BOOTSTRAP_DL_END,Self-Update,true,,82588
ACCC_BOOTSTRAP_PIM_DL_ERROR,Auto-Update,,,80319
ACCC_BOOTSTRAP_INSTALL_END,Self-Update,true,,79475
ACCC_BOOTSTRAP_ADMINPRIVELEGES,Self-Update,,,70870
ACCC_BOOTSTRAP_INIT_FATAL_ERROR,Self-Update,,,50850
ACCC_BOOTSTRAP_DL_FATAL_ERROR,Fresh,,,41775
ACCC_BOOTSTRAP_INSTALL_FATAL_ERROR,Fresh,,WAM,37526
ACCC_BOOTSTRAP_INSTALL_FATAL_ERROR,Self-Update,repair,,36322
ACCC_BOOTSTRAP_DL_FATAL_ERROR,Self-Update,repair,,27019
ACCC_BOOTSTRAP_DL_RETRY,Fresh,repair,,21582
ACCC_BOOTSTRAP_DL_FATAL_ERROR,Self-Update,,,12444
ACCC_BOOTSTRAP_DL_RETRY,Fresh,,,11645
ACCC_BOOTSTRAP_INSTALL_FATAL_ERROR,Fresh,repair,,9911
ACCC_BOOTSTRAP_DL_FATAL_ERROR,Self-Update,true,,8781
ACCC_BOOTSTRAP_DL_FATAL_ERROR,Update,,WAM,8466
ACCC_BOOTSTRAP_DL_RETRY,Self-Update,,,7355
ACCC_BOOTSTRAP_DL_RETRY,Self-Update,repair,,6951
ACCC_BOOTSTRAP_DL_RETRY,Update,,WAM,6757
ACCC_BOOTSTRAP_INSTALL_FATAL_ERROR,Self-Update,,,6055
ACCC_BOOTSTRAP_INSTALL_FATAL_ERROR,Fresh,,,5263
ACCC_BOOTSTRAP_PIM_DL_ERROR,Self-Update,repair,,5077
ACCC_BOOTSTRAP_INSTALL_FATAL_ERROR,Update,,WAM,4804
ACCC_BOOTSTRAP_PIM_DL_ERROR,Fresh,,,4501
ACCC_BOOTSTRAP_PIM_DL_ERROR,Self-Update,,,3526
ACCC_BOOTSTRAP_DL_RETRY,Self-Update,true,,3169
ACCC_BOOTSTRAP_INSTALL_FATAL_ERROR,Self-Update,true,,2250
ACCC_BOOTSTRAP_PIM_DL_ERROR,Self-Update,true,,1726
ACCC_BOOTSTRAP_HELPER_FAILURE,Fresh,,,141
ACCC_BOOTSTRAP_PIM_DL_ERROR,Fresh,repair,,7
ACCC_BOOTSTRAP_INIT_START,,,,1
