product,errorcode,errortype,ecount
ILST,125,DownloadError,15
SPRK,192,InstallationError,10
AME,125,DownloadError,9
PHSP,183,InstallationError,8
PHSP,305,GenericError,6
SPRK,191,InstallationError,6
KBRG,125,DownloadError,5
PPRO,305,GenericError,5
AME,305,GenericError,5
DRWV,177,InstallationError,5
ILST,113,DownloadError,5
SPRK,125,DownloadError,5
KBRG,305,GenericError,5
AICY,125,DownloadError,4
ILST,305,GenericError,4
AEFT,125,DownloadError,4
AUDT,190,InstallationError,4
DRWV,125,DownloadError,4
IDSN,125,DownloadError,3
ILST,301,GenericError,3
ESHR,305,GenericError,3
CHAR,125,DownloadError,3
PHSP,121,DownloadError,3
SPRK,305,GenericError,3
PHSP,113,DownloadError,3
AME,190,InstallationError,3
PHSP,301,GenericError,3
PHSP,125,DownloadError,3
RUSH,125,DownloadError,3
PHSP,127,ExtractionError,3
ESHR,125,DownloadError,2
DRWV,113,DownloadError,2
AUDT,125,DownloadError,2
AEFT,305,GenericError,2
IDSN,305,GenericError,2
AME,301,GenericError,2
PHSP,146,InstallationError,2
AME,113,DownloadError,2
AME,108,InstallationError,2
CHAR,190,InstallationError,2
LRCC,125,DownloadError,2
FLPR,305,GenericError,2
LTRM,305,GenericError,1
AME,119,DownloadError,1
FLPR,128,InstallationError,1
PRLD,108,InstallationError,1
AEFT,127,ExtractionError,1
LRCC,305,GenericError,1
AUDT,305,GenericError,1
AEFT,,DownloadError,1
PPRO,125,DownloadError,1
PPRO,119,DownloadError,1
AEFT,113,DownloadError,1
AICY,305,GenericError,1
DRWV,128,InstallationError,1
ILST,403,GenericError,1
ILST,190,InstallationError,1
IDSN,113,DownloadError,1
ILST,,DownloadError,1
PHSP,143,InstallationError,1
LTRM,123,DownloadError,1
ILST,303,GenericError,1
LRCC,119,DownloadError,1
PRLD,125,DownloadError,1
FLPR,113,DownloadError,1
KBRG,113,DownloadError,1
KBRG,108,InstallationError,1
PHSP,403,GenericError,1
RUSH,113,DownloadError,1
AEFT,128,InstallationError,1
PHSP,,DownloadError,1
KBRG,128,InstallationError,1
PPRO,190,InstallationError,1
AUDT,301,GenericError,1
LRCC,123,DownloadError,1
DRWV,190,InstallationError,1
PHSP,108,InstallationError,1
KBRG,301,GenericError,1
LTRM,125,DownloadError,1
PRLD,301,GenericError,1
