product,vers,code,ecount,etype
FLPR,18.0.2,ACCC_APPS_UPDATE_INSTALL_START,1,HD
ILST,23.0,ACCC_APPS_UPDATE_INSTALL_START,25,HD
AICY,14.0,ACCC_APPS_UPDATE_INSTALL_CANCEL,3,HD
PRLD,7.1.1,ACCC_APPS_UPDATE_DL_END,1,HD
AICY,14.0,ACCC_APPS_UPDATE_DL_END,7,HD
IDSN,14.0,ACCC_APPS_UPDATE_SUCCESS,17,HD
PHSP,19.1.6,ACCC_APPS_UPDATE_DL_CANCEL,2,HD
RUSH,1.0,ACCC_APPS_UPDATE_SUCCESS,8,HD
FLPR,12.0,ACCC_APPS_UPDATE_DL_START,1,RIBS
AICY,14.0,ACCC_APPS_UPDATE_DL_CANCEL,3,HD
AUDT,11.1.1,ACCC_APPS_UPDATE_INSTALL_START,1,HD
AICY,14.0,ACCC_APPS_UPDATE_DL_START,11,HD
ILST,22.1,ACCC_APPS_UPDATE_SUCCESS,1,HD
ACR,11.0,ACCC_APPS_UPDATE_INSTALL_CANCEL,5,HD
AUDT,12.0,ACCC_APPS_UPDATE_DL_START,1,HD
FLPR,18.0.2,ACCC_APPS_UPDATE_INSTALL_CANCEL,1,HD
AME,13.0,ACCC_APPS_UPDATE_SUCCESS,2,HD
SPRK,11.0.22,ACCC_APPS_UPDATE_DL_START,2,HD
PHSP,19.1.6,ACCC_APPS_UPDATE_INSTALL_CANCEL,2,HD
ILST,23.0,ACCC_APPS_UPDATE_FAIL,2,HD
IDSN,14.0,ACCC_APPS_UPDATE_DL_END,14,HD
PHSP,13.0,ACCC_APPS_UPDATE_INSTALL_START,1,RIBS
PPRO,13.0,ACCC_APPS_UPDATE_DL_END,8,HD
ACR,11.0,ACCC_APPS_UPDATE_INSTALL_START,15,HD
LRCC,2.0,ACCC_APPS_UPDATE_SUCCESS,8,HD
PHSP,20.0,ACCC_APPS_UPDATE_DL_START,18,HD
PHSP,15.0,ACCC_APPS_UPDATE_INSTALL_START,1,RIBS
ILST,23.0,ACCC_APPS_UPDATE_DL_CANCEL,1,HD
ILST,18.0,ACCC_APPS_UPDATE_DL_START,1,RIBS
ILST,23.0,ACCC_APPS_UPDATE_INSTALL_CANCEL,1,HD
FLPR,19.0,ACCC_APPS_UPDATE_INSTALL_START,12,HD
CHAR,2.0,ACCC_APPS_UPDATE_DL_START,2,HD
PRLD,7.1.1,ACCC_APPS_UPDATE_INSTALL_START,1,HD
PHSP,18.1.6,ACCC_APPS_UPDATE_ERROR,1,HD
IDSN,14.0,ACCC_APPS_UPDATE_DL_START,20,HD
LTRM,8.0,ACCC_APPS_UPDATE_INSTALL_START,7,HD
AUDT,11.1.1,ACCC_APPS_UPDATE_SUCCESS,1,HD
LTRM,8.0,ACCC_APPS_UPDATE_DL_START,7,HD
PPRO,13.0,ACCC_APPS_UPDATE_DL_START,11,HD
IDSN,14.0,ACCC_APPS_UPDATE_DL_CANCEL,3,HD
PHSP,15.0,ACCC_APPS_UPDATE_DL_END,1,RIBS
KBRG,9.0,ACCC_APPS_UPDATE_SUCCESS,10,HD
LRCC,2.0,ACCC_APPS_UPDATE_INSTALL_START,8,HD
ACR,10.5,ACCC_APPS_UPDATE_DL_END,1,HD
LRCC,2.0,ACCC_APPS_UPDATE_INSTALL_CANCEL,2,HD
ESHR,2.0,ACCC_APPS_UPDATE_DL_START,2,HD
FLPR,19.0,ACCC_APPS_UPDATE_SUCCESS,12,HD
IDSN,14.0,ACCC_APPS_UPDATE_INSTALL_CANCEL,3,HD
PHSP,19.1.6,ACCC_APPS_UPDATE_INSTALL_START,46,HD
PHSP,19.1.6,ACCC_APPS_UPDATE_SUCCESS,44,HD
KBRG,9.0,ACCC_APPS_UPDATE_DL_END,10,HD
PHSP,19.1.6,ACCC_APPS_UPDATE_DL_START,46,HD
LTRM,8.0,ACCC_APPS_UPDATE_DL_END,6,HD
PHSP,15.0,ACCC_APPS_UPDATE_SUCCESS,1,RIBS
DRWV,19.0,ACCC_APPS_UPDATE_DL_START,15,HD
ACR,10.5,ACCC_APPS_UPDATE_DL_START,1,HD
SPRK,11.0.22,ACCC_APPS_UPDATE_DL_END,2,HD
PRLD,7.1.1,ACCC_APPS_UPDATE_DL_START,1,HD
PPRO,13.0,ACCC_APPS_UPDATE_DL_CANCEL,1,HD
PHSP,15.0,ACCC_APPS_UPDATE_DL_START,1,RIBS
LRCC,2.0,ACCC_APPS_UPDATE_DL_END,8,HD
DRWV,19.0,ACCC_APPS_UPDATE_SUCCESS,12,HD
ESHR,2.0,ACCC_APPS_UPDATE_INSTALL_CANCEL,1,HD
ILST,22.1,ACCC_APPS_UPDATE_DL_END,1,HD
PHSP,19.1.6,ACCC_APPS_UPDATE_ERROR,2,HD
DRWV,12.0.0,ACCC_APPS_UPDATE_DL_END,1,RIBS
PHSP,20.0,ACCC_APPS_UPDATE_INSTALL_CANCEL,3,HD
PPRO,13.0,ACCC_APPS_UPDATE_SUCCESS,10,HD
ACR,10.5,ACCC_APPS_UPDATE_INSTALL_START,1,HD
SPRK,12.0.12,ACCC_APPS_UPDATE_INSTALL_START,2,HD
AUDT,11.1.1,ACCC_APPS_UPDATE_DL_END,1,HD
DRWV,19.0,ACCC_APPS_UPDATE_DL_CANCEL,2,HD
SPRK,12.0.12,ACCC_APPS_UPDATE_SUCCESS,2,HD
PHSP,18.1.6,ACCC_APPS_UPDATE_DL_END,2,HD
CHAR,2.0,ACCC_APPS_UPDATE_DL_END,2,HD
PHSP,20.0,ACCC_APPS_UPDATE_INSTALL_START,18,HD
AME,13.0,ACCC_APPS_UPDATE_INSTALL_START,2,HD
RUSH,1.0,ACCC_APPS_UPDATE_INSTALL_START,8,HD
CHAR,2.0,ACCC_APPS_UPDATE_INSTALL_START,2,HD
PHSP,20.0,ACCC_APPS_UPDATE_DL_CANCEL,3,HD
IDSN,14.0,ACCC_APPS_UPDATE_INSTALL_START,20,HD
LRCC,2.0,ACCC_APPS_UPDATE_DL_START,8,HD
ILST,18.0,ACCC_APPS_UPDATE_DL_END,1,RIBS
DRWV,19.0,ACCC_APPS_UPDATE_INSTALL_START,15,HD
AICY,14.0,ACCC_APPS_UPDATE_SUCCESS,9,HD
LRCC,2.0,ACCC_APPS_UPDATE_DL_CANCEL,2,HD
PHSP,20.0,ACCC_APPS_UPDATE_SUCCESS,15,HD
ILST,23.0,ACCC_APPS_UPDATE_DL_START,25,HD
PHSP,18.1.6,ACCC_APPS_UPDATE_DL_CANCEL,1,HD
AUDT,11.1.1,ACCC_APPS_UPDATE_DL_START,1,HD
AICY,8.0,ACCC_APPS_UPDATE_DL_CANCEL,1,RIBS
ILST,18.0,ACCC_APPS_UPDATE_INSTALL_START,1,RIBS
AEFT,16.0,ACCC_APPS_UPDATE_SUCCESS,8,HD
KBRG,9.0,ACCC_APPS_UPDATE_DL_START,11,HD
ESHR,2.0,ACCC_APPS_UPDATE_INSTALL_START,2,HD
FLPR,18.0.2,ACCC_APPS_UPDATE_DL_CANCEL,1,HD
PHSP,18.1.6,ACCC_APPS_UPDATE_DL_START,4,HD
FLPR,12.0,ACCC_APPS_UPDATE_DL_END,1,RIBS
PPRO,13.0,ACCC_APPS_UPDATE_INSTALL_CANCEL,1,HD
ILST,18.0,ACCC_APPS_UPDATE_SUCCESS,1,RIBS
CHAR,2.0,ACCC_APPS_UPDATE_SUCCESS,2,HD
SPRK,12.0.12,ACCC_APPS_UPDATE_DL_START,2,HD
FLPR,19.0,ACCC_APPS_UPDATE_DL_END,12,HD
DRWV,12.0.0,ACCC_APPS_UPDATE_SUCCESS,1,RIBS
FLPR,12.0,ACCC_APPS_UPDATE_INSTALL_START,1,RIBS
PPRO,13.0,ACCC_APPS_UPDATE_INSTALL_START,11,HD
DRWV,19.0,ACCC_APPS_UPDATE_FAIL,2,HD
LTRM,8.0,ACCC_APPS_UPDATE_DL_CANCEL,1,HD
AME,13.0,ACCC_APPS_UPDATE_DL_START,2,HD
AME,13.0,ACCC_APPS_UPDATE_DL_END,2,HD
AEFT,16.0,ACCC_APPS_UPDATE_DL_START,9,HD
ESHR,2.0,ACCC_APPS_UPDATE_SUCCESS,1,HD
PHSP,13.0,ACCC_APPS_UPDATE_DL_END,1,RIBS
ACR,11.0,ACCC_APPS_UPDATE_SUCCESS,12,HD
FLPR,19.0,ACCC_APPS_UPDATE_DL_START,12,HD
KBRG,9.0,ACCC_APPS_UPDATE_INSTALL_START,11,HD
PHSP,13.0,ACCC_APPS_UPDATE_DL_START,1,RIBS
PRLD,7.1.1,ACCC_APPS_UPDATE_SUCCESS,1,HD
KBRG,9.0,ACCC_APPS_UPDATE_INSTALL_CANCEL,1,HD
AEFT,16.0,ACCC_APPS_UPDATE_INSTALL_START,9,HD
SPRK,12.0.12,ACCC_APPS_UPDATE_DL_END,2,HD
LTRM,6.0,ACCC_APPS_UPDATE_SUCCESS,2,RIBS
KBRG,9.0,ACCC_APPS_UPDATE_DL_CANCEL,1,HD
ACR,11.0,ACCC_APPS_UPDATE_DL_CANCEL,5,HD
AUDT,12.0,ACCC_APPS_UPDATE_SUCCESS,1,HD
DRWV,12.0.0,ACCC_APPS_UPDATE_INSTALL_START,1,RIBS
AUDT,12.0,ACCC_APPS_UPDATE_DL_END,1,HD
LTRM,6.0,ACCC_APPS_UPDATE_DL_END,2,RIBS
PHSP,19.1.6,ACCC_APPS_UPDATE_DL_END,45,HD
FLPR,12.0,ACCC_APPS_UPDATE_SUCCESS,1,RIBS
LTRM,6.0,ACCC_APPS_UPDATE_DL_START,2,RIBS
SPRK,11.0.22,ACCC_APPS_UPDATE_INSTALL_START,2,HD
FLPR,18.0.2,ACCC_APPS_UPDATE_DL_START,1,HD
SPRK,11.0.22,ACCC_APPS_UPDATE_SUCCESS,2,HD
ACR,10.5,ACCC_APPS_UPDATE_SUCCESS,1,HD
LTRM,8.0,ACCC_APPS_UPDATE_INSTALL_CANCEL,1,HD
ILST,22.1,ACCC_APPS_UPDATE_INSTALL_START,1,HD
PHSP,20.0,ACCC_APPS_UPDATE_DL_END,12,HD
ESHR,2.0,ACCC_APPS_UPDATE_DL_CANCEL,1,HD
DRWV,12.0.0,ACCC_APPS_UPDATE_DL_START,1,RIBS
DRWV,19.0,ACCC_APPS_UPDATE_DL_END,14,HD
AICY,8.0,ACCC_APPS_UPDATE_DL_START,1,RIBS
ILST,22.1,ACCC_APPS_UPDATE_DL_START,1,HD
AEFT,16.0,ACCC_APPS_UPDATE_DL_END,8,HD
RUSH,1.0,ACCC_APPS_UPDATE_DL_END,8,HD
ILST,23.0,ACCC_APPS_UPDATE_SUCCESS,23,HD
RUSH,1.0,ACCC_APPS_UPDATE_DL_START,8,HD
LTRM,8.0,ACCC_APPS_UPDATE_SUCCESS,6,HD
PHSP,18.1.6,ACCC_APPS_UPDATE_SUCCESS,2,HD
LTRM,6.0,ACCC_APPS_UPDATE_INSTALL_START,2,RIBS
ILST,23.0,ACCC_APPS_UPDATE_DL_END,25,HD
PHSP,18.1.6,ACCC_APPS_UPDATE_INSTALL_CANCEL,1,HD
ACR,11.0,ACCC_APPS_UPDATE_DL_START,15,HD
ACR,11.0,ACCC_APPS_UPDATE_DL_END,2,HD
PHSP,18.1.6,ACCC_APPS_UPDATE_INSTALL_START,4,HD
AICY,14.0,ACCC_APPS_UPDATE_INSTALL_START,11,HD
ESHR,2.0,ACCC_APPS_UPDATE_DL_END,1,HD
AUDT,12.0,ACCC_APPS_UPDATE_INSTALL_START,1,HD
PHSP,13.0,ACCC_APPS_UPDATE_SUCCESS,1,RIBS
DRWV,19.0,ACCC_APPS_UPDATE_INSTALL_CANCEL,2,HD
