product,vers,code,ecount,etype
RUSH,0.1.0,ACCC_DL_START,1,HD
ESHR,2.0,ACCC_DL_START,2,HD
PHSP,19.1.5,ACCC_DL_START,1,HD
PHSP,18.1.6,ACCC_DL_START,11,HD
FUSE,2017.1,ACCC_APPS_DL_CANCEL,1,RIBS
APRO,19.0,ACCC_APPS_DL_CANCEL,1,PKG
ILST,21.1.0,ACCC_INSTALL_END,10,HD
AICY,14.0,ACCC_INSTALL_END,3,HD
LTRM,8.0,ACCC_APPS_HD_CANCEL,3,HD
FLPR,15.2.1,ACCC_DL_START,1,HD
PRLD,6.1.3,ACCC_APPS_HD_CANCEL,1,HD
AME,12.1.2,ACCC_DL_START,40,HD
FLPR,15.1,ACCC_DL_START,1,RIBS
AEFT,13.5,ACCC_DL_START,1,RIBS
SPRK,11.0.22,ACCC_INSTALL_END,42,HD
AUDT,10.1.2,ACCC_DL_START,5,HD
RUSH,1.0,ACCC_DL_START,9,HD
PHSP,16.0,ACCC_INSTALL_END,1,RIBS
ILST,22.1,ACCC_DL_START,41,HD
FLPR,12.0,ACCC_DL_START,2,RIBS
AUDT,12.0,ACCC_INSTALL_END,2,HD
SPRK,12.0.12,ACCC_INSTALL_END,2,HD
ILST,23.0,ACCC_APPS_HD_CANCEL,4,HD
LTRM,6.0,ACCC_INSTALL_END,8,RIBS
APRO,18.0,ACCC_INSTALL_END,4,PKG
DRWV,19.0,ACCC_INSTALL_END,12,HD
FLPR,19.0,ACCC_APPS_HD_CANCEL,4,HD
LTRM,4.4,ACCC_INSTALL_END,1,RIBS
IDSN,9.0,ACCC_DL_START,10,RIBS
AICY,8.0,ACCC_INSTALL_END,1,RIBS
PHSP,17.0.2,ACCC_DL_START,6,HD
PPRO,13.0,ACCC_APPS_HD_CANCEL,2,HD
PRLD,6.1.3,ACCC_DL_START,6,HD
AUDT,11.1.1,ACCC_DL_START,28,HD
KETK,4.0,ACCC_APPS_INSTALL_CANCEL,1,RIBS
AEFT,14.2.2,ACCC_DL_START,7,HD
AME,11.1.4,ACCC_INSTALL_END,9,HD
SPRK,11.0.22,ACCC_APPS_HD_CANCEL,4,HD
IDSN,13.1,ACCC_DL_START,38,HD
KBRG,8.1,ACCC_ERROR,1,HD
ANMLBETA,1.0.6,ACCC_DL_START,8,HD
PHSP,17.0.2,ACCC_ERROR,2,HD
PPRO,11.1.4,ACCC_INSTALL_END,8,HD
FLPR,18.0.2,ACCC_DL_START,32,HD
IDSN,8.0,ACCC_INSTALL_END,11,RIBS
AEFT,16.0,ACCC_DL_START,9,HD
FLPR,19.0,ACCC_DL_START,10,HD
AEFT,16.0,ACCC_APPS_HD_CANCEL,4,HD
PHSP,19.0,ACCC_DL_START,1,HD
PHSP,13.0,ACCC_INSTALL_END,7,RIBS
AUDT,11.1,ACCC_INSTALL_END,11,HD
DRWV,18.2,ACCC_ERROR,1,HD
ILST,22.1,ACCC_INSTALL_END,41,HD
ESHR,1.1.1,ACCC_APPS_HD_CANCEL,2,HD
DRWV,18.2,ACCC_INSTALL_END,33,HD
KBRG,8.1,ACCC_DL_START,34,HD
AME,13.0,ACCC_INSTALL_END,16,HD
FLPR,18.0.2,ACCC_INSTALL_END,31,HD
CHAR,2.0,ACCC_INSTALL_END,5,HD
AEFT,16.1,ACCC_ERROR,1,HD
PHSP,19.0,ACCC_APPS_HD_CANCEL,1,HD
AEFT,15.1.2,ACCC_DL_START,33,HD
PPRO,13.0,ACCC_INSTALL_END,11,HD
KBRG,8.1,ACCC_INSTALL_END,34,HD
DRWV,19.0,ACCC_APPS_HD_CANCEL,4,HD
AUDT,11.1.1,ACCC_INSTALL_END,27,HD
SPRK,5.0.12,ACCC_APPS_HD_CANCEL,1,HD
APRO,18.0,ACCC_DL_START,4,PKG
AME,12.1.2,ACCC_APPS_HD_CANCEL,1,HD
KBRG,9.0,ACCC_APPS_HD_CANCEL,2,HD
AME,11.1.4,ACCC_ERROR,2,HD
AICY,13.1,ACCC_DL_START,30,HD
AUDT,10.1.2,ACCC_INSTALL_END,5,HD
KBRG,7.0,ACCC_DL_START,5,HD
AME,13.0,ACCC_DL_START,23,HD
ILST,23.0,ACCC_ERROR,2,HD
PHSP,19.1.6,ACCC_APPS_HD_CANCEL,14,HD
IDSN,12.1.0,ACCC_INSTALL_END,19,HD
AUDT,11.1,ACCC_DL_START,11,HD
AEFT,16.1,ACCC_DL_START,1,HD
PHSP,19.1.6,ACCC_INSTALL_END,56,HD
LRCC,2.0,ACCC_DL_START,7,HD
PHSP,18.1.6,ACCC_APPS_HD_CANCEL,2,HD
ILST,21.1.0,ACCC_DL_START,10,HD
AUDT,11.1.1,ACCC_APPS_HD_CANCEL,1,HD
IDSN,11.0,ACCC_DL_START,4,RIBS
LTRM,7.5,ACCC_DL_START,30,HD
AME,11.1.4,ACCC_APPS_HD_CANCEL,1,HD
IDSN,14.0,ACCC_APPS_HD_CANCEL,6,HD
FLPR,19.0,ACCC_INSTALL_END,6,HD
ESHR,1.1.1,ACCC_DL_START,34,HD
AICY,14.0,ACCC_APPS_HD_CANCEL,2,HD
PHSP,13.0,ACCC_DL_START,7,RIBS
APRO,19.0,ACCC_INSTALL_END,1,PKG
APRO,19.0,ACCC_DL_START,1,PKG
PHSP,20.0,ACCC_ERROR,1,HD
AME,11.1.4,ACCC_DL_START,10,HD
SPRK,11.0.22,ACCC_DL_START,46,HD
AICY,14.0,ACCC_DL_START,4,HD
LTRM,5.7.1,ACCC_DL_START,1,PKG
APRO,19.0,ACCC_ERROR,1,PKG
KBRG,7.0,ACCC_INSTALL_END,5,HD
AICY,13.1,ACCC_APPS_HD_CANCEL,1,HD
IDSN,10.0,ACCC_INSTALL_END,11,RIBS
DRWV,17.5.0,ACCC_DL_START,7,HD
IDSN,11.0,ACCC_APPS_DL_CANCEL,1,RIBS
AEFT,16.0,ACCC_INSTALL_END,5,HD
LRCC,1.5,ACCC_INSTALL_END,37,HD
ANMLBETA,1.0.6,ACCC_INSTALL_END,7,HD
ESHR,2.0,ACCC_INSTALL_END,1,HD
SPRK,10.0.12,ACCC_INSTALL_END,1,HD
AICY,8.0,ACCC_DL_START,1,RIBS
PHSP,20.0,ACCC_DL_START,26,HD
FLPR,15.2.1,ACCC_INSTALL_END,1,HD
LTRM,4.4,ACCC_DL_START,1,RIBS
PRLD,8.0,ACCC_DL_START,1,HD
PRLD,7.1.1,ACCC_INSTALL_END,27,HD
FLPR,15.1,ACCC_ERROR,1,RIBS
LTRM,5.7.1,ACCC_INSTALL_END,1,PKG
PPRO,13.0,ACCC_DL_START,12,HD
KBRG,9.0,ACCC_DL_START,4,HD
FUSE,2017.1,ACCC_INSTALL_END,6,RIBS
RUSH,0.1.0,ACCC_INSTALL_END,1,HD
PHSP,19.1.5,ACCC_APPS_HD_CANCEL,1,HD
LRCC,2.0,ACCC_INSTALL_END,7,HD
FUSE,2017.1,ACCC_DL_START,7,RIBS
AEFT,14.2.2,ACCC_INSTALL_END,7,HD
PPRO,11.1.4,ACCC_DL_START,8,HD
FLPR,15.0,ACCC_ERROR,1,RIBS
AEFT,16.0,ACCC_ERROR,1,HD
CHAR,2.0,ACCC_APPS_HD_CANCEL,1,HD
APRO,18.0,ACCC_INSTALL_END,5,APP
PHSP,19.1.2,ACCC_DL_START,34,HD
IDSN,8.0,ACCC_DL_START,11,RIBS
LTRM,4.4,ACCC_APPS_DL_CANCEL,1,RIBS
PRLD,7.1.1,ACCC_DL_START,27,HD
FLPR,19.0,ACCC_ERROR,1,HD
RUSH,1.0,ACCC_APPS_HD_CANCEL,2,HD
IDSN,11.0,ACCC_INSTALL_END,3,RIBS
SPRK,12.0.12,ACCC_DL_START,2,HD
IDSN,14.0,ACCC_INSTALL_END,27,HD
CHAR,1.5,ACCC_INSTALL_END,31,HD
FLPR,18.0.1,ACCC_DL_START,1,HD
AME,13.0,ACCC_ERROR,2,HD
PHSP,17.0.2,ACCC_INSTALL_END,6,HD
FLPR,15.0,ACCC_DL_START,1,RIBS
RUSH,1.0,ACCC_INSTALL_END,8,HD
PHSP,16.0,ACCC_DL_START,1,RIBS
LRCC,1.5,ACCC_DL_START,38,HD
PHSP,19.1,ACCC_INSTALL_END,1,HD
IDSN,14.0,ACCC_DL_START,30,HD
PRLD,8.0,ACCC_ERROR,1,HD
LTRM,4.4,ACCC_ERROR,1,RIBS
ILST,21.1.0,ACCC_APPS_HD_CANCEL,1,HD
APRO,19.0,ACCC_DL_START,1,APP
PHSP,20.0,ACCC_APPS_HD_CANCEL,8,HD
SPRK,10.0.12,ACCC_DL_START,1,HD
PHSP,19.1.5,ACCC_INSTALL_END,1,HD
AME,13.0,ACCC_APPS_HD_CANCEL,9,HD
DRWV,19.0,ACCC_ERROR,3,HD
LTRM,8.0,ACCC_DL_START,3,HD
CHAR,1.5,ACCC_DL_START,31,HD
AEFT,13.5,ACCC_INSTALL_END,1,RIBS
AUDT,12.0,ACCC_APPS_HD_CANCEL,1,HD
PHSP,20.0,ACCC_INSTALL_END,21,HD
FLPR,16.5.1,ACCC_INSTALL_END,5,HD
PRLD,6.1.3,ACCC_INSTALL_END,5,HD
FLPR,18.0.1,ACCC_APPS_HD_CANCEL,1,HD
FLPR,16.5.1,ACCC_DL_START,5,HD
FLPR,12.0,ACCC_APPS_DL_CANCEL,2,RIBS
PRLD,8.0,ACCC_INSTALL_END,1,HD
LTRM,6.0,ACCC_DL_START,8,RIBS
LTRM,7.5,ACCC_INSTALL_END,29,HD
PPRO,12.1.2,ACCC_DL_START,37,HD
AICY,13.1,ACCC_INSTALL_END,30,HD
IDSN,10.0,ACCC_DL_START,11,RIBS
FLPR,18.0.2,ACCC_APPS_HD_CANCEL,1,HD
KETK,4.0,ACCC_DL_START,2,RIBS
IDSN,12.1.0,ACCC_DL_START,19,HD
PHSP,18.1.6,ACCC_INSTALL_END,9,HD
AICY,12.0.0,ACCC_DL_START,5,HD
SPRK,5.0.12,ACCC_DL_START,1,HD
ILST,23.0,ACCC_INSTALL_END,17,HD
AME,12.1.2,ACCC_INSTALL_END,40,HD
DRWV,18.2,ACCC_DL_START,33,HD
PPRO,12.1.2,ACCC_INSTALL_END,37,HD
DRWV,17.5.0,ACCC_INSTALL_END,7,HD
AUDT,12.0,ACCC_DL_START,3,HD
APRO,19.0,ACCC_APPS_DL_CANCEL,1,APP
APRO,18.0,ACCC_DL_START,5,APP
CHAR,2.0,ACCC_DL_START,6,HD
FUSE,2017.1,ACCC_ERROR,2,RIBS
DRWV,19.0,ACCC_DL_START,16,HD
AICY,12.0.0,ACCC_INSTALL_END,5,HD
PHSP,19.1.6,ACCC_DL_START,58,HD
FLPR,12.0,ACCC_INSTALL_END,1,RIBS
ESHR,1.1.1,ACCC_INSTALL_END,33,HD
LTRM,8.0,ACCC_INSTALL_END,1,HD
PHSP,19.1,ACCC_DL_START,1,HD
PHSP,19.1.2,ACCC_INSTALL_END,34,HD
AEFT,15.1.2,ACCC_INSTALL_END,33,HD
KBRG,9.0,ACCC_INSTALL_END,3,HD
IDSN,13.1,ACCC_INSTALL_END,38,HD
IDSN,9.0,ACCC_INSTALL_END,5,RIBS
ILST,23.0,ACCC_DL_START,20,HD
