product,vers,code,ecount,etype
AEFT,15.1.1,ACCC_DL_START,1,HD
LTRM,8.0,ACCC_ERROR,2,HD
APRO,18.0,ACCC_DL_START,14,PKG
PHSP,19.0,ACCC_APPS_HD_CANCEL,1,HD
ILST,16.0,ACCC_DL_START,16,RIBS
AEFT,16.1,ACCC_ERROR,1,HD
ILST,19.2.1,ACCC_DL_START,14,HD
IDSN,12.1.0,ACCC_INSTALL_END,47,HD
LRCC,1.4,ACCC_INSTALL_END,2,HD
KBRG,9.0,ACCC_DL_START,94,HD
KBRG,7.0,ACCC_DL_START,23,HD
ESHR,1.1.2,ACCC_INSTALL_END,6,HD
ESHR,2.0,ACCC_DL_START,49,HD
AICY,13.0,ACCC_DL_START,1,HD
RUSH,0.1.0,ACCC_DL_START,7,HD
DRWV,18.1,ACCC_DL_START,3,HD
PHSP,19.1.5,ACCC_DL_START,7,HD
AME,12.1.2,ACCC_APPS_HD_CANCEL,24,HD
SPRK,0.5.22,ACCC_DL_START,1,HD
AUDT,5.0,ACCC_INSTALL_END,10,RIBS
PHSP,18.1.6,ACCC_APPS_HD_CANCEL,6,HD
ANMLBETA,1.0.6,ACCC_INSTALL_END,19,HD
IDSN,13.1,ACCC_ERROR,1,HD
AUDT,10.1.2,ACCC_APPS_HD_CANCEL,4,HD
ESHR,2.0,ACCC_ERROR,3,HD
ESHR,1.0,ACCC_DL_START,1,HD
DRWV,18.0,ACCC_APPS_HD_CANCEL,1,HD
APRO,19.0,ACCC_APPS_DL_CANCEL,1,PKG
LTRM,6.0,ACCC_APPS_DL_CANCEL,2,RIBS
DRWV,15.0.0,ACCC_APPS_DL_CANCEL,1,RIBS
KEMN,7.0,ACCC_INSTALL_END,2,RIBS
AEFT,15.1.2,ACCC_DL_START,65,HD
FUSE,2015.1,ACCC_APPS_DL_CANCEL,2,RIBS
SPRK,0.5.22,ACCC_INSTALL_END,1,HD
FLPR,15.2.1,ACCC_DL_START,13,HD
APRO,19.0,ACCC_ERROR,1,APP
CHAR,2.0,ACCC_APPS_HD_CANCEL,4,HD
ESHR,1.1.1,ACCC_INSTALL_END,47,HD
PRLD,1.0,ACCC_INSTALL_END,7,RIBS
APRO,19.0,ACCC_INSTALL_END,9,PKG
LTRM,6.0,ACCC_INSTALL_END,24,RIBS
AICY,13.1,ACCC_DL_START,60,HD
ILST,22.0.0,ACCC_DL_START,1,HD
SPRK,0.6.32,ACCC_DL_START,2,HD
AICY,12.0.0,ACCC_APPS_HD_CANCEL,1,HD
AUDT,12.0,ACCC_INSTALL_END,59,HD
LRCC,1.5,ACCC_INSTALL_END,71,HD
IDSN,12.1.0,ACCC_APPS_HD_CANCEL,2,HD
AEFT,13.0,ACCC_INSTALL_END,11,RIBS
DRWV,19.0,ACCC_DL_START,104,HD
FUSE,2017.1,ACCC_ERROR,9,RIBS
ILST,19.2.1,ACCC_INSTALL_END,14,HD
LRCC,1.4,ACCC_APPS_HD_CANCEL,1,HD
AME,13.0,ACCC_APPS_HD_CANCEL,51,HD
PRLD,8.0,ACCC_DL_START,41,HD
LTRM,4.4,ACCC_DL_START,4,RIBS
AEFT,16.1,ACCC_DL_START,1,HD
AME,11.1.4,ACCC_INSTALL_END,28,HD
ILST,22.0.2,ACCC_DL_START,3,HD
LTRM,8.0,ACCC_APPS_HD_CANCEL,11,HD
FUSE,2017.1,ACCC_APPS_DL_CANCEL,3,RIBS
ILST,17.0,ACCC_DL_START,16,RIBS
AEFT,16.0,ACCC_ERROR,5,HD
LRCC,1.5,ACCC_APPS_HD_CANCEL,5,HD
APRO,19.0,ACCC_DL_START,32,APP
AICY,9.0,ACCC_DL_START,6,RIBS
DRWV,19.1,ACCC_DL_START,57,HD
PRLD,6.1.3,ACCC_APPS_HD_CANCEL,2,HD
IDSN,10.0,ACCC_INSTALL_END,34,RIBS
PHSP,19.0,ACCC_INSTALL_END,1,HD
IDSN,13.0.1,ACCC_INSTALL_END,3,HD
LTRM,4.4,ACCC_INSTALL_END,4,RIBS
CHAR,1.1.1,ACCC_INSTALL_END,1,HD
IDSN,8.0,ACCC_DL_START,34,RIBS
PRLD,2.0,ACCC_INSTALL_END,6,RIBS
LRCC,2.0,ACCC_DL_START,81,HD
PHSP,19.1.6,ACCC_INSTALL_END,125,HD
DRWV,15.0.0,ACCC_INSTALL_END,16,RIBS
PPRO,13.0,ACCC_INSTALL_END,77,HD
DRWV,16.0.0,ACCC_ERROR,1,RIBS
SPRK,5.0.12,ACCC_APPS_HD_CANCEL,2,HD
FUSE,2015.1,ACCC_DL_START,5,RIBS
LTRM,4.4,ACCC_APPS_DL_CANCEL,1,RIBS
FLPR,19.0,ACCC_INSTALL_END,53,HD
IDSN,14.0,ACCC_APPS_HD_CANCEL,42,HD
PPRO,6.0,ACCC_INSTALL_END,10,RIBS
AUDT,11.0.2,ACCC_APPS_HD_CANCEL,1,HD
PRLD,8.0,ACCC_INSTALL_END,36,HD
PPRO,11.1.4,ACCC_APPS_HD_CANCEL,1,HD
KBRG,6.0,ACCC_DL_START,10,RIBS
DRWV,16.0.0,ACCC_DL_START,16,RIBS
PRLD,6.1.3,ACCC_INSTALL_END,13,HD
FLPR,18.0.1,ACCC_APPS_HD_CANCEL,1,HD
FLPR,15.1,ACCC_ERROR,1,RIBS
RUSH,1.0,ACCC_APPS_HD_CANCEL,8,HD
FLPR,19.0,ACCC_ERROR,3,HD
ILST,22.0.2,ACCC_APPS_HD_CANCEL,2,HD
APRO,18.0,ACCC_ERROR,3,APP
APRO,19.0,ACCC_APPS_INSTALL_CANCEL,1,APP
LTRM,7.5,ACCC_INSTALL_END,58,HD
PHSP,15.0,ACCC_DL_START,14,RIBS
AUDT,6.0,ACCC_APPS_DL_CANCEL,2,RIBS
AUDT,11.1,ACCC_APPS_HD_CANCEL,2,HD
AUDT,11.0.1,ACCC_DL_START,1,HD
AEFT,14.2.2,ACCC_APPS_HD_CANCEL,1,HD
APRO,19.0,ACCC_DL_START,12,PKG
PHSP,20.0,ACCC_ERROR,14,HD
ESHR,1.0,ACCC_INSTALL_END,1,HD
KBRG,8.1,ACCC_INSTALL_END,82,HD
KEMN,7.0,ACCC_DL_START,2,RIBS
LRCC,1.4,ACCC_DL_START,3,HD
FLPR,15.2.1,ACCC_INSTALL_END,13,HD
PHSP,16.0,ACCC_APPS_DL_CANCEL,2,RIBS
DRWV,13.0.0,ACCC_INSTALL_END,12,RIBS
AEFT,13.5,ACCC_INSTALL_END,11,RIBS
IDSN,9.0,ACCC_DL_START,30,RIBS
FLPR,16.5.1,ACCC_APPS_HD_CANCEL,1,HD
CHAR,1.5,ACCC_APPS_HD_CANCEL,2,HD
AME,13.0,ACCC_DL_START,171,HD
FLPR,15.1,ACCC_DL_START,11,RIBS
AEFT,13.5,ACCC_DL_START,12,RIBS
LTRM,5.7.1,ACCC_INSTALL_END,5,PKG
AICY,14.0,ACCC_INSTALL_END,60,HD
AICY,13.0.1,ACCC_INSTALL_END,3,HD
ESHR,1.1.1,ACCC_DL_START,48,HD
AICY,14.0,ACCC_APPS_HD_CANCEL,15,HD
ILST,20.1.0,ACCC_APPS_HD_CANCEL,1,HD
IDSN,13.0,ACCC_INSTALL_END,2,HD
PHSP,20.0,ACCC_INSTALL_END,232,HD
AME,12.1.2,ACCC_DL_START,111,HD
IDSN,12.1.0,ACCC_DL_START,49,HD
AEFT,16.0,ACCC_INSTALL_END,75,HD
IDSN,14.0,ACCC_INSTALL_END,148,HD
FLPR,15.2.1,ACCC_APPS_HD_CANCEL,1,HD
ILST,20.1.0,ACCC_INSTALL_END,13,HD
FLPR,14.0,ACCC_INSTALL_END,10,RIBS
PHSP,19.1.2,ACCC_INSTALL_END,39,HD
DRWV,19.0,ACCC_INSTALL_END,88,HD
FLPR,19.0,ACCC_APPS_HD_CANCEL,11,HD
ILST,23.1,ACCC_APPS_HD_CANCEL,10,HD
SPRK,12.0.12,ACCC_DL_START,78,HD
IDSN,11.0,ACCC_INSTALL_END,23,RIBS
PRLD,7.1.1,ACCC_DL_START,52,HD
DRWV,19.0,ACCC_APPS_HD_CANCEL,28,HD
DRWV,17.5.0,ACCC_INSTALL_END,25,HD
PRLD,6.1.3,ACCC_DL_START,15,HD
CHAR,1.1.1,ACCC_DL_START,1,HD
PHSP,13.0,ACCC_DL_START,26,RIBS
IDSN,8.0,ACCC_APPS_DL_CANCEL,2,RIBS
PPRO,12.1.2,ACCC_APPS_HD_CANCEL,8,HD
CHAR,2.0,ACCC_ERROR,4,HD
NGLR,1.0,ACCC_DL_START,9,HD
AICY,8.0,ACCC_INSTALL_END,7,RIBS
AUDT,11.0.0,ACCC_APPS_HD_CANCEL,1,HD
ILST,18.0,ACCC_DL_START,14,RIBS
ILST,23.0,ACCC_ERROR,15,HD
PHSP,16.0,ACCC_DL_START,19,RIBS
PHSP,17.0.2,ACCC_INSTALL_END,21,HD
PHSP,14.0,ACCC_DL_START,12,RIBS
ILST,23.1,ACCC_DL_START,34,HD
PHSP,13.0,ACCC_INSTALL_END,24,RIBS
FLPR,15.0,ACCC_DL_START,1,RIBS
AUDT,11.1.1,ACCC_INSTALL_END,62,HD
PHSP,19.1,ACCC_INSTALL_END,1,HD
MUSE,2018.1.0,ACCC_DL_START,2,HD
AEFT,15.1.2,ACCC_INSTALL_END,61,HD
KBRG,9.0,ACCC_INSTALL_END,78,HD
APRO,18.0,ACCC_DL_START,47,APP
AME,11.1.4,ACCC_ERROR,2,HD
ESHR,2.0,ACCC_APPS_HD_CANCEL,6,HD
LTRM,7.5,ACCC_APPS_HD_CANCEL,2,HD
ILST,18.0,ACCC_INSTALL_END,14,RIBS
ILST,20.1.0,ACCC_DL_START,14,HD
ILST,22.1,ACCC_APPS_HD_CANCEL,19,HD
SPRK,12.0.12,ACCC_INSTALL_END,72,HD
AICY,13.1,ACCC_APPS_HD_CANCEL,5,HD
DRWV,18.0,ACCC_INSTALL_END,1,HD
AEFT,16.0,ACCC_APPS_HD_CANCEL,16,HD
LTRM,5.7.1,ACCC_DL_START,13,MSI
DRWV,18.1,ACCC_INSTALL_END,3,HD
FLPR,13.0,ACCC_DL_START,10,RIBS
APRO,18.0,ACCC_INSTALL_END,45,APP
ESHR,1.1.2,ACCC_DL_START,6,HD
DRWV,15.0.0,ACCC_DL_START,17,RIBS
LTRM,5.7.1,ACCC_INSTALL_END,11,MSI
PHSP,14.0,ACCC_INSTALL_END,11,RIBS
APRO,19.0,ACCC_ERROR,1,PKG
SPRK,11.0.22,ACCC_ERROR,5,HD
AUDT,11.1,ACCC_DL_START,25,HD
AUDT,12.0,ACCC_ERROR,4,HD
SPRK,11.0.22,ACCC_INSTALL_END,83,HD
PHSP,15.0,ACCC_APPS_DL_CANCEL,1,RIBS
IDSN,13.0.1,ACCC_DL_START,3,HD
FLPR,14.0,ACCC_DL_START,10,RIBS
AICY,13.1,ACCC_INSTALL_END,55,HD
IDSN,13.1,ACCC_INSTALL_END,88,HD
AUDT,11.0.2,ACCC_INSTALL_END,2,HD
PHSP,19.1.4,ACCC_DL_START,1,HD
AME,13.0,ACCC_ERROR,10,HD
AEFT,14.2.2,ACCC_INSTALL_END,20,HD
PHSP,19.1.3,ACCC_INSTALL_END,1,HD
LRCC,2.0,ACCC_APPS_HD_CANCEL,9,HD
FLPR,18.0.2,ACCC_APPS_HD_CANCEL,5,HD
AICY,13.0.1,ACCC_DL_START,3,HD
KBRG,7.0,ACCC_APPS_HD_CANCEL,3,HD
FLPR,19.0,ACCC_DL_START,62,HD
IDSN,9.0,ACCC_APPS_DL_CANCEL,1,RIBS
FLPR,15.1,ACCC_INSTALL_END,10,RIBS
PHSP,18.1.6,ACCC_DL_START,31,HD
PRLD,8.0,ACCC_APPS_HD_CANCEL,5,HD
DRWV,13.0.0,ACCC_ERROR,1,RIBS
NGLR,1.0,ACCC_APPS_HD_CANCEL,2,HD
PHSP,19.1.2,ACCC_DL_START,39,HD
PRLD,1.0,ACCC_DL_START,7,RIBS
SPRK,0.8.22,ACCC_INSTALL_END,1,HD
IDSN,11.0,ACCC_APPS_DL_CANCEL,1,RIBS
FLPR,12.0,ACCC_APPS_DL_CANCEL,2,RIBS
AEFT,13.0,ACCC_DL_START,13,RIBS
SPRK,10.0.12,ACCC_INSTALL_END,4,HD
LTRM,6.0,ACCC_DL_START,25,RIBS
LRCC,1.5,ACCC_DL_START,73,HD
LTRM,8.0,ACCC_INSTALL_END,50,HD
AUDT,6.0,ACCC_DL_START,12,RIBS
IDSN,13.0,ACCC_DL_START,2,HD
AUDT,12.0,ACCC_DL_START,64,HD
IDSN,14.0,ACCC_DL_START,171,HD
FUSE,2017.1,ACCC_DL_START,61,RIBS
FLPR,16.5.1,ACCC_DL_START,18,HD
AUDT,11.0.0,ACCC_DL_START,1,HD
IDSN,11.0,ACCC_DL_START,25,RIBS
ILST,23.0,ACCC_INSTALL_END,170,HD
ESHR,1.1,ACCC_DL_START,2,HD
KBRG,8.1,ACCC_APPS_HD_CANCEL,10,HD
NGLR,1.0,ACCC_INSTALL_END,7,HD
DRWV,12.0.0,ACCC_ERROR,1,RIBS
AICY,14.0,ACCC_DL_START,65,HD
PHSP,19.1.6,ACCC_APPS_HD_CANCEL,65,HD
DRWV,19.1,ACCC_INSTALL_END,52,HD
AICY,10.0,ACCC_DL_START,7,RIBS
LTRM,7.5,ACCC_DL_START,60,HD
DRWV,12.0.0,ACCC_DL_START,13,RIBS
AEFT,12.0,ACCC_DL_START,10,RIBS
KBRG,7.0,ACCC_INSTALL_END,21,HD
DRWV,12.0.0,ACCC_INSTALL_END,12,RIBS
PHSP,19.1.5,ACCC_ERROR,1,HD
FUSE,2015.1,ACCC_INSTALL_END,3,RIBS
FLPR,13.0,ACCC_INSTALL_END,10,RIBS
FLPR,18.0.2,ACCC_INSTALL_END,58,HD
PRLD,2.0,ACCC_DL_START,6,RIBS
AUDT,10.1.2,ACCC_INSTALL_END,18,HD
PHSP,19.1.4,ACCC_INSTALL_END,1,HD
ILST,21.1.0,ACCC_DL_START,31,HD
AUDT,11.1.1,ACCC_APPS_HD_CANCEL,6,HD
LTRM,5.7.1,ACCC_APPS_INSTALL_CANCEL,1,MSI
ILST,16.0,ACCC_APPS_DL_CANCEL,3,RIBS
LTRM,8.0,ACCC_DL_START,55,HD
AUDT,11.1,ACCC_INSTALL_END,24,HD
KBRG,9.0,ACCC_APPS_HD_CANCEL,29,HD
ILST,22.1,ACCC_INSTALL_END,102,HD
ILST,21.1.0,ACCC_INSTALL_END,28,HD
ILST,22.0.0,ACCC_INSTALL_END,1,HD
AEFT,12.0,ACCC_INSTALL_END,9,RIBS
PPRO,7.0,ACCC_INSTALL_END,9,RIBS
AEFT,15.1.2,ACCC_APPS_HD_CANCEL,4,HD
AEFT,16.1,ACCC_APPS_HD_CANCEL,1,HD
AME,11.1.4,ACCC_DL_START,30,HD
KBRG,6.3.1,ACCC_INSTALL_END,11,HD
LRCC,2.0,ACCC_ERROR,3,HD
AICY,11.0,ACCC_DL_START,5,RIBS
ILST,23.1,ACCC_INSTALL_END,31,HD
ILST,22.0.1,ACCC_APPS_HD_CANCEL,1,HD
PPRO,13.0,ACCC_DL_START,83,HD
PPRO,6.0,ACCC_DL_START,12,RIBS
AUDT,5.0,ACCC_DL_START,11,RIBS
PHSP,19.1,ACCC_DL_START,1,HD
PHSP,19.1.3,ACCC_DL_START,1,HD
ILST,23.0,ACCC_APPS_HD_CANCEL,35,HD
AICY,14.0,ACCC_ERROR,2,HD
RUSH,1.0,ACCC_DL_START,63,HD
PHSP,16.0,ACCC_INSTALL_END,18,RIBS
FLPR,12.0,ACCC_DL_START,12,RIBS
PPRO,13.0,ACCC_APPS_HD_CANCEL,10,HD
ESHR,1.1,ACCC_INSTALL_END,2,HD
DRWV,19.1,ACCC_ERROR,5,HD
KBRG,8.1,ACCC_DL_START,86,HD
RUSH,1.0,ACCC_ERROR,4,HD
KETK,4.0,ACCC_DL_START,9,RIBS
APRO,18.0,ACCC_APPS_DL_CANCEL,1,PKG
APRO,19.0,ACCC_APPS_DL_CANCEL,3,APP
ESHR,1.1.2,ACCC_APPS_HD_CANCEL,1,HD
SPRK,5.0.12,ACCC_DL_START,6,HD
AICY,8.0,ACCC_DL_START,7,RIBS
ILST,21.1.0,ACCC_APPS_HD_CANCEL,6,HD
KETK,4.0,ACCC_INSTALL_END,7,RIBS
PHSP,17.0.2,ACCC_APPS_HD_CANCEL,3,HD
ESHR,1.0.1,ACCC_DL_START,1,HD
PPRO,11.1.4,ACCC_INSTALL_END,21,HD
AUDT,12.0,ACCC_APPS_HD_CANCEL,7,HD
SPRK,12.0.12,ACCC_ERROR,12,HD
AEFT,11.0,ACCC_DL_START,10,RIBS
PPRO,12.1.2,ACCC_INSTALL_END,73,HD
IDSN,8.0,ACCC_APPS_INSTALL_CANCEL,1,RIBS
ESHR,2.0,ACCC_INSTALL_END,43,HD
PHSP,15.0,ACCC_INSTALL_END,14,RIBS
CHAR,1.5,ACCC_INSTALL_END,67,HD
KBRG,6.3.1,ACCC_DL_START,14,HD
SPRK,0.6.32,ACCC_INSTALL_END,2,HD
PRLD,8.0,ACCC_ERROR,3,HD
LTRM,4.4,ACCC_ERROR,1,RIBS
PHSP,19.1.5,ACCC_INSTALL_END,7,HD
ILST,23.0,ACCC_DL_START,191,HD
FLPR,18.0.1,ACCC_DL_START,1,HD
LRCC,2.0,ACCC_INSTALL_END,72,HD
PHSP,20.0,ACCC_APPS_HD_CANCEL,71,HD
SPRK,10.0.12,ACCC_DL_START,4,HD
AEFT,11.0,ACCC_INSTALL_END,10,RIBS
SPRK,11.0.22,ACCC_DL_START,96,HD
AUDT,5.0,ACCC_APPS_DL_CANCEL,1,RIBS
IDSN,9.0,ACCC_INSTALL_END,20,RIBS
ILST,16.0,ACCC_INSTALL_END,14,RIBS
PHSP,19.0,ACCC_DL_START,2,HD
ILST,18.0,ACCC_APPS_DL_CANCEL,1,RIBS
AUDT,6.0,ACCC_INSTALL_END,9,RIBS
FUSE,2017.1,ACCC_INSTALL_END,55,RIBS
IDSN,13.1,ACCC_APPS_HD_CANCEL,9,HD
RUSH,0.1.0,ACCC_INSTALL_END,5,HD
ILST,22.0.1,ACCC_DL_START,5,HD
DRWV,19.0,ACCC_ERROR,5,HD
PHSP,14.0,ACCC_APPS_DL_CANCEL,1,RIBS
ILST,22.1,ACCC_DL_START,112,HD
DRWV,18.0,ACCC_DL_START,1,HD
LTRM,7.4,ACCC_DL_START,1,HD
FLPR,16.5.1,ACCC_INSTALL_END,17,HD
AUDT,5.0,ACCC_APPS_INSTALL_CANCEL,1,RIBS
AICY,12.0.0,ACCC_INSTALL_END,16,HD
PHSP,19.1.6,ACCC_ERROR,5,HD
AUDT,11.0.2,ACCC_DL_START,2,HD
KBRG,6.0,ACCC_INSTALL_END,10,RIBS
PHSP,19.1.6,ACCC_DL_START,141,HD
MUSE,2018.1.0,ACCC_INSTALL_END,2,HD
PPRO,13.0,ACCC_ERROR,4,HD
DRWV,18.2,ACCC_APPS_HD_CANCEL,4,HD
AEFT,14.2.2,ACCC_DL_START,21,HD
KETK,4.0,ACCC_APPS_INSTALL_CANCEL,1,RIBS
PPRO,7.0,ACCC_DL_START,9,RIBS
IDSN,14.0,ACCC_ERROR,4,HD
AUDT,11.1.1,ACCC_DL_START,66,HD
SPRK,5.0.12,ACCC_INSTALL_END,5,HD
MUSE,2018.0,ACCC_DL_START,1,HD
FLPR,12.0,ACCC_INSTALL_END,11,RIBS
KBRG,6.3.1,ACCC_APPS_HD_CANCEL,2,HD
ESHR,1.1.2,ACCC_ERROR,1,HD
PPRO,11.1.4,ACCC_DL_START,21,HD
FLPR,15.0,ACCC_ERROR,1,RIBS
PHSP,19.1.5,ACCC_APPS_HD_CANCEL,2,HD
PHSP,19.1.4,ACCC_APPS_HD_CANCEL,1,HD
DRWV,16.0.0,ACCC_INSTALL_END,15,RIBS
ILST,22.0.2,ACCC_INSTALL_END,1,HD
RUSH,1.0,ACCC_INSTALL_END,59,HD
ILST,17.0,ACCC_INSTALL_END,15,RIBS
RUSH,0.1.0,ACCC_APPS_HD_CANCEL,2,HD
AME,13.0,ACCC_INSTALL_END,133,HD
PHSP,17.0.2,ACCC_ERROR,2,HD
DRWV,18.2,ACCC_INSTALL_END,69,HD
IDSN,10.0,ACCC_DL_START,35,RIBS
SPRK,0.8.22,ACCC_DL_START,1,HD
DRWV,17.5.0,ACCC_APPS_HD_CANCEL,1,HD
AUDT,10.1.2,ACCC_DL_START,21,HD
DRWV,15.0.0,ACCC_ERROR,1,RIBS
SPRK,12.0.12,ACCC_APPS_HD_CANCEL,10,HD
APRO,19.0,ACCC_INSTALL_END,28,APP
PRLD,7.1,ACCC_DL_START,1,HD
AEFT,16.0,ACCC_DL_START,91,HD
PPRO,12.1.2,ACCC_DL_START,79,HD
LTRM,5.7.1,ACCC_APPS_DL_CANCEL,3,MSI
ILST,22.0.1,ACCC_INSTALL_END,4,HD
FLPR,18.0.2,ACCC_DL_START,61,HD
IDSN,8.0,ACCC_INSTALL_END,32,RIBS
AICY,12.0.0,ACCC_DL_START,16,HD
PRLD,7.1.1,ACCC_APPS_HD_CANCEL,2,HD
DRWV,18.2,ACCC_ERROR,2,HD
PHSP,18.1.6,ACCC_INSTALL_END,27,HD
AEFT,15.1.1,ACCC_INSTALL_END,1,HD
ANMLBETA,1.0.6,ACCC_DL_START,22,HD
IDSN,13.1,ACCC_DL_START,97,HD
KBRG,8.1,ACCC_ERROR,2,HD
APRO,18.0,ACCC_ERROR,1,PKG
DRWV,18.2,ACCC_DL_START,71,HD
AME,12.1.2,ACCC_INSTALL_END,95,HD
CHAR,2.0,ACCC_DL_START,84,HD
PHSP,17.0.2,ACCC_DL_START,22,HD
ILST,17.0,ACCC_APPS_DL_CANCEL,2,RIBS
AME,11.1.4,ACCC_APPS_HD_CANCEL,4,HD
PHSP,16.0,ACCC_APPS_INSTALL_CANCEL,1,RIBS
SPRK,11.0.22,ACCC_APPS_HD_CANCEL,17,HD
LTRM,5.7.1,ACCC_DL_START,5,PKG
ESHR,1.0.1,ACCC_INSTALL_END,1,HD
DRWV,19.1,ACCC_APPS_HD_CANCEL,4,HD
KBRG,9.0,ACCC_ERROR,10,HD
CHAR,1.5,ACCC_DL_START,68,HD
CHAR,2.0,ACCC_INSTALL_END,81,HD
ESHR,1.1.1,ACCC_APPS_HD_CANCEL,3,HD
PHSP,13.0,ACCC_ERROR,1,RIBS
ILST,22.1,ACCC_ERROR,2,HD
APRO,18.0,ACCC_APPS_DL_CANCEL,1,APP
PHSP,20.0,ACCC_DL_START,268,HD
PPRO,6.0,ACCC_APPS_DL_CANCEL,2,RIBS
DRWV,17.5.0,ACCC_DL_START,26,HD
AICY,10.0,ACCC_INSTALL_END,7,RIBS
APRO,18.0,ACCC_INSTALL_END,14,PKG
ANMLBETA,1.0.6,ACCC_APPS_HD_CANCEL,2,HD
AICY,9.0,ACCC_INSTALL_END,6,RIBS
AICY,13.0,ACCC_INSTALL_END,1,HD
DRWV,13.0.0,ACCC_DL_START,13,RIBS
AICY,11.0,ACCC_INSTALL_END,5,RIBS
PRLD,7.1.1,ACCC_INSTALL_END,49,HD
MUSE,2018.0,ACCC_INSTALL_END,1,HD
PRLD,7.1,ACCC_INSTALL_END,1,HD
KETK,4.0,ACCC_ERROR,1,RIBS
AICY,8.0,ACCC_APPS_DL_CANCEL,1,RIBS
