product,vers,code,ecount,etype
KBRG,7.0,ACCC_DL_START,28,HD
ESHR,1.1.2,ACCC_INSTALL_END,6,HD
ESHR,2.0,ACCC_DL_START,54,HD
PRLD,7.1.1,ACCC_DL_START,58,HD
PHSP,19.1.5,ACCC_DL_START,14,HD
AME,12.1.2,ACCC_DL_START,144,HD
ESHR,1.0,ACCC_DL_START,2,HD
PRLD,7.0.0,ACCC_DL_START,1,HD
DRWV,15.0.0,ACCC_APPS_DL_CANCEL,2,RIBS
FUSE,2017.1,ACCC_APPS_DL_CANCEL,5,RIBS
ILST,16.0,ACCC_INSTALL_END,17,RIBS
AME,11.1.4,ACCC_DL_START,36,HD
ESHR,1.1,ACCC_DL_START,2,HD
APRO,19.0,ACCC_INSTALL_END,12,PKG
LRCC,1.0,ACCC_DL_START,1,HD
ESHR,1.1.1,ACCC_INSTALL_END,57,HD
DRWV,12.0.0,ACCC_INSTALL_END,13,RIBS
LRCC,1.4,ACCC_APPS_HD_CANCEL,2,HD
ILST,16.0,ACCC_APPS_DL_CANCEL,3,RIBS
LTRM,5.7.1,ACCC_APPS_INSTALL_CANCEL,1,MSI
AEFT,12.0,ACCC_INSTALL_END,9,RIBS
PHSP,14.0,ACCC_APPS_DL_CANCEL,1,RIBS
ILST,21.1.0,ACCC_INSTALL_END,41,HD
KBRG,6.3.1,ACCC_INSTALL_END,11,HD
PPRO,7.0,ACCC_INSTALL_END,9,RIBS
PPRO,12.1.1,ACCC_INSTALL_END,1,HD
AEFT,16.1,ACCC_APPS_HD_CANCEL,1,HD
PHSP,19.0,ACCC_INSTALL_END,2,HD
PHSP,15.0,ACCC_DL_START,19,RIBS
IDSN,9.0,ACCC_DL_START,30,RIBS
FLPR,16.5.1,ACCC_APPS_HD_CANCEL,2,HD
APRO,18.0,ACCC_ERROR,3,PKG
PPRO,13.0,ACCC_APPS_HD_CANCEL,11,HD
ESHR,1.1,ACCC_INSTALL_END,2,HD
AICY,13.1,ACCC_ERROR,1,HD
KEMN,7.0,ACCC_INSTALL_END,3,RIBS
LTRM,6.0,ACCC_DL_START,26,RIBS
AICY,13.0.1,ACCC_APPS_HD_CANCEL,1,HD
APRO,19.0,ACCC_DL_START,34,APP
IDSN,8.0,ACCC_DL_START,34,RIBS
RUSH,1.0,ACCC_DL_START,73,HD
PHSP,16.0,ACCC_INSTALL_END,23,RIBS
SPRK,4.0.12,ACCC_DL_START,1,HD
ILST,22.0.1,ACCC_INSTALL_END,9,HD
DRWV,18.0,ACCC_APPS_HD_CANCEL,1,HD
AUDT,10.1.2,ACCC_APPS_HD_CANCEL,4,HD
SPRK,4.0.12,ACCC_ERROR,1,HD
KBRG,8.1,ACCC_APPS_HD_CANCEL,16,HD
NGLR,1.0,ACCC_INSTALL_END,7,HD
DRWV,12.0.0,ACCC_ERROR,1,RIBS
AICY,8.0,ACCC_APPS_DL_CANCEL,1,RIBS
APRO,19.0,ACCC_ERROR,1,APP
PRLD,1.0,ACCC_INSTALL_END,7,RIBS
ESHR,2.0,ACCC_ERROR,3,HD
ILST,21.0.2,ACCC_DL_START,1,HD
SPRK,0.5.22,ACCC_INSTALL_END,2,HD
CHAR,1.1.1,ACCC_INSTALL_END,2,HD
AICY,13.0.1,ACCC_INSTALL_END,6,HD
AEFT,16.0,ACCC_ERROR,7,HD
LRCC,1.5,ACCC_APPS_HD_CANCEL,8,HD
ILST,21.1.0,ACCC_DL_START,44,HD
AUDT,11.1.1,ACCC_APPS_HD_CANCEL,10,HD
PRLD,6.1.3,ACCC_INSTALL_END,13,HD
FLPR,18.0.1,ACCC_APPS_HD_CANCEL,1,HD
FLPR,15.2.1,ACCC_APPS_HD_CANCEL,1,HD
LTRM,4.4,ACCC_INSTALL_END,4,RIBS
ILST,21.0.0,ACCC_DL_START,1,HD
AEFT,12.0,ACCC_DL_START,10,RIBS
FLPR,16.5.1,ACCC_DL_START,20,HD
LRCC,1.5,ACCC_ERROR,1,HD
IDSN,12.1.0,ACCC_DL_START,56,HD
LTRM,5.7.1,ACCC_DL_START,16,MSI
FUSE,2015.1,ACCC_INSTALL_END,3,RIBS
LRCC,1.4,ACCC_DL_START,5,HD
FUSE,2015.1,ACCC_APPS_DL_CANCEL,2,RIBS
PPRO,12.1,ACCC_DL_START,1,HD
ILST,19.2.1,ACCC_INSTALL_END,16,HD
LTRM,7.4,ACCC_INSTALL_END,1,HD
PHSP,19.1.2,ACCC_INSTALL_END,39,HD
AUDT,12.0,ACCC_DL_START,72,HD
FLPR,15.2.1,ACCC_DL_START,13,HD
LTRM,7.5,ACCC_DL_START,78,HD
DRWV,19.0,ACCC_APPS_HD_CANCEL,32,HD
KBRG,7.0,ACCC_INSTALL_END,24,HD
AME,12.1.2,ACCC_ERROR,5,HD
AEFT,15.1.1,ACCC_DL_START,2,HD
IDSN,8.0,ACCC_APPS_DL_CANCEL,2,RIBS
PHSP,19.1.5,ACCC_ERROR,1,HD
AICY,13.1,ACCC_DL_START,67,HD
ILST,22.0.0,ACCC_DL_START,4,HD
AEFT,16.0,ACCC_APPS_HD_CANCEL,18,HD
CHAR,2.0,ACCC_APPS_HD_CANCEL,7,HD
PHSP,18.1.5,ACCC_APPS_HD_CANCEL,1,HD
CHAR,2.0,ACCC_DL_START,102,HD
FLPR,18.0,ACCC_DL_START,2,HD
AUDT,10.1.2,ACCC_INSTALL_END,24,HD
LRCC,1.5,ACCC_DL_START,84,HD
AUDT,10.1.2,ACCC_DL_START,27,HD
DRWV,15.0.0,ACCC_ERROR,1,RIBS
ILST,16.0,ACCC_DL_START,19,RIBS
DRWV,19.1,ACCC_DL_START,67,HD
LTRM,8.0,ACCC_ERROR,2,HD
ANMLBETA,1.0.6,ACCC_APPS_HD_CANCEL,2,HD
ANMLBETA,1.0.6,ACCC_DL_START,23,HD
ILST,18.0,ACCC_INSTALL_END,17,RIBS
AME,11.1.4,ACCC_ERROR,2,HD
ILST,17.0,ACCC_APPS_DL_CANCEL,2,RIBS
ESHR,1.1.1,ACCC_DL_START,62,HD
AICY,14.0,ACCC_APPS_HD_CANCEL,16,HD
ILST,20.1.0,ACCC_APPS_HD_CANCEL,2,HD
APRO,18.0,ACCC_INSTALL_END,19,PKG
KBRG,8.1,ACCC_INSTALL_END,106,HD
KEMN,7.0,ACCC_DL_START,3,RIBS
DRWV,13.0.0,ACCC_DL_START,13,RIBS
LRCC,2.0,ACCC_ERROR,4,HD
AICY,11.0,ACCC_DL_START,5,RIBS
ILST,22.1,ACCC_INSTALL_END,140,HD
AUDT,11.1.1,ACCC_INSTALL_END,74,HD
ILST,22.0.0,ACCC_APPS_HD_CANCEL,1,HD
AEFT,15.1.1,ACCC_INSTALL_END,1,HD
APRO,18.0,ACCC_DL_START,20,PKG
PHSP,16.0,ACCC_APPS_INSTALL_CANCEL,1,RIBS
AICY,9.0,ACCC_INSTALL_END,6,RIBS
NGLR,1.0,ACCC_DL_START,9,HD
AME,12.1.2,ACCC_APPS_HD_CANCEL,37,HD
IDSN,13.0,ACCC_INSTALL_END,3,HD
AICY,11.0,ACCC_INSTALL_END,5,RIBS
SPRK,11.0.22,ACCC_APPS_HD_CANCEL,23,HD
PRLD,7.1.1,ACCC_INSTALL_END,55,HD
MUSE,2018.0,ACCC_INSTALL_END,1,HD
PHSP,19.1.1,ACCC_DL_START,2,HD
DRWV,17.5.0,ACCC_DL_START,30,HD
AICY,9.0,ACCC_DL_START,6,RIBS
ESHR,1.1.1,ACCC_APPS_HD_CANCEL,7,HD
PPRO,11.1.4,ACCC_APPS_HD_CANCEL,2,HD
SPRK,12.0.12,ACCC_APPS_HD_CANCEL,13,HD
PHSP,19.1,ACCC_INSTALL_END,2,HD
IDSN,13.0.1,ACCC_APPS_HD_CANCEL,1,HD
DRWV,18.2,ACCC_APPS_HD_CANCEL,9,HD
CHAR,1.5,ACCC_INSTALL_END,73,HD
KBRG,6.3.1,ACCC_DL_START,14,HD
ILST,23.1,ACCC_APPS_HD_CANCEL,11,HD
ILST,22.1,ACCC_ERROR,4,HD
LTRM,7.4,ACCC_DL_START,2,HD
ILST,23.0,ACCC_ERROR,23,HD
AEFT,13.5,ACCC_DL_START,13,RIBS
FLPR,15.1,ACCC_DL_START,11,RIBS
ILST,23.1,ACCC_DL_START,41,HD
PHSP,13.0,ACCC_INSTALL_END,28,RIBS
AUDT,11.0.1,ACCC_INSTALL_END,2,HD
AUDT,11.0.0,ACCC_APPS_HD_CANCEL,1,HD
FLPR,15.2.1,ACCC_INSTALL_END,13,HD
PHSP,16.0,ACCC_APPS_DL_CANCEL,2,RIBS
AUDT,11.0.0,ACCC_DL_START,2,HD
PHSP,14.0,ACCC_INSTALL_END,12,RIBS
PRLD,7.1,ACCC_DL_START,1,HD
PHSP,18.1.5,ACCC_DL_START,1,HD
IDSN,14.0,ACCC_ERROR,5,HD
PRLD,7.1.1,ACCC_APPS_HD_CANCEL,2,HD
AICY,12.0.0,ACCC_DL_START,16,HD
APRO,18.0,ACCC_ERROR,4,APP
IDSN,13.1,ACCC_DL_START,124,HD
KBRG,8.1,ACCC_ERROR,2,HD
PHSP,18.1.6,ACCC_INSTALL_END,36,HD
AUDT,11.0.1,ACCC_APPS_HD_CANCEL,1,HD
ILST,20.1.0,ACCC_INSTALL_END,15,HD
ESHR,1.1.2,ACCC_ERROR,1,HD
AME,13.0,ACCC_ERROR,15,HD
AEFT,13.5,ACCC_INSTALL_END,12,RIBS
PHSP,15.0,ACCC_APPS_DL_CANCEL,1,RIBS
AUDT,6.0,ACCC_INSTALL_END,13,RIBS
ILST,21.1.0,ACCC_APPS_HD_CANCEL,7,HD
KETK,4.0,ACCC_INSTALL_END,12,RIBS
PRLD,1.0,ACCC_DL_START,7,RIBS
FUSE,2017.1,ACCC_DL_START,71,RIBS
SPRK,12.0.12,ACCC_INSTALL_END,88,HD
AICY,13.1,ACCC_APPS_HD_CANCEL,7,HD
DRWV,18.0,ACCC_INSTALL_END,1,HD
AUDT,5.0,ACCC_APPS_DL_CANCEL,1,RIBS
AICY,8.0,ACCC_INSTALL_END,7,RIBS
IDSN,13.0.1,ACCC_DL_START,8,HD
AEFT,13.0,ACCC_DL_START,13,RIBS
LTRM,8.0,ACCC_INSTALL_END,58,HD
AUDT,6.0,ACCC_DL_START,16,RIBS
PHSP,20.0,ACCC_APPS_HD_CANCEL,84,HD
SPRK,10.0.12,ACCC_DL_START,7,HD
NGLR,1.0,ACCC_APPS_HD_CANCEL,2,HD
FLPR,18.0.2,ACCC_APPS_HD_CANCEL,9,HD
DRWV,16.0.0,ACCC_INSTALL_END,20,RIBS
DRWV,18.1,ACCC_INSTALL_END,4,HD
FLPR,13.0,ACCC_DL_START,10,RIBS
PRLD,8.0,ACCC_APPS_HD_CANCEL,5,HD
DRWV,13.0.0,ACCC_ERROR,1,RIBS
PHSP,19.1.5,ACCC_INSTALL_END,12,HD
AUDT,11.1,ACCC_DL_START,40,HD
ILST,23.0,ACCC_APPS_HD_CANCEL,44,HD
AICY,14.0,ACCC_ERROR,4,HD
SPRK,11.0.22,ACCC_ERROR,10,HD
IDSN,9.0,ACCC_APPS_DL_CANCEL,1,RIBS
FLPR,14.0,ACCC_DL_START,10,RIBS
FLPR,12.0,ACCC_APPS_DL_CANCEL,2,RIBS
ESHR,2.0,ACCC_INSTALL_END,47,HD
AICY,8.0,ACCC_DL_START,7,RIBS
PHSP,19.1.4,ACCC_DL_START,5,HD
FLPR,19.0,ACCC_DL_START,73,HD
AICY,10.0,ACCC_ERROR,1,RIBS
IDSN,13.0,ACCC_DL_START,4,HD
SPRK,10.0.12,ACCC_INSTALL_END,7,HD
AUDT,11.0.2,ACCC_DL_START,8,HD
PHSP,19.1.6,ACCC_ERROR,9,HD
PHSP,17.0.2,ACCC_ERROR,2,HD
AICY,10.0,ACCC_DL_START,8,RIBS
ILST,23.0,ACCC_INSTALL_END,193,HD
ESHR,2.0,ACCC_APPS_HD_CANCEL,8,HD
IDSN,14.0,ACCC_DL_START,208,HD
LRCC,2.0,ACCC_APPS_HD_CANCEL,12,HD
FLPR,18.0.2,ACCC_INSTALL_END,70,HD
LRCC,2.0,ACCC_INSTALL_END,87,HD
FUSE,2017.1,ACCC_INSTALL_END,64,RIBS
IDSN,13.1,ACCC_APPS_HD_CANCEL,20,HD
RUSH,0.1.0,ACCC_INSTALL_END,5,HD
IDSN,11.0,ACCC_DL_START,28,RIBS
DRWV,18.2,ACCC_ERROR,2,HD
KBRG,6.3.1,ACCC_APPS_HD_CANCEL,2,HD
AUDT,11.1.1,ACCC_ERROR,1,HD
APRO,18.0,ACCC_INSTALL_END,52,APP
IDSN,11.0,ACCC_APPS_DL_CANCEL,1,RIBS
ILST,22.0.1,ACCC_ERROR,1,HD
ILST,21.0.0,ACCC_INSTALL_END,1,HD
PHSP,17.0.2,ACCC_APPS_HD_CANCEL,4,HD
AEFT,15.1.2,ACCC_APPS_HD_CANCEL,7,HD
AUDT,11.0.2,ACCC_INSTALL_END,7,HD
ILST,18.0,ACCC_DL_START,17,RIBS
PRLD,7.0.0,ACCC_INSTALL_END,1,HD
MUSE,2018.0,ACCC_DL_START,1,HD
AEFT,16.0,ACCC_DL_START,106,HD
DRWV,15.0.0,ACCC_DL_START,21,RIBS
LTRM,5.7.1,ACCC_INSTALL_END,12,MSI
SPRK,4.0.12,ACCC_APPS_HD_CANCEL,1,HD
ILST,22.1,ACCC_DL_START,155,HD
DRWV,18.0,ACCC_DL_START,1,HD
PHSP,18.1.5,ACCC_INSTALL_END,1,HD
PHSP,13.0,ACCC_DL_START,30,RIBS
APRO,19.0,ACCC_INSTALL_END,30,APP
PHSP,14.0,ACCC_DL_START,14,RIBS
FLPR,18.0.2,ACCC_DL_START,74,HD
IDSN,8.0,ACCC_INSTALL_END,32,RIBS
AEFT,15.1.1,ACCC_APPS_HD_CANCEL,1,HD
AUDT,11.0.0,ACCC_INSTALL_END,1,HD
AME,11.1.4,ACCC_INSTALL_END,33,HD
AUDT,5.0,ACCC_DL_START,13,RIBS
AEFT,14.2.2,ACCC_INSTALL_END,21,HD
PHSP,19.1.3,ACCC_INSTALL_END,2,HD
ILST,17.0,ACCC_DL_START,19,RIBS
KBRG,7.0,ACCC_APPS_HD_CANCEL,5,HD
ILST,22.0.2,ACCC_DL_START,5,HD
FLPR,15.1,ACCC_INSTALL_END,10,RIBS
KBRG,9.0,ACCC_ERROR,11,HD
AEFT,15.1.2,ACCC_ERROR,1,HD
PHSP,19.1.2,ACCC_DL_START,40,HD
PRLD,2.0,ACCC_INSTALL_END,6,RIBS
APRO,18.0,ACCC_APPS_INSTALL_CANCEL,1,APP
SPRK,0.6.32,ACCC_DL_START,2,HD
PRLD,6.1.3,ACCC_DL_START,16,HD
CHAR,1.1.1,ACCC_DL_START,2,HD
AME,11.1.4,ACCC_APPS_HD_CANCEL,6,HD
AICY,12.0.0,ACCC_APPS_HD_CANCEL,1,HD
KBRG,8.1,ACCC_DL_START,113,HD
RUSH,1.0,ACCC_ERROR,4,HD
IDSN,12.0.0,ACCC_DL_START,1,HD
KBRG,9.0,ACCC_APPS_HD_CANCEL,34,HD
DRWV,19.1,ACCC_APPS_HD_CANCEL,8,HD
FLPR,18.0,ACCC_INSTALL_END,2,HD
PPRO,6.0,ACCC_INSTALL_END,11,RIBS
AEFT,16.1,ACCC_DL_START,1,HD
DRWV,17.5.0,ACCC_INSTALL_END,29,HD
LTRM,7.5,ACCC_ERROR,1,HD
PPRO,13.0,ACCC_INSTALL_END,84,HD
DRWV,16.0.0,ACCC_ERROR,1,RIBS
PHSP,13.0,ACCC_ERROR,1,RIBS
CHAR,2.0,ACCC_INSTALL_END,96,HD
APRO,18.0,ACCC_DL_START,55,APP
CHAR,1.5,ACCC_DL_START,74,HD
KETK,4.0,ACCC_ERROR,1,RIBS
PRLD,7.1,ACCC_INSTALL_END,1,HD
SPRK,5.0.12,ACCC_APPS_HD_CANCEL,4,HD
FUSE,2015.1,ACCC_DL_START,5,RIBS
FLPR,13.0,ACCC_INSTALL_END,10,RIBS
PRLD,2.0,ACCC_DL_START,6,RIBS
AICY,12.0.0,ACCC_INSTALL_END,16,HD
PHSP,19.1.4,ACCC_INSTALL_END,5,HD
RUSH,1.0,ACCC_APPS_HD_CANCEL,10,HD
FLPR,19.0,ACCC_ERROR,3,HD
ILST,22.0.2,ACCC_APPS_HD_CANCEL,3,HD
PPRO,7.0,ACCC_DL_START,9,RIBS
PPRO,13.0,ACCC_ERROR,5,HD
APRO,18.0,ACCC_APPS_DL_CANCEL,2,APP
ILST,22.0.0,ACCC_INSTALL_END,4,HD
FLPR,12.0,ACCC_INSTALL_END,11,RIBS
PHSP,19.1.1,ACCC_INSTALL_END,2,HD
SPRK,0.8.22,ACCC_DL_START,1,HD
IDSN,10.0,ACCC_DL_START,36,RIBS
DRWV,17.5.0,ACCC_APPS_HD_CANCEL,1,HD
APRO,19.0,ACCC_DL_START,15,PKG
LTRM,5.7.1,ACCC_INSTALL_END,6,PKG
PHSP,17.0.2,ACCC_INSTALL_END,27,HD
ILST,20.1.0,ACCC_DL_START,17,HD
FLPR,15.0,ACCC_DL_START,1,RIBS
PPRO,12.1.1,ACCC_DL_START,1,HD
PPRO,12.1.2,ACCC_ERROR,3,HD
ESHR,1.1.2,ACCC_DL_START,6,HD
IDSN,13.1,ACCC_INSTALL_END,110,HD
FLPR,12.0,ACCC_DL_START,12,RIBS
SPRK,0.8.22,ACCC_INSTALL_END,1,HD
MUSE,2018.1.0,ACCC_DL_START,3,HD
LTRM,8.0,ACCC_APPS_HD_CANCEL,14,HD
DRWV,12.0.0,ACCC_DL_START,14,RIBS
AUDT,11.1,ACCC_INSTALL_END,37,HD
PRLD,6.1.3,ACCC_APPS_HD_CANCEL,2,HD
AICY,13.1,ACCC_INSTALL_END,61,HD
LTRM,4.4,ACCC_APPS_DL_CANCEL,1,RIBS
KETK,4.0,ACCC_DL_START,14,RIBS
APRO,18.0,ACCC_APPS_DL_CANCEL,1,PKG
AUDT,12.0,ACCC_APPS_HD_CANCEL,7,HD
SPRK,12.0.12,ACCC_ERROR,12,HD
AEFT,11.0,ACCC_DL_START,11,RIBS
FLPR,18.0.1,ACCC_INSTALL_END,1,HD
PPRO,12.0.0,ACCC_DL_START,1,HD
ESHR,1.0.1,ACCC_DL_START,1,HD
APRO,19.0,ACCC_ERROR,1,PKG
PPRO,11.1.4,ACCC_INSTALL_END,23,HD
AME,13.0,ACCC_APPS_HD_CANCEL,71,HD
APRO,19.0,ACCC_APPS_INSTALL_CANCEL,1,APP
APRO,19.0,ACCC_APPS_DL_CANCEL,3,APP
ESHR,1.1.2,ACCC_APPS_HD_CANCEL,1,HD
ILST,22.0.0,ACCC_ERROR,1,HD
PHSP,19.1.3,ACCC_DL_START,3,HD
DRWV,19.1,ACCC_ERROR,5,HD
AICY,13.0,ACCC_DL_START,2,HD
LRCC,1.5,ACCC_INSTALL_END,80,HD
IDSN,12.1.0,ACCC_APPS_HD_CANCEL,3,HD
LTRM,6.0,ACCC_INSTALL_END,25,RIBS
AUDT,12.0,ACCC_INSTALL_END,66,HD
DRWV,19.0,ACCC_DL_START,123,HD
FUSE,2017.1,ACCC_ERROR,9,RIBS
PRLD,8.0,ACCC_DL_START,42,HD
LTRM,4.4,ACCC_DL_START,4,RIBS
DRWV,16.0.0,ACCC_DL_START,21,RIBS
PPRO,6.0,ACCC_APPS_INSTALL_CANCEL,1,RIBS
DRWV,15.0.0,ACCC_INSTALL_END,19,RIBS
RUSH,0.1.0,ACCC_DL_START,8,HD
AUDT,11.0.2,ACCC_APPS_HD_CANCEL,1,HD
DRWV,18.1,ACCC_DL_START,4,HD
PHSP,20.0,ACCC_ERROR,21,HD
ESHR,1.0,ACCC_INSTALL_END,2,HD
SPRK,0.5.22,ACCC_DL_START,2,HD
AUDT,5.0,ACCC_INSTALL_END,12,RIBS
PHSP,19.1.3,ACCC_APPS_HD_CANCEL,1,HD
ILST,21.0.2,ACCC_APPS_HD_CANCEL,1,HD
PHSP,18.1.6,ACCC_APPS_HD_CANCEL,10,HD
LRCC,2.0,ACCC_DL_START,99,HD
PHSP,19.1.6,ACCC_INSTALL_END,176,HD
IDSN,13.0.1,ACCC_INSTALL_END,7,HD
ILST,22.1,ACCC_APPS_HD_CANCEL,29,HD
DRWV,13.0.0,ACCC_INSTALL_END,12,RIBS
FLPR,15.1,ACCC_ERROR,1,RIBS
AEFT,14.2.2,ACCC_APPS_HD_CANCEL,2,HD
IDSN,14.0,ACCC_INSTALL_END,180,HD
IDSN,11.0,ACCC_INSTALL_END,26,RIBS
SPRK,12.0.12,ACCC_DL_START,96,HD
SPRK,5.0.12,ACCC_ERROR,1,HD
PHSP,16.0,ACCC_DL_START,24,RIBS
AEFT,15.1.2,ACCC_INSTALL_END,70,HD
KBRG,9.0,ACCC_INSTALL_END,90,HD
AUDT,11.0.1,ACCC_DL_START,4,HD
FLPR,19.0,ACCC_INSTALL_END,62,HD
IDSN,14.0,ACCC_APPS_HD_CANCEL,48,HD
PHSP,19.1.4,ACCC_APPS_HD_CANCEL,3,HD
AICY,14.0,ACCC_DL_START,74,HD
PHSP,17.0.2,ACCC_DL_START,28,HD
SPRK,11.0.22,ACCC_DL_START,131,HD
PHSP,18.1.6,ACCC_DL_START,41,HD
AEFT,13.0,ACCC_INSTALL_END,11,RIBS
ILST,23.0,ACCC_DL_START,225,HD
PHSP,19.0,ACCC_APPS_HD_CANCEL,1,HD
AUDT,11.1.1,ACCC_DL_START,78,HD
SPRK,5.0.12,ACCC_INSTALL_END,8,HD
IDSN,12.0.0,ACCC_INSTALL_END,1,HD
ILST,19.2.1,ACCC_DL_START,16,HD
KBRG,9.0,ACCC_DL_START,108,HD
DRWV,19.0,ACCC_INSTALL_END,104,HD
FLPR,19.0,ACCC_APPS_HD_CANCEL,13,HD
AICY,13.0.1,ACCC_DL_START,6,HD
DRWV,18.2,ACCC_DL_START,89,HD
AME,12.1.2,ACCC_INSTALL_END,121,HD
AEFT,16.1,ACCC_ERROR,1,HD
PPRO,12.1.2,ACCC_DL_START,101,HD
LTRM,5.7.1,ACCC_APPS_DL_CANCEL,5,MSI
LRCC,1.4,ACCC_INSTALL_END,4,HD
IDSN,12.1.0,ACCC_INSTALL_END,53,HD
AEFT,15.1.2,ACCC_DL_START,77,HD
AEFT,16.0,ACCC_INSTALL_END,86,HD
ILST,22.0.2,ACCC_INSTALL_END,3,HD
AUDT,10.1.2,ACCC_ERROR,1,HD
AICY,10.0,ACCC_INSTALL_END,7,RIBS
PHSP,19.1.5,ACCC_APPS_HD_CANCEL,5,HD
RUSH,1.0,ACCC_INSTALL_END,67,HD
AME,13.0,ACCC_INSTALL_END,156,HD
ILST,17.0,ACCC_INSTALL_END,17,RIBS
RUSH,0.1.0,ACCC_APPS_HD_CANCEL,2,HD
PPRO,13.0,ACCC_DL_START,92,HD
PPRO,6.0,ACCC_DL_START,13,RIBS
AICY,14.0,ACCC_INSTALL_END,67,HD
PPRO,11.1.4,ACCC_DL_START,23,HD
FLPR,15.0,ACCC_ERROR,1,RIBS
ILST,23.1,ACCC_INSTALL_END,37,HD
ILST,22.0.1,ACCC_APPS_HD_CANCEL,4,HD
AME,13.0,ACCC_DL_START,214,HD
PRLD,8.0,ACCC_INSTALL_END,37,HD
PPRO,12.0.0,ACCC_INSTALL_END,1,HD
LTRM,7.5,ACCC_APPS_HD_CANCEL,5,HD
PHSP,19.1.6,ACCC_APPS_HD_CANCEL,84,HD
DRWV,19.1,ACCC_INSTALL_END,62,HD
IDSN,10.0,ACCC_INSTALL_END,35,RIBS
PHSP,20.0,ACCC_INSTALL_END,279,HD
PHSP,19.1.6,ACCC_DL_START,200,HD
AUDT,12.0,ACCC_ERROR,6,HD
SPRK,11.0.22,ACCC_INSTALL_END,112,HD
IDSN,9.0,ACCC_INSTALL_END,20,RIBS
ILST,22.0.1,ACCC_DL_START,11,HD
ESHR,1.1.1,ACCC_ERROR,2,HD
FLPR,14.0,ACCC_INSTALL_END,10,RIBS
PHSP,20.0,ACCC_DL_START,327,HD
PPRO,12.1.2,ACCC_APPS_HD_CANCEL,14,HD
CHAR,2.0,ACCC_ERROR,5,HD
AEFT,11.0,ACCC_INSTALL_END,10,RIBS
FLPR,16.5.1,ACCC_INSTALL_END,18,HD
AUDT,5.0,ACCC_APPS_INSTALL_CANCEL,1,RIBS
DRWV,19.0,ACCC_ERROR,6,HD
APRO,19.0,ACCC_APPS_DL_CANCEL,1,PKG
LTRM,6.0,ACCC_APPS_DL_CANCEL,2,RIBS
AUDT,11.1,ACCC_APPS_HD_CANCEL,6,HD
KBRG,6.0,ACCC_DL_START,10,RIBS
PPRO,12.1,ACCC_INSTALL_END,1,HD
ANMLBETA,1.0.6,ACCC_INSTALL_END,20,HD
IDSN,13.1,ACCC_ERROR,2,HD
SPRK,5.0.12,ACCC_DL_START,11,HD
FLPR,18.0.1,ACCC_DL_START,2,HD
LTRM,8.0,ACCC_DL_START,65,HD
LRCC,1.0,ACCC_INSTALL_END,1,HD
PPRO,12.1.2,ACCC_INSTALL_END,91,HD
IDSN,8.0,ACCC_APPS_INSTALL_CANCEL,1,RIBS
PPRO,6.0,ACCC_APPS_DL_CANCEL,3,RIBS
DRWV,18.2,ACCC_INSTALL_END,85,HD
PHSP,19.0,ACCC_DL_START,3,HD
ILST,18.0,ACCC_APPS_DL_CANCEL,1,RIBS
SPRK,0.6.32,ACCC_INSTALL_END,2,HD
PRLD,8.0,ACCC_ERROR,3,HD
LTRM,4.4,ACCC_ERROR,1,RIBS
LTRM,5.7.1,ACCC_DL_START,6,PKG
ESHR,1.0.1,ACCC_INSTALL_END,1,HD
PHSP,19.1,ACCC_DL_START,2,HD
CHAR,1.5,ACCC_APPS_HD_CANCEL,3,HD
LTRM,7.5,ACCC_INSTALL_END,74,HD
AUDT,6.0,ACCC_APPS_DL_CANCEL,2,RIBS
PHSP,15.0,ACCC_INSTALL_END,19,RIBS
MUSE,2018.1.0,ACCC_INSTALL_END,3,HD
AICY,13.0,ACCC_INSTALL_END,2,HD
KBRG,6.0,ACCC_INSTALL_END,10,RIBS
AEFT,14.2.2,ACCC_DL_START,24,HD
KETK,4.0,ACCC_APPS_INSTALL_CANCEL,1,RIBS
