product,vers,code,ecount,etype
NGLR,0.9,ACCC_APPS_UPDATE_DL_END,1,HD
FLPR,19.0,ACCC_APPS_UPDATE_ERROR,4,HD
FLPR,18.0.2,ACCC_APPS_UPDATE_INSTALL_START,1,HD
ILST,16.0,ACCC_APPS_UPDATE_DL_END,1,RIBS
PHSP,18.1.6,ACCC_APPS_UPDATE_INSTALL_CANCEL,1,HD
AICY,13.1,ACCC_APPS_UPDATE_INSTALL_START,6,HD
ILST,22.1,ACCC_APPS_UPDATE_FAIL,1,HD
AUDT,11.1.1,ACCC_APPS_UPDATE_ERROR,1,HD
IDSN,9.0,ACCC_APPS_UPDATE_DL_END,3,RIBS
LTRM,7.5,ACCC_APPS_UPDATE_DL_START,7,HD
AEFT,15.1.1,ACCC_APPS_UPDATE_SUCCESS,1,HD
DRWV,19.1,ACCC_APPS_UPDATE_SUCCESS,11,HD
ACR,11.0,ACCC_APPS_UPDATE_DL_END,44,HD
CHAR,1.5,ACCC_APPS_UPDATE_INSTALL_START,2,HD
AUDT,12.0,ACCC_APPS_UPDATE_DL_CANCEL,2,HD
PHSP,16.0,ACCC_APPS_UPDATE_SUCCESS,4,RIBS
PHSP,19.1.6,ACCC_APPS_UPDATE_INSTALL_CANCEL,9,HD
ESHR,1.1.1,ACCC_APPS_UPDATE_DL_END,1,HD
ILST,22.1,ACCC_APPS_UPDATE_INSTALL_CANCEL,4,HD
KBRG,8.1,ACCC_APPS_UPDATE_DL_START,7,HD
FLPR,15.0,ACCC_APPS_UPDATE_DL_END,2,RIBS
IDSN,14.0,ACCC_APPS_UPDATE_INSTALL_START,108,HD
FLPR,13.0,ACCC_APPS_UPDATE_SUCCESS,1,RIBS
FLPR,15.0,ACCC_APPS_UPDATE_DL_START,2,RIBS
KBRG,9.0,ACCC_APPS_UPDATE_DL_END,51,HD
PHSP,14.0,ACCC_APPS_UPDATE_DL_START,4,RIBS
RUSH,1.0,ACCC_APPS_UPDATE_DL_CANCEL,6,HD
AEFT,15.1.2,ACCC_APPS_UPDATE_DL_END,3,HD
CHAR,2.0,ACCC_APPS_UPDATE_FAIL,2,HD
DRWV,19.0,ACCC_APPS_UPDATE_ERROR,2,HD
KBRG,6.0,ACCC_APPS_UPDATE_DL_START,2,RIBS
FLPR,19.0,ACCC_APPS_UPDATE_INSTALL_CANCEL,7,HD
PHSP,14.0,ACCC_APPS_UPDATE_DL_CANCEL,1,RIBS
LTRM,8.0,ACCC_APPS_UPDATE_FAIL,2,HD
IDSN,10.0,ACCC_APPS_UPDATE_SUCCESS,1,RIBS
FLPR,19.0,ACCC_APPS_UPDATE_INSTALL_START,29,HD
PHSP,14.0,ACCC_APPS_UPDATE_INSTALL_START,3,RIBS
ILST,22.1,ACCC_APPS_UPDATE_ERROR,2,HD
ACR,11.0,ACCC_APPS_UPDATE_DL_START,90,HD
IDSN,11.0,ACCC_APPS_UPDATE_INSTALL_START,3,RIBS
ESHR,1.1.1,ACCC_APPS_UPDATE_SUCCESS,1,HD
IDSN,14.0,ACCC_APPS_UPDATE_DL_END,96,HD
AEFT,15.1.2,ACCC_APPS_UPDATE_INSTALL_CANCEL,1,HD
ILST,23.0,ACCC_APPS_UPDATE_DL_CANCEL,19,HD
ESHR,1.1.2,ACCC_APPS_UPDATE_DL_CANCEL,3,HD
CHAR,2.0,ACCC_APPS_UPDATE_INSTALL_START,34,HD
AUDT,11.1.1,ACCC_APPS_UPDATE_DL_CANCEL,3,HD
FLPR,12.0,ACCC_APPS_UPDATE_INSTALL_START,3,RIBS
ESHR,1.1.1,ACCC_APPS_UPDATE_INSTALL_START,1,HD
ESHR,1.1.2,ACCC_APPS_UPDATE_DL_START,3,HD
LRCC,1.5,ACCC_APPS_UPDATE_INSTALL_CANCEL,2,HD
AICY,13.1,ACCC_APPS_UPDATE_SUCCESS,4,HD
SPRK,12.0.12,ACCC_APPS_UPDATE_DL_CANCEL,4,HD
AUDT,11.1,ACCC_APPS_UPDATE_DL_START,2,HD
LTRM,7.5,ACCC_APPS_UPDATE_DL_END,7,HD
IDSN,13.1,ACCC_APPS_UPDATE_INSTALL_START,8,HD
AUDT,11.1,ACCC_APPS_UPDATE_DL_END,2,HD
SPRK,11.0.22,ACCC_APPS_UPDATE_INSTALL_START,11,HD
FLPR,13.0,ACCC_APPS_UPDATE_DL_START,1,RIBS
DRWV,19.1,ACCC_APPS_UPDATE_INSTALL_START,12,HD
SPRK,11.0.22,ACCC_APPS_UPDATE_SUCCESS,11,HD
PHSP,20.0,ACCC_APPS_UPDATE_INSTALL_CANCEL,20,HD
AEFT,16.0,ACCC_APPS_UPDATE_DL_START,49,HD
PRLD,7.1.1,ACCC_APPS_UPDATE_SUCCESS,1,HD
FLPR,18.0.2,ACCC_APPS_UPDATE_DL_START,1,HD
KBRG,6.0,ACCC_APPS_UPDATE_DL_CANCEL,1,RIBS
PPRO,12.1.2,ACCC_APPS_UPDATE_DL_END,3,HD
FWKS,12.0.0,ACCC_APPS_UPDATE_DL_END,1,RIBS
ILST,23.0,ACCC_APPS_UPDATE_ERROR,1,HD
ILST,18.0,ACCC_APPS_UPDATE_DL_START,1,RIBS
IDSN,14.0,ACCC_APPS_UPDATE_INSTALL_CANCEL,31,HD
AEFT,16.0,ACCC_APPS_UPDATE_DL_CANCEL,6,HD
ILST,22.1,ACCC_APPS_UPDATE_INSTALL_START,9,HD
PHSP,18.1.6,ACCC_APPS_UPDATE_DL_END,5,HD
LTRM,6.0,ACCC_APPS_UPDATE_FAIL,1,RIBS
PPRO,12.1.2,ACCC_APPS_UPDATE_DL_START,3,HD
AUDT,12.0,ACCC_APPS_UPDATE_FAIL,1,HD
FLPR,12.0,ACCC_APPS_UPDATE_DL_START,3,RIBS
ESHR,1.1.1,ACCC_APPS_UPDATE_DL_START,1,HD
PHSP,19.1.6,ACCC_APPS_UPDATE_INSTALL_START,91,HD
AICY,14.0,ACCC_APPS_UPDATE_DL_END,38,HD
ILST,23.1,ACCC_APPS_UPDATE_INSTALL_START,20,HD
AME,12.1.2,ACCC_APPS_UPDATE_DL_END,4,HD
SPRK,5.0.12,ACCC_APPS_UPDATE_DL_CANCEL,1,HD
PPRO,13.0,ACCC_APPS_UPDATE_FAIL,1,HD
PHSP,13.0,ACCC_APPS_UPDATE_DL_END,7,RIBS
PRLD,7.1.1,ACCC_APPS_UPDATE_DL_END,1,HD
SPRK,11.0.22,ACCC_APPS_UPDATE_DL_END,9,HD
PRLD,7.1.1,ACCC_APPS_UPDATE_DL_START,1,HD
AICY,13.1,ACCC_APPS_UPDATE_DL_START,6,HD
ESHR,2.0,ACCC_APPS_UPDATE_DL_CANCEL,10,HD
AEFT,16.0,ACCC_APPS_UPDATE_SUCCESS,43,HD
ILST,22.1,ACCC_APPS_UPDATE_DL_END,7,HD
PHSP,19.1.6,ACCC_APPS_UPDATE_ERROR,4,HD
PHSP,15.0,ACCC_APPS_UPDATE_DL_START,4,RIBS
IDSN,8.0,ACCC_APPS_UPDATE_INSTALL_START,1,RIBS
IDSN,8.0,ACCC_APPS_UPDATE_DL_END,2,RIBS
AUDT,5.0,ACCC_APPS_UPDATE_DL_START,2,RIBS
MUSE,2018.1.0,ACCC_APPS_UPDATE_SUCCESS,1,HD
FLPR,14.0,ACCC_APPS_UPDATE_DL_START,1,RIBS
DRWV,12.0.0,ACCC_APPS_UPDATE_SUCCESS,2,RIBS
AME,13.0,ACCC_APPS_UPDATE_DL_START,32,HD
FLPR,18.0.2,ACCC_APPS_UPDATE_DL_CANCEL,1,HD
PHSP,20.0,ACCC_APPS_UPDATE_DL_END,86,HD
AEFT,13.5,ACCC_APPS_UPDATE_DL_START,1,RIBS
PPRO,12.1.2,ACCC_APPS_UPDATE_INSTALL_START,3,HD
AUDT,11.1,ACCC_APPS_UPDATE_SUCCESS,2,HD
ILST,23.1,ACCC_APPS_UPDATE_SUCCESS,17,HD
PHSP,16.0,ACCC_APPS_UPDATE_DL_CANCEL,1,RIBS
AEFT,13.5,ACCC_APPS_UPDATE_INSTALL_START,1,RIBS
DRWV,18.2,ACCC_APPS_UPDATE_DL_START,2,HD
IDSN,9.0,ACCC_APPS_UPDATE_INSTALL_START,3,RIBS
LRCC,1.5,ACCC_APPS_UPDATE_DL_END,5,HD
PHSP,13.0,ACCC_APPS_UPDATE_DL_START,7,RIBS
ACR,11.0,ACCC_APPS_UPDATE_SUCCESS,78,HD
ILST,16.0,ACCC_APPS_UPDATE_SUCCESS,1,RIBS
PPRO,13.0,ACCC_APPS_UPDATE_DL_CANCEL,13,HD
AUDT,12.0,ACCC_APPS_UPDATE_INSTALL_CANCEL,2,HD
ILST,17.0,ACCC_APPS_UPDATE_INSTALL_START,5,RIBS
CHAR,1.5,ACCC_APPS_UPDATE_SUCCESS,2,HD
AME,13.0,ACCC_APPS_UPDATE_INSTALL_START,32,HD
AEFT,15.1.2,ACCC_APPS_UPDATE_DL_START,3,HD
KBRG,9.0,ACCC_APPS_UPDATE_FAIL,1,HD
AICY,14.0,ACCC_APPS_UPDATE_INSTALL_START,45,HD
CHAR,1.5,ACCC_APPS_UPDATE_DL_START,2,HD
KBRG,8.1,ACCC_APPS_UPDATE_DL_END,7,HD
AUDT,6.0,ACCC_APPS_UPDATE_DL_START,3,RIBS
IDSN,9.0,ACCC_APPS_UPDATE_SUCCESS,2,RIBS
IDSN,14.0,ACCC_APPS_UPDATE_ERROR,4,HD
ILST,23.0,ACCC_APPS_UPDATE_DL_START,88,HD
LRCC,2.0,ACCC_APPS_UPDATE_ERROR,1,HD
IDSN,10.0,ACCC_APPS_UPDATE_INSTALL_START,1,RIBS
PPRO,13.0,ACCC_APPS_UPDATE_DL_END,50,HD
CHAR,2.0,ACCC_APPS_UPDATE_INSTALL_CANCEL,4,HD
IDSN,13.1,ACCC_APPS_UPDATE_INSTALL_CANCEL,2,HD
DRWV,18.2,ACCC_APPS_UPDATE_DL_CANCEL,1,HD
AICY,13.1,ACCC_APPS_UPDATE_DL_CANCEL,3,HD
AME,12.1.2,ACCC_APPS_UPDATE_INSTALL_CANCEL,1,HD
SPRK,12.0.12,ACCC_APPS_UPDATE_DL_END,23,HD
LTRM,8.0,ACCC_APPS_UPDATE_INSTALL_START,28,HD
ILST,16.0,ACCC_APPS_UPDATE_INSTALL_START,1,RIBS
ILST,23.2,ACCC_APPS_UPDATE_FAIL,1,HD
AICY,14.0,ACCC_APPS_UPDATE_INSTALL_CANCEL,13,HD
LTRM,8.0,ACCC_APPS_UPDATE_ERROR,2,HD
AEFT,13.5,ACCC_APPS_UPDATE_SUCCESS,1,RIBS
ILST,18.0,ACCC_APPS_UPDATE_INSTALL_START,1,RIBS
DRWV,19.0,ACCC_APPS_UPDATE_DL_CANCEL,4,HD
AUDT,11.1.1,ACCC_APPS_UPDATE_DL_END,3,HD
PHSP,20.0,ACCC_APPS_UPDATE_FAIL,2,HD
PHSP,20.0,ACCC_APPS_UPDATE_DL_CANCEL,20,HD
CHAR,1.5,ACCC_APPS_UPDATE_DL_END,2,HD
FLPR,15.0,ACCC_APPS_UPDATE_SUCCESS,2,RIBS
ESHR,1.1.2,ACCC_APPS_UPDATE_INSTALL_START,3,HD
IDSN,11.0,ACCC_APPS_UPDATE_SUCCESS,3,RIBS
LTRM,7.5,ACCC_APPS_UPDATE_INSTALL_CANCEL,2,HD
AUDT,11.1.1,ACCC_APPS_UPDATE_INSTALL_CANCEL,3,HD
CHAR,2.0,ACCC_APPS_UPDATE_DL_CANCEL,4,HD
LTRM,6.0,ACCC_APPS_UPDATE_DL_END,6,RIBS
AUDT,12.0,ACCC_APPS_UPDATE_DL_END,7,HD
IDSN,9.0,ACCC_APPS_UPDATE_FAIL,1,RIBS
AUDT,11.1.1,ACCC_APPS_UPDATE_DL_START,7,HD
AICY,8.0,ACCC_APPS_UPDATE_DL_CANCEL,3,RIBS
LRCC,2.0,ACCC_APPS_UPDATE_SUCCESS,36,HD
AICY,14.0,ACCC_APPS_UPDATE_FAIL,1,HD
IDSN,13.1,ACCC_APPS_UPDATE_DL_CANCEL,2,HD
ILST,23.1,ACCC_APPS_UPDATE_INSTALL_CANCEL,2,HD
ACR,11.0,ACCC_APPS_UPDATE_DL_CANCEL,22,HD
PRLD,8.0,ACCC_APPS_UPDATE_DL_END,5,HD
SPRK,5.0.12,ACCC_APPS_UPDATE_INSTALL_START,1,HD
SPRK,12.0.12,ACCC_APPS_UPDATE_DL_START,26,HD
RUSH,1.0,ACCC_APPS_UPDATE_ERROR,1,HD
KBRG,8.1,ACCC_APPS_UPDATE_SUCCESS,6,HD
KBRG,6.0,ACCC_APPS_UPDATE_DL_END,2,RIBS
DRWV,18.2,ACCC_APPS_UPDATE_INSTALL_CANCEL,1,HD
ILST,17.0,ACCC_APPS_UPDATE_INSTALL_CANCEL,1,RIBS
AUDT,11.1,ACCC_APPS_UPDATE_INSTALL_START,2,HD
ACR,11.0,ACCC_APPS_UPDATE_FAIL,2,HD
AICY,14.0,ACCC_APPS_UPDATE_DL_CANCEL,11,HD
IDSN,11.0,ACCC_APPS_UPDATE_DL_END,4,RIBS
PHSP,18.1.6,ACCC_APPS_UPDATE_SUCCESS,5,HD
ESHR,2.0,ACCC_APPS_UPDATE_INSTALL_CANCEL,10,HD
SPRK,5.0.12,ACCC_APPS_UPDATE_DL_START,1,HD
IDSN,8.0,ACCC_APPS_UPDATE_FAIL,1,RIBS
ESHR,2.0,ACCC_APPS_UPDATE_DL_START,21,HD
AME,12.1.2,ACCC_APPS_UPDATE_DL_CANCEL,1,HD
LTRM,6.0,ACCC_APPS_UPDATE_DL_START,7,RIBS
IDSN,10.0,ACCC_APPS_UPDATE_DL_END,1,RIBS
FLPR,13.0,ACCC_APPS_UPDATE_DL_END,1,RIBS
FLPR,18.0.2,ACCC_APPS_UPDATE_INSTALL_CANCEL,1,HD
PHSP,15.0,ACCC_APPS_UPDATE_SUCCESS,1,RIBS
IDSN,11.0,ACCC_APPS_UPDATE_DL_START,4,RIBS
ESHR,2.0,ACCC_APPS_UPDATE_DL_END,17,HD
IDSN,14.0,ACCC_APPS_UPDATE_DL_CANCEL,29,HD
PHSP,19.1.6,ACCC_APPS_UPDATE_SUCCESS,82,HD
SPRK,12.0.12,ACCC_APPS_UPDATE_ERROR,3,HD
LRCC,1.5,ACCC_APPS_UPDATE_DL_START,6,HD
RUSH,1.0,ACCC_APPS_UPDATE_DL_START,29,HD
LRCC,1.5,ACCC_APPS_UPDATE_DL_CANCEL,2,HD
IDSN,13.1,ACCC_APPS_UPDATE_DL_END,7,HD
LTRM,7.5,ACCC_APPS_UPDATE_INSTALL_START,7,HD
PHSP,13.0,ACCC_APPS_UPDATE_DL_CANCEL,2,RIBS
FLPR,14.0,ACCC_APPS_UPDATE_INSTALL_START,1,RIBS
AUDT,11.1.1,ACCC_APPS_UPDATE_INSTALL_START,7,HD
DRWV,19.1,ACCC_APPS_UPDATE_INSTALL_CANCEL,1,HD
ILST,17.0,ACCC_APPS_UPDATE_FAIL,1,RIBS
FLPR,12.0,ACCC_APPS_UPDATE_INSTALL_CANCEL,1,RIBS
DRWV,12.0.0,ACCC_APPS_UPDATE_DL_END,2,RIBS
AUDT,6.0,ACCC_APPS_UPDATE_INSTALL_START,3,RIBS
LTRM,8.0,ACCC_APPS_UPDATE_SUCCESS,24,HD
LTRM,6.0,ACCC_APPS_UPDATE_INSTALL_START,6,RIBS
AME,13.0,ACCC_APPS_UPDATE_DL_END,30,HD
LRCC,1.5,ACCC_APPS_UPDATE_INSTALL_START,6,HD
KBRG,8.1,ACCC_APPS_UPDATE_DL_CANCEL,1,HD
AUDT,11.1.1,ACCC_APPS_UPDATE_SUCCESS,3,HD
AEFT,15.1.2,ACCC_APPS_UPDATE_DL_CANCEL,1,HD
AUDT,6.0,ACCC_APPS_UPDATE_SUCCESS,3,RIBS
RUSH,1.0,ACCC_APPS_UPDATE_SUCCESS,22,HD
ILST,22.1,ACCC_APPS_UPDATE_DL_CANCEL,4,HD
PHSP,13.0,ACCC_APPS_UPDATE_FAIL,3,RIBS
PRLD,8.0,ACCC_APPS_UPDATE_SUCCESS,5,HD
AEFT,16.0,ACCC_APPS_UPDATE_INSTALL_START,49,HD
AUDT,12.0,ACCC_APPS_UPDATE_INSTALL_START,10,HD
PHSP,13.0,ACCC_APPS_UPDATE_SUCCESS,4,RIBS
AUDT,6.0,ACCC_APPS_UPDATE_DL_CANCEL,1,RIBS
KBRG,9.0,ACCC_APPS_UPDATE_ERROR,4,HD
PHSP,20.0,ACCC_APPS_UPDATE_SUCCESS,86,HD
FWKS,12.0.0,ACCC_APPS_UPDATE_INSTALL_START,1,RIBS
ILST,17.0,ACCC_APPS_UPDATE_DL_END,5,RIBS
PHSP,20.0,ACCC_APPS_UPDATE_INSTALL_START,99,HD
PHSP,14.0,ACCC_APPS_UPDATE_DL_END,3,RIBS
DRWV,18.2,ACCC_APPS_UPDATE_DL_END,1,HD
AEFT,16.0,ACCC_APPS_UPDATE_ERROR,2,HD
ILST,17.0,ACCC_APPS_UPDATE_DL_START,5,RIBS
LRCC,2.0,ACCC_APPS_UPDATE_DL_END,36,HD
CHAR,2.0,ACCC_APPS_UPDATE_SUCCESS,31,HD
AUDT,6.0,ACCC_APPS_UPDATE_DL_END,3,RIBS
AICY,13.1,ACCC_APPS_UPDATE_INSTALL_CANCEL,3,HD
DRWV,19.1,ACCC_APPS_UPDATE_DL_END,11,HD
PHSP,18.1.6,ACCC_APPS_UPDATE_DL_START,7,HD
DRWV,12.0.0,ACCC_APPS_UPDATE_DL_START,2,RIBS
PHSP,19.1.6,ACCC_APPS_UPDATE_DL_END,82,HD
FLPR,12.0,ACCC_APPS_UPDATE_SUCCESS,3,RIBS
PHSP,20.0,ACCC_APPS_UPDATE_ERROR,3,HD
DRWV,19.0,ACCC_APPS_UPDATE_DL_END,30,HD
FWKS,12.0.0,ACCC_APPS_UPDATE_DL_START,1,RIBS
ILST,17.0,ACCC_APPS_UPDATE_SUCCESS,1,RIBS
IDSN,13.1,ACCC_APPS_UPDATE_DL_START,8,HD
ILST,18.0,ACCC_APPS_UPDATE_DL_END,1,RIBS
IDSN,14.0,ACCC_APPS_UPDATE_DL_START,108,HD
DRWV,19.1,ACCC_APPS_UPDATE_DL_CANCEL,1,HD
ILST,16.0,ACCC_APPS_UPDATE_DL_START,3,RIBS
FLPR,19.0,ACCC_APPS_UPDATE_FAIL,2,HD
PHSP,14.0,ACCC_APPS_UPDATE_FAIL,2,RIBS
FWKS,12.0.0,ACCC_APPS_UPDATE_SUCCESS,1,RIBS
ILST,23.0,ACCC_APPS_UPDATE_INSTALL_START,88,HD
ILST,23.0,ACCC_APPS_UPDATE_SUCCESS,76,HD
RUSH,1.0,ACCC_APPS_UPDATE_DL_END,22,HD
ILST,23.0,ACCC_APPS_UPDATE_INSTALL_CANCEL,19,HD
PHSP,19.1.6,ACCC_APPS_UPDATE_DL_START,91,HD
LTRM,8.0,ACCC_APPS_UPDATE_DL_END,24,HD
ILST,17.0,ACCC_APPS_UPDATE_ERROR,4,RIBS
DRWV,19.0,ACCC_APPS_UPDATE_INSTALL_START,34,HD
AICY,14.0,ACCC_APPS_UPDATE_SUCCESS,37,HD
ESHR,1.1.2,ACCC_APPS_UPDATE_INSTALL_CANCEL,3,HD
MUSE,2018.1.0,ACCC_APPS_UPDATE_INSTALL_START,1,HD
PHSP,16.0,ACCC_APPS_UPDATE_FAIL,1,RIBS
DRWV,19.1,ACCC_APPS_UPDATE_DL_START,12,HD
IDSN,8.0,ACCC_APPS_UPDATE_SUCCESS,1,RIBS
PHSP,14.0,ACCC_APPS_UPDATE_SUCCESS,2,RIBS
ILST,23.1,ACCC_APPS_UPDATE_FAIL,1,HD
KBRG,9.0,ACCC_APPS_UPDATE_DL_START,60,HD
FLPR,14.0,ACCC_APPS_UPDATE_SUCCESS,1,RIBS
DRWV,19.0,ACCC_APPS_UPDATE_INSTALL_CANCEL,4,HD
AME,13.0,ACCC_APPS_UPDATE_INSTALL_CANCEL,4,HD
LRCC,2.0,ACCC_APPS_UPDATE_DL_START,40,HD
PHSP,20.0,ACCC_APPS_UPDATE_DL_START,99,HD
IDSN,14.0,ACCC_APPS_UPDATE_FAIL,2,HD
DRWV,19.0,ACCC_APPS_UPDATE_SUCCESS,29,HD
ILST,22.1,ACCC_APPS_UPDATE_SUCCESS,7,HD
LRCC,2.0,ACCC_APPS_UPDATE_DL_CANCEL,7,HD
LRCC,2.0,ACCC_APPS_UPDATE_INSTALL_START,40,HD
SPRK,5.0.12,ACCC_APPS_UPDATE_SUCCESS,1,HD
AEFT,15.1.1,ACCC_APPS_UPDATE_DL_END,1,HD
NGLR,0.9,ACCC_APPS_UPDATE_SUCCESS,1,HD
ILST,18.0,ACCC_APPS_UPDATE_SUCCESS,1,RIBS
PPRO,13.0,ACCC_APPS_UPDATE_INSTALL_CANCEL,13,HD
FLPR,12.0,ACCC_APPS_UPDATE_DL_END,3,RIBS
KBRG,9.0,ACCC_APPS_UPDATE_SUCCESS,50,HD
KBRG,6.0,ACCC_APPS_UPDATE_SUCCESS,2,RIBS
AEFT,15.1.2,ACCC_APPS_UPDATE_SUCCESS,3,HD
NGLR,0.9,ACCC_APPS_UPDATE_INSTALL_START,1,HD
AEFT,15.1.2,ACCC_APPS_UPDATE_INSTALL_START,3,HD
KBRG,8.1,ACCC_APPS_UPDATE_INSTALL_START,7,HD
ACR,11.0,ACCC_APPS_UPDATE_INSTALL_CANCEL,22,HD
PPRO,13.0,ACCC_APPS_UPDATE_DL_START,61,HD
AUDT,5.0,ACCC_APPS_UPDATE_DL_CANCEL,2,RIBS
LTRM,8.0,ACCC_APPS_UPDATE_DL_CANCEL,7,HD
IDSN,10.0,ACCC_APPS_UPDATE_DL_CANCEL,2,RIBS
ESHR,2.0,ACCC_APPS_UPDATE_INSTALL_START,21,HD
KBRG,8.1,ACCC_APPS_UPDATE_INSTALL_CANCEL,1,HD
AICY,8.0,ACCC_APPS_UPDATE_DL_START,3,RIBS
FLPR,13.0,ACCC_APPS_UPDATE_INSTALL_START,1,RIBS
AEFT,15.1.1,ACCC_APPS_UPDATE_DL_START,1,HD
PHSP,15.0,ACCC_APPS_UPDATE_DL_END,3,RIBS
ILST,23.1,ACCC_APPS_UPDATE_DL_CANCEL,2,HD
AUDT,12.0,ACCC_APPS_UPDATE_DL_START,10,HD
LTRM,7.5,ACCC_APPS_UPDATE_ERROR,1,HD
PHSP,15.0,ACCC_APPS_UPDATE_INSTALL_START,3,RIBS
AME,12.1.2,ACCC_APPS_UPDATE_DL_START,5,HD
AICY,14.0,ACCC_APPS_UPDATE_ERROR,6,HD
AICY,14.0,ACCC_APPS_UPDATE_DL_START,45,HD
FLPR,19.0,ACCC_APPS_UPDATE_DL_CANCEL,7,HD
PPRO,13.0,ACCC_APPS_UPDATE_SUCCESS,49,HD
PRLD,8.0,ACCC_APPS_UPDATE_INSTALL_START,5,HD
PHSP,19.1.6,ACCC_APPS_UPDATE_FAIL,0,HD
PRLD,7.1.1,ACCC_APPS_UPDATE_INSTALL_START,1,HD
RUSH,1.0,ACCC_APPS_UPDATE_INSTALL_CANCEL,6,HD
IDSN,11.0,ACCC_APPS_UPDATE_DL_CANCEL,2,RIBS
DRWV,19.0,ACCC_APPS_UPDATE_FAIL,3,HD
AUDT,5.0,ACCC_APPS_UPDATE_FAIL,1,RIBS
IDSN,10.0,ACCC_APPS_UPDATE_DL_START,3,RIBS
IDSN,14.0,ACCC_APPS_UPDATE_SUCCESS,92,HD
PHSP,19.1.6,ACCC_APPS_UPDATE_DL_CANCEL,9,HD
AME,12.1.2,ACCC_APPS_UPDATE_INSTALL_START,5,HD
PHSP,15.0,ACCC_APPS_UPDATE_DL_CANCEL,1,RIBS
IDSN,8.0,ACCC_APPS_UPDATE_DL_START,2,RIBS
CHAR,2.0,ACCC_APPS_UPDATE_DL_END,29,HD
ILST,22.1,ACCC_APPS_UPDATE_DL_START,9,HD
LRCC,2.0,ACCC_APPS_UPDATE_INSTALL_CANCEL,7,HD
FLPR,19.0,ACCC_APPS_UPDATE_DL_END,24,HD
ACR,10.5,ACCC_APPS_UPDATE_DL_END,11,HD
ILST,23.1,ACCC_APPS_UPDATE_DL_END,17,HD
AME,13.0,ACCC_APPS_UPDATE_SUCCESS,29,HD
SPRK,11.0.22,ACCC_APPS_UPDATE_DL_START,11,HD
FLPR,15.0,ACCC_APPS_UPDATE_INSTALL_START,2,RIBS
SPRK,12.0.12,ACCC_APPS_UPDATE_SUCCESS,24,HD
ILST,17.0,ACCC_APPS_UPDATE_DL_CANCEL,1,RIBS
SPRK,12.0.12,ACCC_APPS_UPDATE_INSTALL_START,26,HD
AICY,13.1,ACCC_APPS_UPDATE_DL_END,4,HD
IDSN,8.0,ACCC_APPS_UPDATE_DL_CANCEL,1,RIBS
PHSP,18.1.6,ACCC_APPS_UPDATE_DL_CANCEL,1,HD
AEFT,16.0,ACCC_APPS_UPDATE_INSTALL_CANCEL,7,HD
AUDT,12.0,ACCC_APPS_UPDATE_ERROR,1,HD
ILST,23.0,ACCC_APPS_UPDATE_DL_END,77,HD
PHSP,16.0,ACCC_APPS_UPDATE_DL_END,5,RIBS
ACR,10.5,ACCC_APPS_UPDATE_DL_START,16,HD
KBRG,9.0,ACCC_APPS_UPDATE_DL_CANCEL,24,HD
LTRM,6.0,ACCC_APPS_UPDATE_SUCCESS,5,RIBS
PHSP,16.0,ACCC_APPS_UPDATE_INSTALL_START,5,RIBS
ILST,23.2,ACCC_APPS_UPDATE_INSTALL_START,1,HD
ACR,10.5,ACCC_APPS_UPDATE_INSTALL_START,16,HD
PHSP,16.0,ACCC_APPS_UPDATE_DL_START,5,RIBS
PHSP,18.1.6,ACCC_APPS_UPDATE_INSTALL_START,7,HD
AEFT,16.0,ACCC_APPS_UPDATE_DL_END,43,HD
KBRG,6.0,ACCC_APPS_UPDATE_INSTALL_START,2,RIBS
AME,12.1.2,ACCC_APPS_UPDATE_SUCCESS,4,HD
PRLD,8.0,ACCC_APPS_UPDATE_DL_START,5,HD
ILST,23.0,ACCC_APPS_UPDATE_FAIL,2,HD
AUDT,12.0,ACCC_APPS_UPDATE_SUCCESS,8,HD
DRWV,12.0.0,ACCC_APPS_UPDATE_INSTALL_START,2,RIBS
FLPR,19.0,ACCC_APPS_UPDATE_DL_START,29,HD
LRCC,1.5,ACCC_APPS_UPDATE_SUCCESS,5,HD
SPRK,5.0.12,ACCC_APPS_UPDATE_INSTALL_CANCEL,1,HD
NGLR,0.9,ACCC_APPS_UPDATE_DL_START,1,HD
AME,13.0,ACCC_APPS_UPDATE_DL_CANCEL,3,HD
KBRG,9.0,ACCC_APPS_UPDATE_INSTALL_START,60,HD
FLPR,12.0,ACCC_APPS_UPDATE_DL_CANCEL,1,RIBS
CHAR,2.0,ACCC_APPS_UPDATE_DL_START,34,HD
DRWV,18.2,ACCC_APPS_UPDATE_INSTALL_START,2,HD
IDSN,9.0,ACCC_APPS_UPDATE_DL_START,3,RIBS
PHSP,13.0,ACCC_APPS_UPDATE_INSTALL_START,6,RIBS
DRWV,19.0,ACCC_APPS_UPDATE_DL_START,34,HD
MUSE,2018.1.0,ACCC_APPS_UPDATE_DL_START,1,HD
MUSE,2018.1.0,ACCC_APPS_UPDATE_DL_END,1,HD
PHSP,15.0,ACCC_APPS_UPDATE_FAIL,2,RIBS
FLPR,19.0,ACCC_APPS_UPDATE_SUCCESS,24,HD
LTRM,6.0,ACCC_APPS_UPDATE_DL_CANCEL,1,RIBS
SPRK,12.0.12,ACCC_APPS_UPDATE_INSTALL_CANCEL,4,HD
PPRO,13.0,ACCC_APPS_UPDATE_INSTALL_START,61,HD
PHSP,18.1.6,ACCC_APPS_UPDATE_ERROR,1,HD
LRCC,1.5,ACCC_APPS_UPDATE_ERROR,1,HD
RUSH,1.0,ACCC_APPS_UPDATE_INSTALL_START,29,HD
ACR,11.0,ACCC_APPS_UPDATE_INSTALL_START,90,HD
IDSN,13.1,ACCC_APPS_UPDATE_SUCCESS,6,HD
DRWV,18.2,ACCC_APPS_UPDATE_SUCCESS,1,HD
KBRG,9.0,ACCC_APPS_UPDATE_INSTALL_CANCEL,24,HD
ILST,16.0,ACCC_APPS_UPDATE_DL_CANCEL,2,RIBS
AEFT,15.1.1,ACCC_APPS_UPDATE_INSTALL_START,1,HD
ACR,11.0,ACCC_APPS_UPDATE_ERROR,5,HD
ILST,23.2,ACCC_APPS_UPDATE_DL_START,1,HD
ESHR,2.0,ACCC_APPS_UPDATE_SUCCESS,17,HD
LTRM,7.5,ACCC_APPS_UPDATE_SUCCESS,7,HD
FLPR,14.0,ACCC_APPS_UPDATE_DL_END,1,RIBS
ACR,10.5,ACCC_APPS_UPDATE_SUCCESS,16,HD
LTRM,8.0,ACCC_APPS_UPDATE_INSTALL_CANCEL,7,HD
ILST,23.1,ACCC_APPS_UPDATE_DL_START,20,HD
AEFT,13.5,ACCC_APPS_UPDATE_DL_END,1,RIBS
SPRK,5.0.12,ACCC_APPS_UPDATE_DL_END,1,HD
LTRM,8.0,ACCC_APPS_UPDATE_DL_START,28,HD
PPRO,12.1.2,ACCC_APPS_UPDATE_SUCCESS,3,HD
LTRM,7.5,ACCC_APPS_UPDATE_DL_CANCEL,2,HD
