product,vers,code,ecount,etype
LRCC,1.5,ACCC_APPS_UPDATE_SUCCESS,0,HD
AUDT,12.0,ACCC_APPS_UPDATE_DL_START,1,HD
ILST,23.2,ACCC_APPS_UPDATE_INSTALL_START,1,HD
DRWV,19.0,ACCC_APPS_UPDATE_INSTALL_START,4,HD
DRWV,19.0,ACCC_APPS_UPDATE_SUCCESS,3,HD
LTRM,8.0,ACCC_APPS_UPDATE_SUCCESS,1,HD
SPRK,12.0.12,ACCC_APPS_UPDATE_INSTALL_START,1,HD
DRWV,19.0,ACCC_APPS_UPDATE_DL_END,3,HD
AME,13.0,ACCC_APPS_UPDATE_SUCCESS,4,HD
LTRM,8.0,ACCC_APPS_UPDATE_DL_END,2,HD
PHSP,19.1.6,ACCC_APPS_UPDATE_DL_START,2,HD
ILST,23.0,ACCC_APPS_UPDATE_INSTALL_START,10,HD
ILST,22.1,ACCC_APPS_UPDATE_SUCCESS,1,HD
ESHR,2.0,ACCC_APPS_UPDATE_DL_START,2,HD
PHSP,20.0,ACCC_APPS_UPDATE_DL_START,11,HD
ILST,23.1,ACCC_APPS_UPDATE_FAIL,1,HD
LRCC,2.0,ACCC_APPS_UPDATE_DL_END,1,HD
LTRM,7.5,ACCC_APPS_UPDATE_INSTALL_START,0,HD
LRCC,2.0,ACCC_APPS_UPDATE_DL_START,1,HD
ACR,11.0,ACCC_APPS_UPDATE_INSTALL_CANCEL,1,HD
FLPR,19.0,ACCC_APPS_UPDATE_ERROR,1,HD
AUDT,11.1.1,ACCC_APPS_UPDATE_INSTALL_START,0,HD
RUSH,1.0,ACCC_APPS_UPDATE_INSTALL_CANCEL,2,HD
PPRO,13.0,ACCC_APPS_UPDATE_DL_END,7,HD
PPRO,13.0,ACCC_APPS_UPDATE_SUCCESS,7,HD
LRCC,2.0,ACCC_APPS_UPDATE_SUCCESS,1,HD
ACR,11.0,ACCC_APPS_UPDATE_DL_END,2,HD
KBRG,9.0,ACCC_APPS_UPDATE_SUCCESS,3,HD
IDSN,14.0,ACCC_APPS_UPDATE_SUCCESS,6,HD
ACR,11.0,ACCC_APPS_UPDATE_DL_START,6,HD
ILST,22.1,ACCC_APPS_UPDATE_DL_START,1,HD
PHSP,20.0,ACCC_APPS_UPDATE_INSTALL_CANCEL,1,HD
ILST,23.0,ACCC_APPS_UPDATE_DL_END,8,HD
PPRO,13.0,ACCC_APPS_UPDATE_DL_START,9,HD
ESHR,2.0,ACCC_APPS_UPDATE_INSTALL_START,2,HD
AUDT,12.0,ACCC_APPS_UPDATE_DL_CANCEL,1,HD
DRWV,19.0,ACCC_APPS_UPDATE_INSTALL_CANCEL,1,HD
DRWV,19.0,ACCC_APPS_UPDATE_DL_START,4,HD
AEFT,16.0,ACCC_APPS_UPDATE_DL_START,6,HD
AEFT,16.0,ACCC_APPS_UPDATE_DL_END,5,HD
AEFT,16.0,ACCC_APPS_UPDATE_SUCCESS,5,HD
PPRO,13.0,ACCC_APPS_UPDATE_DL_CANCEL,3,HD
ESHR,2.0,ACCC_APPS_UPDATE_INSTALL_CANCEL,2,HD
LTRM,8.0,ACCC_APPS_UPDATE_INSTALL_START,2,HD
DRWV,19.0,ACCC_APPS_UPDATE_DL_CANCEL,1,HD
AUDT,11.1.1,ACCC_APPS_UPDATE_DL_END,0,HD
SPRK,12.0.12,ACCC_APPS_UPDATE_DL_START,1,HD
AUDT,11.1.1,ACCC_APPS_UPDATE_DL_START,0,HD
ILST,23.2,ACCC_APPS_UPDATE_DL_START,1,HD
LTRM,7.5,ACCC_APPS_UPDATE_DL_END,0,HD
LTRM,7.5,ACCC_APPS_UPDATE_DL_START,0,HD
PHSP,20.0,ACCC_APPS_UPDATE_INSTALL_START,11,HD
ILST,23.1,ACCC_APPS_UPDATE_INSTALL_START,1,HD
AME,13.0,ACCC_APPS_UPDATE_DL_START,4,HD
SPRK,12.0.12,ACCC_APPS_UPDATE_DL_END,1,HD
LTRM,8.0,ACCC_APPS_UPDATE_DL_START,2,HD
AME,13.0,ACCC_APPS_UPDATE_INSTALL_START,4,HD
PPRO,13.0,ACCC_APPS_UPDATE_INSTALL_START,9,HD
AUDT,12.0,ACCC_APPS_UPDATE_INSTALL_CANCEL,1,HD
IDSN,13.1,ACCC_APPS_UPDATE_INSTALL_START,1,HD
ILST,23.0,ACCC_APPS_UPDATE_DL_CANCEL,2,HD
ILST,23.1,ACCC_APPS_UPDATE_DL_START,1,HD
AME,13.0,ACCC_APPS_UPDATE_DL_END,4,HD
PHSP,20.0,ACCC_APPS_UPDATE_SUCCESS,9,HD
IDSN,13.1,ACCC_APPS_UPDATE_DL_START,1,HD
IDSN,13.1,ACCC_APPS_UPDATE_DL_END,1,HD
LRCC,2.0,ACCC_APPS_UPDATE_INSTALL_START,1,HD
PHSP,19.1.6,ACCC_APPS_UPDATE_INSTALL_START,2,HD
LTRM,8.0,ACCC_APPS_UPDATE_INSTALL_CANCEL,1,HD
ILST,23.0,ACCC_APPS_UPDATE_SUCCESS,8,HD
ILST,22.1,ACCC_APPS_UPDATE_INSTALL_CANCEL,1,HD
IDSN,14.0,ACCC_APPS_UPDATE_INSTALL_START,6,HD
IDSN,11.0,ACCC_APPS_UPDATE_DL_CANCEL,1,RIBS
RUSH,1.0,ACCC_APPS_UPDATE_DL_START,2,HD
ILST,22.1,ACCC_APPS_UPDATE_INSTALL_START,1,HD
FLPR,19.0,ACCC_APPS_UPDATE_DL_START,1,HD
PHSP,20.0,ACCC_APPS_UPDATE_DL_END,9,HD
PHSP,19.1.6,ACCC_APPS_UPDATE_SUCCESS,2,HD
ESHR,2.0,ACCC_APPS_UPDATE_DL_CANCEL,2,HD
AEFT,16.0,ACCC_APPS_UPDATE_INSTALL_START,6,HD
LTRM,7.5,ACCC_APPS_UPDATE_SUCCESS,0,HD
ILST,23.2,ACCC_APPS_UPDATE_FAIL,1,HD
ACR,11.0,ACCC_APPS_UPDATE_DL_CANCEL,1,HD
AUDT,12.0,ACCC_APPS_UPDATE_INSTALL_START,1,HD
LRCC,1.5,ACCC_APPS_UPDATE_INSTALL_START,0,HD
ACR,11.0,ACCC_APPS_UPDATE_INSTALL_START,6,HD
PPRO,13.0,ACCC_APPS_UPDATE_INSTALL_CANCEL,3,HD
LRCC,1.5,ACCC_APPS_UPDATE_DL_START,0,HD
IDSN,13.1,ACCC_APPS_UPDATE_SUCCESS,1,HD
ILST,23.0,ACCC_APPS_UPDATE_INSTALL_CANCEL,2,HD
RUSH,1.0,ACCC_APPS_UPDATE_INSTALL_START,2,HD
RUSH,1.0,ACCC_APPS_UPDATE_DL_CANCEL,2,HD
ILST,23.0,ACCC_APPS_UPDATE_DL_START,10,HD
IDSN,10.0,ACCC_APPS_UPDATE_DL_START,1,RIBS
IDSN,10.0,ACCC_APPS_UPDATE_DL_CANCEL,1,RIBS
SPRK,12.0.12,ACCC_APPS_UPDATE_SUCCESS,1,HD
IDSN,14.0,ACCC_APPS_UPDATE_DL_END,6,HD
ACR,11.0,ACCC_APPS_UPDATE_SUCCESS,4,HD
FLPR,19.0,ACCC_APPS_UPDATE_INSTALL_START,1,HD
AEFT,16.0,ACCC_APPS_UPDATE_INSTALL_CANCEL,1,HD
KBRG,9.0,ACCC_APPS_UPDATE_INSTALL_START,3,HD
AME,13.0,ACCC_APPS_UPDATE_DL_CANCEL,1,HD
KBRG,9.0,ACCC_APPS_UPDATE_DL_END,3,HD
PHSP,19.1.6,ACCC_APPS_UPDATE_DL_END,2,HD
IDSN,14.0,ACCC_APPS_UPDATE_DL_START,6,HD
AUDT,11.1.1,ACCC_APPS_UPDATE_SUCCESS,0,HD
IDSN,11.0,ACCC_APPS_UPDATE_DL_START,1,RIBS
AEFT,16.0,ACCC_APPS_UPDATE_DL_CANCEL,1,HD
LRCC,1.5,ACCC_APPS_UPDATE_DL_END,0,HD
KBRG,9.0,ACCC_APPS_UPDATE_DL_START,3,HD
AME,13.0,ACCC_APPS_UPDATE_INSTALL_CANCEL,1,HD
ILST,22.1,ACCC_APPS_UPDATE_DL_CANCEL,1,HD
ILST,22.1,ACCC_APPS_UPDATE_DL_END,1,HD
PHSP,20.0,ACCC_APPS_UPDATE_DL_CANCEL,1,HD
