product,vers,code,ecount,etype
LRCC,1.5,ACCC_APPS_UPDATE_SUCCESS,1,HD
ACR,10.5,ACCC_APPS_UPDATE_INSTALL_START,1,HD
PHSP,16.0,ACCC_APPS_UPDATE_INSTALL_START,1,RIBS
FLPR,12.0,ACCC_APPS_UPDATE_INSTALL_START,1,RIBS
AEFT,16.0,ACCC_APPS_UPDATE_DL_START,4,HD
FLPR,19.0,ACCC_APPS_UPDATE_ERROR,1,HD
LTRM,8.0,ACCC_APPS_UPDATE_SUCCESS,1,HD
FLPR,12.0,ACCC_APPS_UPDATE_INSTALL_CANCEL,1,RIBS
DRWV,19.0,ACCC_APPS_UPDATE_DL_END,1,HD
AICY,14.0,ACCC_APPS_UPDATE_DL_START,2,HD
FLPR,19.0,ACCC_APPS_UPDATE_DL_CANCEL,1,HD
SPRK,12.0.12,ACCC_APPS_UPDATE_DL_CANCEL,1,HD
AICY,14.0,ACCC_APPS_UPDATE_DL_END,2,HD
FLPR,12.0,ACCC_APPS_UPDATE_DL_START,1,RIBS
ESHR,2.0,ACCC_APPS_UPDATE_DL_START,1,HD
PHSP,20.0,ACCC_APPS_UPDATE_DL_START,6,HD
LTRM,8.0,ACCC_APPS_UPDATE_DL_END,1,HD
PHSP,19.1.6,ACCC_APPS_UPDATE_DL_START,1,HD
ILST,23.0,ACCC_APPS_UPDATE_INSTALL_START,6,HD
LRCC,2.0,ACCC_APPS_UPDATE_DL_START,1,HD
LTRM,7.5,ACCC_APPS_UPDATE_INSTALL_START,1,HD
CHAR,2.0,ACCC_APPS_UPDATE_SUCCESS,4,HD
PHSP,19.1.6,ACCC_APPS_UPDATE_INSTALL_CANCEL,1,HD
AME,13.0,ACCC_APPS_UPDATE_SUCCESS,1,HD
PPRO,13.0,ACCC_APPS_UPDATE_DL_END,2,HD
CHAR,2.0,ACCC_APPS_UPDATE_INSTALL_CANCEL,1,HD
ILST,23.0,ACCC_APPS_UPDATE_DL_END,6,HD
AEFT,16.0,ACCC_APPS_UPDATE_DL_END,4,HD
RUSH,1.0,ACCC_APPS_UPDATE_SUCCESS,2,HD
LRCC,1.5,ACCC_APPS_UPDATE_DL_CANCEL,1,HD
CHAR,2.0,ACCC_APPS_UPDATE_DL_END,4,HD
ESHR,2.0,ACCC_APPS_UPDATE_INSTALL_START,1,HD
LTRM,7.5,ACCC_APPS_UPDATE_ERROR,1,HD
PPRO,13.0,ACCC_APPS_UPDATE_SUCCESS,2,HD
KBRG,9.0,ACCC_APPS_UPDATE_SUCCESS,2,HD
DRWV,19.0,ACCC_APPS_UPDATE_DL_START,1,HD
PHSP,16.0,ACCC_APPS_UPDATE_DL_END,1,RIBS
ACR,10.5,ACCC_APPS_UPDATE_DL_START,1,HD
AICY,14.0,ACCC_APPS_UPDATE_SUCCESS,2,HD
DRWV,19.0,ACCC_APPS_UPDATE_INSTALL_START,1,HD
ACR,10.5,ACCC_APPS_UPDATE_DL_END,1,HD
SPRK,12.0.12,ACCC_APPS_UPDATE_INSTALL_START,3,HD
PHSP,16.0,ACCC_APPS_UPDATE_DL_START,1,RIBS
DRWV,19.0,ACCC_APPS_UPDATE_SUCCESS,1,HD
PHSP,16.0,ACCC_APPS_UPDATE_SUCCESS,1,RIBS
SPRK,12.0.12,ACCC_APPS_UPDATE_DL_START,3,HD
AUDT,12.0,ACCC_APPS_UPDATE_ERROR,1,HD
DRWV,19.1,ACCC_APPS_UPDATE_DL_START,1,HD
IDSN,14.0,ACCC_APPS_UPDATE_SUCCESS,7,HD
PHSP,19.1.6,ACCC_APPS_UPDATE_DL_CANCEL,1,HD
LRCC,2.0,ACCC_APPS_UPDATE_INSTALL_START,1,HD
PPRO,13.0,ACCC_APPS_UPDATE_DL_START,2,HD
LTRM,7.5,ACCC_APPS_UPDATE_SUCCESS,1,HD
AEFT,16.0,ACCC_APPS_UPDATE_INSTALL_START,4,HD
PHSP,19.1.6,ACCC_APPS_UPDATE_INSTALL_START,1,HD
FLPR,19.0,ACCC_APPS_UPDATE_DL_END,4,HD
LTRM,8.0,ACCC_APPS_UPDATE_ERROR,1,HD
FLPR,19.0,ACCC_APPS_UPDATE_DL_START,5,HD
LTRM,7.5,ACCC_APPS_UPDATE_DL_CANCEL,1,HD
IDSN,11.0,ACCC_APPS_UPDATE_SUCCESS,1,RIBS
PPRO,13.0,ACCC_APPS_UPDATE_INSTALL_START,2,HD
DRWV,19.1,ACCC_APPS_UPDATE_INSTALL_START,1,HD
AME,13.0,ACCC_APPS_UPDATE_INSTALL_START,1,HD
LTRM,8.0,ACCC_APPS_UPDATE_INSTALL_START,1,HD
ACR,10.5,ACCC_APPS_UPDATE_SUCCESS,1,HD
AEFT,16.0,ACCC_APPS_UPDATE_SUCCESS,4,HD
ESHR,2.0,ACCC_APPS_UPDATE_SUCCESS,1,HD
KBRG,9.0,ACCC_APPS_UPDATE_INSTALL_CANCEL,1,HD
FLPR,19.0,ACCC_APPS_UPDATE_SUCCESS,4,HD
PHSP,20.0,ACCC_APPS_UPDATE_INSTALL_START,6,HD
PHSP,20.0,ACCC_APPS_UPDATE_SUCCESS,6,HD
RUSH,1.0,ACCC_APPS_UPDATE_DL_END,2,HD
ILST,23.0,ACCC_APPS_UPDATE_SUCCESS,6,HD
AICY,14.0,ACCC_APPS_UPDATE_INSTALL_START,2,HD
LTRM,8.0,ACCC_APPS_UPDATE_DL_START,1,HD
RUSH,1.0,ACCC_APPS_UPDATE_DL_START,3,HD
KBRG,9.0,ACCC_APPS_UPDATE_DL_CANCEL,1,HD
CHAR,2.0,ACCC_APPS_UPDATE_DL_START,5,HD
FLPR,12.0,ACCC_APPS_UPDATE_SUCCESS,1,RIBS
SPRK,12.0.12,ACCC_APPS_UPDATE_INSTALL_CANCEL,1,HD
IDSN,14.0,ACCC_APPS_UPDATE_DL_END,8,HD
FLPR,19.0,ACCC_APPS_UPDATE_INSTALL_START,5,HD
KBRG,9.0,ACCC_APPS_UPDATE_INSTALL_START,3,HD
FLPR,12.0,ACCC_APPS_UPDATE_DL_CANCEL,1,RIBS
SPRK,12.0.12,ACCC_APPS_UPDATE_DL_END,2,HD
DRWV,19.1,ACCC_APPS_UPDATE_INSTALL_CANCEL,1,HD
IDSN,11.0,ACCC_APPS_UPDATE_DL_END,1,RIBS
IDSN,14.0,ACCC_APPS_UPDATE_DL_START,8,HD
DRWV,19.1,ACCC_APPS_UPDATE_DL_CANCEL,1,HD
LRCC,1.5,ACCC_APPS_UPDATE_INSTALL_START,1,HD
IDSN,11.0,ACCC_APPS_UPDATE_DL_START,1,RIBS
KBRG,9.0,ACCC_APPS_UPDATE_DL_END,2,HD
LRCC,1.5,ACCC_APPS_UPDATE_ERROR,1,HD
CHAR,2.0,ACCC_APPS_UPDATE_INSTALL_START,5,HD
FLPR,12.0,ACCC_APPS_UPDATE_DL_END,1,RIBS
LTRM,7.5,ACCC_APPS_UPDATE_INSTALL_CANCEL,1,HD
SPRK,12.0.12,ACCC_APPS_UPDATE_ERROR,2,HD
LRCC,1.5,ACCC_APPS_UPDATE_DL_START,1,HD
PHSP,20.0,ACCC_APPS_UPDATE_DL_END,6,HD
RUSH,1.0,ACCC_APPS_UPDATE_INSTALL_START,3,HD
IDSN,14.0,ACCC_APPS_UPDATE_INSTALL_START,8,HD
ILST,23.0,ACCC_APPS_UPDATE_DL_START,6,HD
AME,13.0,ACCC_APPS_UPDATE_DL_START,1,HD
FLPR,19.0,ACCC_APPS_UPDATE_INSTALL_CANCEL,1,HD
AME,13.0,ACCC_APPS_UPDATE_DL_END,1,HD
SPRK,12.0.12,ACCC_APPS_UPDATE_SUCCESS,3,HD
KBRG,9.0,ACCC_APPS_UPDATE_DL_START,3,HD
LTRM,7.5,ACCC_APPS_UPDATE_DL_END,1,HD
LRCC,1.5,ACCC_APPS_UPDATE_INSTALL_CANCEL,1,HD
LTRM,7.5,ACCC_APPS_UPDATE_DL_START,1,HD
LRCC,1.5,ACCC_APPS_UPDATE_DL_END,1,HD
ESHR,2.0,ACCC_APPS_UPDATE_DL_END,1,HD
CHAR,2.0,ACCC_APPS_UPDATE_DL_CANCEL,1,HD
IDSN,11.0,ACCC_APPS_UPDATE_INSTALL_START,1,RIBS
DRWV,19.0,ACCC_APPS_UPDATE_ERROR,1,HD
