product,vers,code,ecount,etype
AUDT,6.0,ACCC_DL_START,1,RIBS
AUDT,6.0,ACCC_APPS_DL_CANCEL,1,RIBS
LTRM,7.5,ACCC_INSTALL_END,1,HD
FLPR,18.0.2,ACCC_DL_START,2,HD
AEFT,16.0,ACCC_DL_START,5,HD
KBRG,9.0,ACCC_ERROR,1,HD
KETK,4.0,ACCC_INSTALL_END,1,RIBS
LTRM,5.7.1,ACCC_DL_START,1,MSI
AEFT,16.0,ACCC_APPS_HD_CANCEL,1,HD
ILST,23.0,ACCC_DL_START,19,HD
PRLD,7.1.1,ACCC_INSTALL_END,2,HD
CHAR,2.0,ACCC_DL_START,4,HD
IDSN,14.0,ACCC_DL_START,8,HD
ILST,23.0,ACCC_INSTALL_END,18,HD
APRO,18.0,ACCC_INSTALL_END,2,APP
APRO,18.0,ACCC_INSTALL_END,1,PKG
IDSN,14.0,ACCC_APPS_HD_CANCEL,2,HD
FLPR,19.0,ACCC_INSTALL_END,1,HD
FLPR,18.0.2,ACCC_INSTALL_END,2,HD
IDSN,11.0,ACCC_DL_START,1,RIBS
ILST,22.1,ACCC_DL_START,12,HD
PHSP,19.1.4,ACCC_DL_START,1,HD
APRO,19.0,ACCC_DL_START,1,APP
IDSN,12.1.0,ACCC_DL_START,1,HD
ANMLBETA,1.0.6,ACCC_DL_START,1,HD
KBRG,8.1,ACCC_INSTALL_END,3,HD
KEMN,7.0,ACCC_DL_START,1,RIBS
PPRO,12.1.2,ACCC_INSTALL_END,2,HD
LRCC,1.4,ACCC_DL_START,1,HD
PHSP,20.0,ACCC_APPS_HD_CANCEL,3,HD
AUDT,11.0.2,ACCC_DL_START,3,HD
AICY,14.0,ACCC_APPS_HD_CANCEL,1,HD
ESHR,1.1.1,ACCC_DL_START,1,HD
AEFT,14.2.2,ACCC_DL_START,1,HD
ILST,22.1,ACCC_INSTALL_END,12,HD
AUDT,10.1.2,ACCC_INSTALL_END,3,HD
KBRG,7.0,ACCC_INSTALL_END,1,HD
AUDT,11.1.1,ACCC_INSTALL_END,4,HD
LTRM,7.5,ACCC_DL_START,1,HD
AUDT,12.0,ACCC_DL_START,4,HD
CHAR,1.5,ACCC_INSTALL_END,2,HD
IDSN,13.1,ACCC_DL_START,2,HD
LRCC,1.5,ACCC_DL_START,2,HD
ILST,21.1.0,ACCC_DL_START,1,HD
LTRM,7.4,ACCC_DL_START,1,HD
LRCC,2.0,ACCC_INSTALL_END,1,HD
ILST,21.1.0,ACCC_INSTALL_END,1,HD
RUSH,1.0,ACCC_DL_START,2,HD
ESHR,1.1,ACCC_INSTALL_END,1,HD
AME,11.1.4,ACCC_DL_START,1,HD
ESHR,1.1,ACCC_DL_START,1,HD
AEFT,15.1.2,ACCC_DL_START,1,HD
APRO,18.0,ACCC_DL_START,1,PKG
KBRG,9.0,ACCC_DL_START,6,HD
AEFT,16.0,ACCC_INSTALL_END,3,HD
AME,12.1.2,ACCC_APPS_HD_CANCEL,1,HD
ILST,22.0.1,ACCC_INSTALL_END,1,HD
IDSN,12.1.0,ACCC_INSTALL_END,1,HD
LRCC,1.4,ACCC_INSTALL_END,1,HD
AUDT,11.0.2,ACCC_APPS_HD_CANCEL,1,HD
IDSN,10.0,ACCC_INSTALL_END,1,RIBS
AME,13.0,ACCC_APPS_HD_CANCEL,1,HD
APRO,18.0,ACCC_DL_START,2,APP
SPRK,11.0.22,ACCC_INSTALL_END,3,HD
PHSP,19.1.6,ACCC_INSTALL_END,9,HD
LRCC,2.0,ACCC_DL_START,1,HD
ANMLBETA,1.0.6,ACCC_INSTALL_END,1,HD
ILST,22.0.2,ACCC_DL_START,1,HD
AME,11.1.4,ACCC_INSTALL_END,1,HD
AME,13.0,ACCC_DL_START,7,HD
IDSN,14.0,ACCC_INSTALL_END,7,HD
ILST,22.0.1,ACCC_DL_START,1,HD
SPRK,12.0.12,ACCC_DL_START,4,HD
IDSN,11.0,ACCC_INSTALL_END,1,RIBS
ESHR,1.0.1,ACCC_INSTALL_END,1,HD
KBRG,9.0,ACCC_APPS_HD_CANCEL,1,HD
ILST,22.0.2,ACCC_APPS_HD_CANCEL,1,HD
KBRG,8.1,ACCC_DL_START,3,HD
PHSP,19.1.4,ACCC_INSTALL_END,1,HD
AUDT,5.0,ACCC_DL_START,1,RIBS
PHSP,19.1.6,ACCC_APPS_HD_CANCEL,2,HD
ILST,22.1,ACCC_APPS_HD_CANCEL,2,HD
IDSN,10.0,ACCC_DL_START,1,RIBS
AEFT,15.1.2,ACCC_INSTALL_END,1,HD
KBRG,9.0,ACCC_INSTALL_END,5,HD
LTRM,5.7.1,ACCC_INSTALL_END,1,MSI
CHAR,1.5,ACCC_DL_START,2,HD
AUDT,11.0.2,ACCC_INSTALL_END,2,HD
CHAR,2.0,ACCC_INSTALL_END,3,HD
PPRO,13.0,ACCC_INSTALL_END,5,HD
AEFT,14.2.2,ACCC_INSTALL_END,1,HD
SPRK,11.0.22,ACCC_DL_START,3,HD
AICY,14.0,ACCC_DL_START,2,HD
PRLD,8.0,ACCC_INSTALL_END,1,HD
PPRO,13.0,ACCC_DL_START,5,HD
PHSP,20.0,ACCC_INSTALL_END,9,HD
KEMN,7.0,ACCC_INSTALL_END,1,RIBS
APRO,19.0,ACCC_ERROR,1,APP
AICY,14.0,ACCC_INSTALL_END,1,HD
DRWV,19.0,ACCC_INSTALL_END,3,HD
FLPR,19.0,ACCC_APPS_HD_CANCEL,1,HD
AUDT,5.0,ACCC_INSTALL_END,1,RIBS
PRLD,8.0,ACCC_DL_START,1,HD
LTRM,4.4,ACCC_DL_START,1,RIBS
LTRM,7.4,ACCC_INSTALL_END,1,HD
KETK,4.0,ACCC_DL_START,1,RIBS
CHAR,2.0,ACCC_APPS_HD_CANCEL,1,HD
ESHR,1.0.1,ACCC_DL_START,1,HD
AUDT,12.0,ACCC_APPS_HD_CANCEL,1,HD
DRWV,19.0,ACCC_DL_START,3,HD
ESHR,1.1.1,ACCC_INSTALL_END,1,HD
APRO,19.0,ACCC_INSTALL_END,1,PKG
AUDT,12.0,ACCC_INSTALL_END,3,HD
LRCC,1.5,ACCC_INSTALL_END,2,HD
PHSP,20.0,ACCC_DL_START,11,HD
AME,12.1.2,ACCC_INSTALL_END,3,HD
DRWV,18.2,ACCC_DL_START,2,HD
APRO,18.0,ACCC_ERROR,1,APP
AUDT,11.1.1,ACCC_DL_START,4,HD
IDSN,13.1,ACCC_INSTALL_END,1,HD
PPRO,12.1.2,ACCC_DL_START,2,HD
LTRM,4.4,ACCC_INSTALL_END,1,RIBS
RUSH,1.0,ACCC_INSTALL_END,2,HD
AME,13.0,ACCC_INSTALL_END,6,HD
ILST,22.0.2,ACCC_INSTALL_END,1,HD
DRWV,18.2,ACCC_INSTALL_END,2,HD
AUDT,11.1,ACCC_INSTALL_END,2,HD
PHSP,19.1.6,ACCC_DL_START,9,HD
ESHR,2.0,ACCC_INSTALL_END,4,HD
PRLD,7.1.1,ACCC_DL_START,2,HD
IDSN,13.0.1,ACCC_DL_START,1,HD
SPRK,12.0.12,ACCC_INSTALL_END,4,HD
ILST,23.0,ACCC_APPS_HD_CANCEL,2,HD
IDSN,13.0.1,ACCC_INSTALL_END,1,HD
APRO,19.0,ACCC_DL_START,1,PKG
AUDT,10.1.2,ACCC_DL_START,3,HD
AUDT,11.1,ACCC_DL_START,2,HD
FLPR,19.0,ACCC_DL_START,2,HD
KBRG,7.0,ACCC_DL_START,1,HD
AME,12.1.2,ACCC_DL_START,5,HD
ESHR,2.0,ACCC_DL_START,4,HD
