product,vers,code,ecount,etype
APRO,19.0,ACCC_DL_START,1,APP
LTRM,7.5,ACCC_INSTALL_END,2,HD
PPRO,12.1.2,ACCC_INSTALL_END,3,HD
APRO,18.0,ACCC_INSTALL_END,2,APP
CHAR,2.0,ACCC_DL_START,4,HD
ILST,21.1.0,ACCC_INSTALL_END,2,HD
LRCC,2.0,ACCC_APPS_HD_CANCEL,2,HD
AUDT,12.0,ACCC_DL_START,3,HD
ILST,23.0,ACCC_INSTALL_END,8,HD
ILST,21.1.0,ACCC_DL_START,2,HD
IDSN,14.0,ACCC_DL_START,9,HD
IDSN,11.0,ACCC_DL_START,1,RIBS
FLPR,18.0.2,ACCC_INSTALL_END,1,HD
APRO,19.0,ACCC_INSTALL_END,1,APP
FLPR,18.0.2,ACCC_DL_START,1,HD
AEFT,16.0,ACCC_DL_START,6,HD
DRWV,18.2,ACCC_ERROR,1,HD
FUSE,2017.1,ACCC_INSTALL_END,3,RIBS
LRCC,2.0,ACCC_INSTALL_END,2,HD
FUSE,2017.1,ACCC_DL_START,3,RIBS
LTRM,8.0,ACCC_INSTALL_END,2,HD
LTRM,7.4,ACCC_DL_START,1,HD
LTRM,7.5,ACCC_DL_START,2,HD
FLPR,19.0,ACCC_INSTALL_END,3,HD
IDSN,14.0,ACCC_APPS_HD_CANCEL,3,HD
LTRM,8.0,ACCC_DL_START,2,HD
ILST,22.1,ACCC_INSTALL_END,2,HD
APRO,19.0,ACCC_DL_START,2,PKG
SPRK,12.0.12,ACCC_INSTALL_END,7,HD
ILST,23.0,ACCC_APPS_HD_CANCEL,3,HD
IDSN,13.1,ACCC_DL_START,2,HD
FLPR,19.0,ACCC_DL_START,3,HD
AME,12.1.2,ACCC_DL_START,2,HD
SPRK,12.0.12,ACCC_APPS_HD_CANCEL,1,HD
LTRM,5.7.1,ACCC_INSTALL_END,1,MSI
APRO,19.0,ACCC_INSTALL_END,2,PKG
AUDT,12.0,ACCC_INSTALL_END,3,HD
LTRM,4.4,ACCC_DL_START,1,RIBS
ILST,23.0,ACCC_DL_START,10,HD
ILST,20.1.0,ACCC_DL_START,1,HD
ILST,22.1,ACCC_DL_START,2,HD
IDSN,13.1,ACCC_INSTALL_END,2,HD
PHSP,20.0,ACCC_INSTALL_END,15,HD
ILST,23.0,ACCC_ERROR,1,HD
PHSP,20.0,ACCC_APPS_HD_CANCEL,6,HD
PHSP,19.1.6,ACCC_ERROR,1,HD
AME,13.0,ACCC_DL_START,10,HD
SPRK,11.0.22,ACCC_DL_START,4,HD
LRCC,1.4,ACCC_DL_START,1,HD
DRWV,19.1,ACCC_INSTALL_END,2,HD
PHSP,19.1.6,ACCC_APPS_HD_CANCEL,1,HD
FLPR,15.2.1,ACCC_APPS_HD_CANCEL,1,HD
IDSN,12.1.0,ACCC_DL_START,1,HD
AUDT,11.1.1,ACCC_INSTALL_END,1,HD
DRWV,19.0,ACCC_APPS_HD_CANCEL,2,HD
LTRM,5.7.1,ACCC_DL_START,1,MSI
PHSP,20.0,ACCC_DL_START,17,HD
AEFT,16.0,ACCC_APPS_HD_CANCEL,2,HD
APRO,18.0,ACCC_ERROR,1,APP
PPRO,13.0,ACCC_DL_START,5,HD
AICY,14.0,ACCC_DL_START,3,HD
LTRM,5.7.1,ACCC_APPS_DL_CANCEL,1,MSI
PPRO,12.1.2,ACCC_DL_START,3,HD
LRCC,2.0,ACCC_DL_START,4,HD
PHSP,19.1.6,ACCC_INSTALL_END,3,HD
LTRM,8.0,ACCC_APPS_HD_CANCEL,1,HD
PPRO,13.0,ACCC_INSTALL_END,5,HD
AICY,14.0,ACCC_INSTALL_END,3,HD
ILST,20.1.0,ACCC_INSTALL_END,1,HD
SPRK,12.0.12,ACCC_ERROR,3,HD
AUDT,12.0,ACCC_APPS_HD_CANCEL,1,HD
DRWV,19.0,ACCC_INSTALL_END,7,HD
IDSN,14.0,ACCC_INSTALL_END,8,HD
LTRM,4.4,ACCC_INSTALL_END,1,RIBS
SPRK,12.0.12,ACCC_DL_START,10,HD
IDSN,11.0,ACCC_INSTALL_END,1,RIBS
DRWV,19.1,ACCC_APPS_HD_CANCEL,1,HD
LTRM,4.4,ACCC_APPS_DL_CANCEL,1,RIBS
DRWV,18.2,ACCC_DL_START,1,HD
AME,12.1.2,ACCC_INSTALL_END,1,HD
PHSP,20.0,ACCC_ERROR,2,HD
KBRG,9.0,ACCC_INSTALL_END,3,HD
CHAR,2.0,ACCC_INSTALL_END,2,HD
KBRG,9.0,ACCC_DL_START,3,HD
AEFT,16.0,ACCC_INSTALL_END,4,HD
AUDT,11.1.1,ACCC_DL_START,1,HD
AME,12.1.2,ACCC_APPS_HD_CANCEL,1,HD
LRCC,1.4,ACCC_INSTALL_END,1,HD
IDSN,12.1.0,ACCC_INSTALL_END,1,HD
AME,13.0,ACCC_INSTALL_END,4,HD
DRWV,18.2,ACCC_INSTALL_END,1,HD
SPRK,11.0.22,ACCC_INSTALL_END,4,HD
AME,13.0,ACCC_APPS_HD_CANCEL,6,HD
APRO,18.0,ACCC_DL_START,3,APP
PHSP,19.1.6,ACCC_DL_START,4,HD
FLPR,12.0,ACCC_INSTALL_END,1,RIBS
AUDT,10.1.2,ACCC_APPS_HD_CANCEL,1,HD
FLPR,15.2.1,ACCC_DL_START,1,HD
LRCC,2.0,ACCC_ERROR,1,HD
DRWV,19.0,ACCC_DL_START,7,HD
FLPR,12.0,ACCC_DL_START,1,RIBS
AUDT,10.1.2,ACCC_DL_START,1,HD
DRWV,19.1,ACCC_DL_START,2,HD
