product,vers,code,ecount,etype
PHSP,19.1,ACCC_DL_START,2,HD
APRO,19.0,ACCC_APPS_DL_CANCEL,1,APP
SPRK,5.0.12,ACCC_DL_START,1,HD
PPRO,12.1.2,ACCC_INSTALL_END,37,HD
PRLD,8.0,ACCC_ERROR,1,HD
LTRM,4.4,ACCC_ERROR,1,RIBS
FLPR,15.2.1,ACCC_DL_START,1,HD
FLPR,19.0,ACCC_INSTALL_END,6,HD
IDSN,14.0,ACCC_APPS_HD_CANCEL,7,HD
FLPR,15.1,ACCC_ERROR,1,RIBS
PHSP,18.1.6,ACCC_INSTALL_END,10,HD
AICY,12.0.0,ACCC_DL_START,5,HD
IDSN,13.1,ACCC_DL_START,42,HD
KBRG,8.1,ACCC_ERROR,1,HD
CHAR,2.0,ACCC_APPS_HD_CANCEL,2,HD
DRWV,19.0,ACCC_DL_START,19,HD
FUSE,2017.1,ACCC_ERROR,2,RIBS
KEMN,7.0,ACCC_INSTALL_END,1,RIBS
ILST,21.1.0,ACCC_INSTALL_END,14,HD
IDSN,10.0,ACCC_INSTALL_END,11,RIBS
RUSH,1.0,ACCC_DL_START,10,HD
PHSP,16.0,ACCC_INSTALL_END,2,RIBS
PPRO,13.0,ACCC_APPS_HD_CANCEL,2,HD
AICY,13.1,ACCC_DL_START,30,HD
AUDT,6.0,ACCC_INSTALL_END,1,RIBS
SPRK,5.0.12,ACCC_APPS_HD_CANCEL,1,HD
ILST,23.0,ACCC_INSTALL_END,24,HD
IDSN,8.0,ACCC_DL_START,11,RIBS
ILST,23.0,ACCC_DL_START,29,HD
APRO,19.0,ACCC_DL_START,2,APP
ILST,21.1.0,ACCC_APPS_HD_CANCEL,1,HD
FLPR,12.0,ACCC_APPS_DL_CANCEL,2,RIBS
SPRK,10.0.12,ACCC_INSTALL_END,1,HD
PHSP,20.0,ACCC_INSTALL_END,27,HD
FLPR,16.5.1,ACCC_DL_START,6,HD
FUSE,2017.1,ACCC_DL_START,8,RIBS
LTRM,7.5,ACCC_DL_START,33,HD
AUDT,10.1.2,ACCC_DL_START,5,HD
IDSN,14.0,ACCC_DL_START,34,HD
PRLD,6.1.3,ACCC_INSTALL_END,5,HD
FLPR,18.0.1,ACCC_APPS_HD_CANCEL,1,HD
PHSP,20.0,ACCC_APPS_HD_CANCEL,10,HD
SPRK,10.0.12,ACCC_DL_START,1,HD
IDSN,11.0,ACCC_DL_START,4,RIBS
LTRM,8.0,ACCC_INSTALL_END,2,HD
AUDT,6.0,ACCC_DL_START,1,RIBS
RUSH,1.0,ACCC_APPS_HD_CANCEL,3,HD
FLPR,19.0,ACCC_ERROR,1,HD
KBRG,7.0,ACCC_INSTALL_END,5,HD
KBRG,7.0,ACCC_DL_START,5,HD
ILST,22.1,ACCC_INSTALL_END,50,HD
FLPR,18.0.2,ACCC_INSTALL_END,32,HD
AUDT,10.1.2,ACCC_INSTALL_END,5,HD
LTRM,4.4,ACCC_DL_START,1,RIBS
PRLD,8.0,ACCC_DL_START,2,HD
ESHR,2.0,ACCC_DL_START,2,HD
PHSP,19.1.5,ACCC_DL_START,2,HD
AME,12.1.2,ACCC_DL_START,43,HD
AME,11.1.4,ACCC_DL_START,11,HD
FUSE,2017.1,ACCC_APPS_DL_CANCEL,1,RIBS
PRLD,7.1.1,ACCC_DL_START,28,HD
AME,13.0,ACCC_ERROR,2,HD
PHSP,15.0,ACCC_DL_START,1,RIBS
LTRM,6.0,ACCC_DL_START,8,RIBS
AUDT,12.0,ACCC_DL_START,4,HD
CHAR,1.5,ACCC_INSTALL_END,31,HD
LRCC,1.5,ACCC_DL_START,39,HD
IDSN,12.1.0,ACCC_DL_START,19,HD
KBRG,8.1,ACCC_APPS_HD_CANCEL,1,HD
FLPR,18.0.1,ACCC_DL_START,1,HD
KBRG,8.1,ACCC_INSTALL_END,36,HD
KEMN,7.0,ACCC_DL_START,1,RIBS
IDSN,9.0,ACCC_DL_START,10,RIBS
PHSP,19.1.2,ACCC_INSTALL_END,34,HD
ILST,21.1.0,ACCC_DL_START,14,HD
AUDT,11.1.1,ACCC_APPS_HD_CANCEL,2,HD
AUDT,11.1.1,ACCC_INSTALL_END,30,HD
ESHR,1.1.1,ACCC_DL_START,34,HD
AICY,14.0,ACCC_APPS_HD_CANCEL,2,HD
ILST,20.1.0,ACCC_APPS_HD_CANCEL,1,HD
AME,11.1.4,ACCC_INSTALL_END,10,HD
PHSP,17.0.2,ACCC_ERROR,2,HD
DRWV,19.0,ACCC_APPS_HD_CANCEL,4,HD
ESHR,2.0,ACCC_INSTALL_END,1,HD
APRO,18.0,ACCC_INSTALL_END,8,APP
AICY,8.0,ACCC_DL_START,1,RIBS
PHSP,18.1.6,ACCC_DL_START,13,HD
PHSP,19.1.6,ACCC_APPS_HD_CANCEL,17,HD
IDSN,11.0,ACCC_APPS_DL_CANCEL,1,RIBS
AME,13.0,ACCC_DL_START,29,HD
PHSP,19.1.5,ACCC_INSTALL_END,2,HD
AICY,14.0,ACCC_DL_START,5,HD
FLPR,18.0.2,ACCC_DL_START,34,HD
IDSN,8.0,ACCC_INSTALL_END,11,RIBS
APRO,19.0,ACCC_INSTALL_END,1,APP
ILST,17.0,ACCC_DL_START,1,RIBS
LRCC,2.0,ACCC_APPS_HD_CANCEL,1,HD
LRCC,2.0,ACCC_INSTALL_END,10,HD
SPRK,11.0.22,ACCC_DL_START,47,HD
FUSE,2017.1,ACCC_INSTALL_END,7,RIBS
RUSH,0.1.0,ACCC_INSTALL_END,1,HD
APRO,18.0,ACCC_INSTALL_END,5,PKG
PHSP,13.0,ACCC_DL_START,8,RIBS
PRLD,7.1.1,ACCC_INSTALL_END,28,HD
AME,13.0,ACCC_APPS_HD_CANCEL,12,HD
FLPR,15.1,ACCC_DL_START,1,RIBS
AEFT,13.5,ACCC_DL_START,1,RIBS
FLPR,18.0,ACCC_DL_START,1,HD
PPRO,13.0,ACCC_INSTALL_END,13,HD
CHAR,2.0,ACCC_DL_START,9,HD
PHSP,19.0,ACCC_APPS_HD_CANCEL,1,HD
AEFT,16.0,ACCC_DL_START,10,HD
DRWV,18.2,ACCC_ERROR,1,HD
KBRG,9.0,ACCC_DL_START,7,HD
PRLD,8.0,ACCC_INSTALL_END,2,HD
ANMLBETA,1.0.6,ACCC_DL_START,8,HD
AUDT,11.1.1,ACCC_ERROR,1,HD
ILST,23.0,ACCC_ERROR,4,HD
AEFT,15.1.2,ACCC_DL_START,33,HD
SPRK,11.0.22,ACCC_APPS_HD_CANCEL,5,HD
AEFT,16.1,ACCC_ERROR,1,HD
APRO,18.0,ACCC_DL_START,5,PKG
AUDT,11.0.2,ACCC_DL_START,1,HD
SPRK,12.0.12,ACCC_INSTALL_END,2,HD
AICY,13.1,ACCC_APPS_HD_CANCEL,1,HD
AEFT,16.0,ACCC_INSTALL_END,5,HD
IDSN,12.1.0,ACCC_INSTALL_END,19,HD
AEFT,16.0,ACCC_APPS_HD_CANCEL,4,HD
AUDT,11.1,ACCC_DL_START,12,HD
ESHR,1.1.1,ACCC_APPS_HD_CANCEL,2,HD
LTRM,7.5,ACCC_INSTALL_END,32,HD
AEFT,14.2.2,ACCC_DL_START,7,HD
KETK,4.0,ACCC_APPS_INSTALL_CANCEL,1,RIBS
ILST,22.1,ACCC_DL_START,51,HD
AME,12.1.2,ACCC_APPS_HD_CANCEL,1,HD
LTRM,8.0,ACCC_DL_START,4,HD
PHSP,19.1.1,ACCC_DL_START,1,HD
ILST,23.0,ACCC_APPS_HD_CANCEL,5,HD
PRLD,7.0.0,ACCC_INSTALL_END,1,HD
ILST,22.1,ACCC_ERROR,1,HD
AME,11.1.4,ACCC_ERROR,2,HD
DRWV,17.5.0,ACCC_DL_START,7,HD
PHSP,13.0,ACCC_INSTALL_END,8,RIBS
FLPR,19.0,ACCC_DL_START,11,HD
FLPR,18.0.2,ACCC_APPS_HD_CANCEL,2,HD
DRWV,17.5.0,ACCC_INSTALL_END,7,HD
KBRG,9.0,ACCC_APPS_HD_CANCEL,2,HD
APRO,18.0,ACCC_DL_START,8,APP
PHSP,20.0,ACCC_DL_START,34,HD
ILST,22.0.1,ACCC_APPS_HD_CANCEL,1,HD
KBRG,8.1,ACCC_DL_START,37,HD
AUDT,5.0,ACCC_DL_START,1,RIBS
AME,11.1.4,ACCC_APPS_HD_CANCEL,1,HD
CHAR,1.5,ACCC_DL_START,31,HD
FLPR,18.0,ACCC_INSTALL_END,1,HD
CHAR,2.0,ACCC_INSTALL_END,7,HD
AICY,12.0.0,ACCC_INSTALL_END,5,HD
AUDT,11.1.1,ACCC_DL_START,31,HD
RUSH,1.0,ACCC_INSTALL_END,8,HD
PHSP,19.1.5,ACCC_APPS_HD_CANCEL,1,HD
AME,13.0,ACCC_INSTALL_END,19,HD
DRWV,18.2,ACCC_INSTALL_END,35,HD
ILST,17.0,ACCC_INSTALL_END,1,RIBS
FLPR,12.0,ACCC_INSTALL_END,1,RIBS
PHSP,19.1.1,ACCC_INSTALL_END,1,HD
PHSP,19.1.6,ACCC_DL_START,67,HD
IDSN,14.0,ACCC_INSTALL_END,30,HD
RUSH,0.1.0,ACCC_DL_START,1,HD
SPRK,12.0.12,ACCC_DL_START,2,HD
IDSN,11.0,ACCC_INSTALL_END,3,RIBS
PHSP,17.0.2,ACCC_INSTALL_END,7,HD
PHSP,19.1,ACCC_INSTALL_END,2,HD
AUDT,5.0,ACCC_INSTALL_END,1,RIBS
ILST,22.0.1,ACCC_INSTALL_END,2,HD
FLPR,15.0,ACCC_DL_START,1,RIBS
AEFT,15.1.2,ACCC_INSTALL_END,33,HD
KBRG,9.0,ACCC_INSTALL_END,6,HD
ILST,20.1.0,ACCC_DL_START,1,HD
PHSP,15.0,ACCC_INSTALL_END,1,RIBS
AUDT,11.1,ACCC_INSTALL_END,12,HD
PRLD,7.0.0,ACCC_DL_START,1,HD
PHSP,17.0.2,ACCC_DL_START,7,HD
PHSP,18.1.6,ACCC_APPS_HD_CANCEL,3,HD
IDSN,13.1,ACCC_INSTALL_END,41,HD
PHSP,19.1.6,ACCC_INSTALL_END,64,HD
LRCC,2.0,ACCC_DL_START,10,HD
AICY,13.1,ACCC_INSTALL_END,30,HD
APRO,19.0,ACCC_INSTALL_END,1,PKG
ANMLBETA,1.0.6,ACCC_INSTALL_END,7,HD
PRLD,6.1.3,ACCC_APPS_HD_CANCEL,1,HD
AUDT,12.0,ACCC_INSTALL_END,3,HD
LTRM,6.0,ACCC_INSTALL_END,8,RIBS
FLPR,12.0,ACCC_DL_START,2,RIBS
DRWV,18.2,ACCC_APPS_HD_CANCEL,1,HD
IDSN,9.0,ACCC_INSTALL_END,5,RIBS
ESHR,1.1.1,ACCC_INSTALL_END,33,HD
LTRM,5.7.1,ACCC_DL_START,1,PKG
LRCC,1.5,ACCC_INSTALL_END,38,HD
PPRO,12.1.2,ACCC_DL_START,37,HD
ILST,22.0.1,ACCC_DL_START,2,HD
KETK,4.0,ACCC_DL_START,2,RIBS
PHSP,19.0,ACCC_DL_START,1,HD
PPRO,11.1.4,ACCC_DL_START,8,HD
FLPR,15.0,ACCC_ERROR,1,RIBS
SPRK,11.0.22,ACCC_INSTALL_END,42,HD
LTRM,4.4,ACCC_APPS_DL_CANCEL,1,RIBS
APRO,19.0,ACCC_ERROR,1,PKG
FLPR,15.2.1,ACCC_INSTALL_END,1,HD
PPRO,11.1.4,ACCC_INSTALL_END,8,HD
APRO,19.0,ACCC_APPS_DL_CANCEL,1,PKG
FLPR,16.5.1,ACCC_INSTALL_END,6,HD
DRWV,19.0,ACCC_ERROR,3,HD
PHSP,20.0,ACCC_ERROR,1,HD
LTRM,8.0,ACCC_APPS_HD_CANCEL,3,HD
AUDT,12.0,ACCC_APPS_HD_CANCEL,1,HD
AICY,14.0,ACCC_INSTALL_END,4,HD
AEFT,16.1,ACCC_DL_START,1,HD
AEFT,16.0,ACCC_ERROR,1,HD
FLPR,19.0,ACCC_APPS_HD_CANCEL,5,HD
DRWV,19.0,ACCC_INSTALL_END,15,HD
LTRM,4.4,ACCC_INSTALL_END,1,RIBS
PPRO,13.0,ACCC_DL_START,14,HD
IDSN,10.0,ACCC_DL_START,11,RIBS
AICY,8.0,ACCC_INSTALL_END,1,RIBS
AEFT,13.5,ACCC_INSTALL_END,1,RIBS
APRO,19.0,ACCC_DL_START,1,PKG
AME,12.1.2,ACCC_INSTALL_END,43,HD
DRWV,18.2,ACCC_DL_START,36,HD
LTRM,5.7.1,ACCC_INSTALL_END,1,PKG
AEFT,14.2.2,ACCC_INSTALL_END,7,HD
PHSP,19.1.2,ACCC_DL_START,34,HD
PHSP,16.0,ACCC_DL_START,2,RIBS
PRLD,6.1.3,ACCC_DL_START,6,HD
