product,vers,errorcode,errortype,workflowcount
LIBS,3.0,188,InstallationError,2876
LIBS,3.0,301,GenericError,491
LIBS,3.0,113,DownloadError,123
LIBS,3.0,105,InstallationError,59
LIBS,3.0,119,DownloadError,34
LIBS,3.0,117,DownloadError,22
LIBS,3.0,305,GenericError,21
LIBS,3.0,108,InstallationError,12
LIBS,3.0,,DownloadError,9
LIBS,3.0,183,InstallationError,8
LIBS,3.0,125,DownloadError,7
LIBS,3.0,146,InstallationError,5
LIBS,3.0,303,GenericError,4
LIBS,3.0,127,ExtractionError,4
LIBS,3.0,196,InstallationError,3
LIBS,3.0,128,InstallationError,3
LIBS,3.0,184,InstallationError,2
LIBS,3.0,116,DownloadError,2
LIBS,3.0,123,DownloadError,1
LIBS,3.0,304,GenericError,1
