product,vers,errorcode,errortype,workflowcount
LIBS,3.0,113,GenericError,1361
LIBS,3.0,305,GenericError,1065
LIBS,3.0,146,GenericError,919
LIBS,3.0,119,GenericError,832
LIBS,3.0,301,GenericError,768
LIBS,3.0,183,GenericError,335
LIBS,3.0,,DownloadError,287
LIBS,3.0,108,GenericError,265
LIBS,3.0,117,GenericError,167
LIBS,3.0,127,ExtractionError,112
LIBS,3.0,116,GenericError,94
LIBS,3.0,125,GenericError,79
LIBS,3.0,145,GenericError,47
LIBS,3.0,303,GenericError,40
LIBS,3.0,184,GenericError,37
LIBS,3.0,123,GenericError,31
LIBS,3.0,128,GenericError,13
LIBS,3.0,0,GenericError,8
LIBS,3.0,101,GenericError,8
LIBS,3.0,105,GenericError,6
LIBS,3.0,188,GenericError,4
LIBS,3.0,107,GenericError,3
LIBS,3.0,126,GenericError,2
LIBS,3.0,143,GenericError,1
