<queries_document>
<query_tableName>public.all_ets_event_simple</query_tableName>
<query_accBuildNumber>4.7.0.400</query_accBuildNumber>
<query_insertdts>CAST('2018-09-05 04:00:00' AS TIMESTAMP)</query_insertdts>

<query_object>
<query_name>v1.autoUpdate.dialogShown</query_name>
<query_sql> select count(distinct user_guid) workflowCount
FROM {etsTableName}
where 
insert_dts >= {insertdts}
and  dts >= {insertdts}
and code in ('ACCC_APPS_AUTO_UPDATE_NEW_FEATURE_DIALOG_RESPONSE')
AND json_extract_path_text(params,'ACCC_Version') like '{accBuildNumber}'
</query_sql>
</query_object>		
  
<query_object>
<query_name>v1.autoUpdate.onboarded</query_name>
<query_sql> 
select count(distinct user_guid) workflowCount
FROM {etsTableName}
where 
insert_dts >= {insertdts}
and  dts >= {insertdts}
and code in ('ACCC_APPS_AUTO_UPDATE_PREF_CHANGE')
and json_extract_path_text(params, 'Preference_Value')::varchar(512) = '1'
AND json_extract_path_text(params,'ACCC_Version') like '{accBuildNumber}'
</query_sql>
</query_object>		  
  
<query_object>
<query_name>v1.autoUpdate.onboardedSource</query_name>
<query_sql>
select code, count(distinct user_guid) workflowCount
FROM {etsTableName}
where 
insert_dts >= {insertdts}
and  dts >= {insertdts}
and 
((code in ('ACCC_APPS_AUTO_UPDATE_NEW_FEATURE_DIALOG_RESPONSE')
AND json_extract_path_text(params,'Learn_More_Clicked') = 'true'
)
OR
code in ('ACCC_APPS_AUTO_UPDATE_ARE_YOU_SURE_RESPONSE')
)
AND json_extract_path_text(params,'ACCC_Version') like '{accBuildNumber}'
AND json_extract_path_text(params,'Preference_Value') = 'true'
group by code
</query_sql>
</query_object>		

<query_object>
<query_name>v1.autoUpdate.dropoutNFD</query_name>
<query_sql>
select code,count(distinct user_guid) workflowCount
FROM {etsTableName}
where 
insert_dts >= {insertdts}
and  dts >= {insertdts}
and code in ('ACCC_APPS_AUTO_UPDATE_NEW_FEATURE_DIALOG_RESPONSE','ACCC_APPS_AUTO_UPDATE_ARE_YOU_SURE_RESPONSE')
and json_extract_path_text(params, 'Preference_Value')::varchar(512) = 'false'
AND json_extract_path_text(params,'ACCC_Version') like '{accBuildNumber}'
group by code
</query_sql>
</query_object>
</queries_document>

