<queries_document>
<query_tableName>public.all_ets_event_simple</query_tableName>
<query_accBuildNumber>4.7.0.400</query_accBuildNumber>
<query_insertdts>CAST('2018-09-05 04:00:00' AS TIMESTAMP)</query_insertdts>





<query_object>
<query_name>v1.autoUpdate.new.daywise</query_name>
<query_sql>select to_char(dts, 'dd/mm/yyyy') my_dts,json_extract_path_text(params,'Product_ID')::varchar(512) product, 
count(distinct user_guid) workflow_count 
FROM all_ets_event_simple 
where 
insert_dts >= CAST('2018-10-14 00:00:00' AS TIMESTAMP) 
and  dts >= CAST('2018-10-14 00:00:00' AS TIMESTAMP) 
and 
(code= 'ACCC_APPS_UPDATE_SUCCESS' or (code='ACCC_INSTALL_END' and json_extract_path_text(params, 'Install_Via_Update')::varchar(512) = 'true')) 
and ((json_extract_path_text(params,'Product_ID')::varchar(512) = 'ACR' and json_extract_path_text(params,'Product_Version')::varchar(512) like '11.%') or(json_extract_path_text(params,'Product_ID')::varchar(512) = 'AEFT' and json_extract_path_text(params,'Product_Version')::varchar(512) like '16.%')  or(json_extract_path_text(params,'Product_ID')::varchar(512) = 'AICY' and json_extract_path_text(params,'Product_Version')::varchar(512) like '14.%')  or(json_extract_path_text(params,'Product_ID')::varchar(512) = 'AME'  and json_extract_path_text(params,'Product_Version')::varchar(512) like '13.%')  or(json_extract_path_text(params,'Product_ID')::varchar(512) = 'ANMLBETA'  and json_extract_path_text(params,'Product_Version')::varchar(512) like '1.0.6') or(json_extract_path_text(params,'Product_ID')::varchar(512) = 'AUDT'  and json_extract_path_text(params,'Product_Version')::varchar(512) like '12.%') or(json_extract_path_text(params,'Product_ID')::varchar(512) = 'CHAR'  and json_extract_path_text(params,'Product_Version')::varchar(512) like '2.%') or(json_extract_path_text(params,'Product_ID')::varchar(512) = 'DRWV'  and json_extract_path_text(params,'Product_Version')::varchar(512) like '19.%') or(json_extract_path_text(params,'Product_ID')::varchar(512) = 'ESHR'  and json_extract_path_text(params,'Product_Version')::varchar(512) like '2.%') or(json_extract_path_text(params,'Product_ID')::varchar(512) = 'FLPR'  and json_extract_path_text(params,'Product_Version')::varchar(512) like '19.%') or(json_extract_path_text(params,'Product_ID')::varchar(512) = 'IDSN'  and json_extract_path_text(params,'Product_Version')::varchar(512) like '14.%') or(json_extract_path_text(params,'Product_ID')::varchar(512) = 'ILST'  and json_extract_path_text(params,'Product_Version')::varchar(512) like '23.%') or(json_extract_path_text(params,'Product_ID')::varchar(512) = 'LTRM'  and json_extract_path_text(params,'Product_Version')::varchar(512) like '8.%') or(json_extract_path_text(params,'Product_ID')::varchar(512) = 'LRCC'  and json_extract_path_text(params,'Product_Version')::varchar(512) like '2.0%') or(json_extract_path_text(params,'Product_ID')::varchar(512) = 'MUSE'  and json_extract_path_text(params,'Product_Version')::varchar(512) like '2018.1.0') or(json_extract_path_text(params,'Product_ID')::varchar(512) = 'PHSP'  and json_extract_path_text(params,'Product_Version')::varchar(512) like '20.%') or(json_extract_path_text(params,'Product_ID')::varchar(512) = 'PPRO'  and json_extract_path_text(params,'Product_Version')::varchar(512) like '13.%') or(json_extract_path_text(params,'Product_ID')::varchar(512) = 'PRLD'  and json_extract_path_text(params,'Product_Version')::varchar(512) like '8.%') or(json_extract_path_text(params,'Product_ID')::varchar(512) = 'KBRG'  and json_extract_path_text(params,'Product_Version')::varchar(512) like '9.%') or(json_extract_path_text(params,'Product_ID')::varchar(512) = 'SPRK'  and json_extract_path_text(params,'Product_Version')::varchar(512) like '13.%')) 
group by product,my_dts 
order by my_dts 
</query_sql>
</query_object>	


<query_object>
<query_name>v1.autoUpdate.dialogShown</query_name>
<query_sql> select count(distinct user_guid) workflowCount
FROM {etsTableName}
where 
insert_dts >= {insertdts}
and  dts >= {insertdts}
and code in ('ACCC_APPS_AUTO_UPDATE_NEW_FEATURE_DIALOG_SHOWN')
AND json_extract_path_text(params,'ACCC_Version') like '{accBuildNumber}'
</query_sql>
</query_object>		

  
<query_object>
<query_name>v1.autoUpdate.onboarded</query_name>
<query_sql> 
select count(distinct user_guid) workflowCount
FROM {etsTableName}
where 
insert_dts >= {insertdts}
and  dts >= {insertdts}
and code in ('ACCC_APPS_AUTO_UPDATE_PREF_CHANGE')
and json_extract_path_text(params, 'Preference_Value')::varchar(512) = '1'
AND json_extract_path_text(params,'ACCC_Version') like '{accBuildNumber}'
</query_sql>
</query_object>		  
  
<query_object>
<query_name>v1.autoUpdate.onboardedSource</query_name>
<query_sql>
select code,count(distinct user_guid) workflowCount
FROM {etsTableName}
where 
insert_dts >= {insertdts}
and  dts >= {insertdts}
and
( 
(code in ('ACCC_APPS_AUTO_UPDATE_NEW_FEATURE_DIALOG_RESPONSE')
and json_extract_path_text(params, 'Preference_Value')::varchar(512) = 'true'
and json_extract_path_text(params, 'Learn_More_Clicked')::varchar(512) = 'true')
OR
(code in ('ACCC_APPS_AUTO_UPDATE_ARE_YOU_SURE_RESPONSE')
and json_extract_path_text(params, 'Preference_Value')::varchar(512) = 'true'))
AND json_extract_path_text(params,'ACCC_Version') like '{accBuildNumber}'
group by code
</query_sql>
</query_object>		

<query_object>
<query_name>v1.autoUpdate.dropoutNFD</query_name>
<query_sql>
select code,count(distinct user_guid) workflowCount
FROM {etsTableName}
where 
insert_dts >= {insertdts}
and  dts >= {insertdts}
and code in ('ACCC_APPS_AUTO_UPDATE_NEW_FEATURE_DIALOG_RESPONSE','ACCC_APPS_AUTO_UPDATE_ARE_YOU_SURE_RESPONSE')
and json_extract_path_text(params, 'Preference_Value')::varchar(512) = 'false'
AND json_extract_path_text(params,'ACCC_Version') like '{accBuildNumber}'
group by code
</query_sql>
</query_object>
</queries_document>

