code,product_code,numusers
ACCC_DL_START,RUSH,77039
ACCC_ERROR,IDSN,3523
ACCC_INSTALL_END,SPRK,103430
ACCC_APPS_HD_CANCEL,LRCC,3214
ACCC_DL_START,SPRK,106796
ACCC_INSTALL_END,IDSN,378565
ACCC_APPS_HD_CANCEL,RUSH,3659
ACCC_INSTALL_END,PHSP,870825
ACCC_DL_START,LRCC,45854
ACCC_DL_START,PPRO,318415
ACCC_ERROR,PPRO,3499
ACCC_INSTALL_END,PPRO,302847
ACCC_DL_START,PHSP,922341
ACCC_APPS_HD_CANCEL,PPRO,10495
ACCC_APPS_HD_CANCEL,IDSN,7532
ACCC_INSTALL_END,LRCC,41991
ACCC_ERROR,SPRK,766
ACCC_ERROR,LRCC,648
ACCC_ERROR,PHSP,11689
ACCC_INSTALL_END,RUSH,71505
ACCC_ERROR,RUSH,1094
ACCC_APPS_HD_CANCEL,PHSP,34081
ACCC_DL_START,IDSN,389308
ACCC_APPS_HD_CANCEL,SPRK,2559
