code,product_code,numusers
ACCC_INSTALL_END,SPRK,381263
ACCC_ERROR,SPRK,4821
ACCC_INSTALL_END,LRCC,540258
ACCC_APPS_HD_CANCEL,IDSN,16960
ACCC_APPS_HD_CANCEL,RUSH,10126
ACCC_APPS_HD_CANCEL,PPRO,27653
ACCC_DL_START,LRCC,561350
ACCC_INSTALL_END,PHSP,1801352
ACCC_INSTALL_END,RUSH,155265
ACCC_ERROR,PHSP,33069
ACCC_DL_START,SPRK,389792
ACCC_ERROR,RUSH,2636
ACCC_APPS_HD_CANCEL,PHSP,84384
ACCC_ERROR,LRCC,5632
ACCC_ERROR,PPRO,10123
ACCC_DL_START,PPRO,664226
ACCC_INSTALL_END,PPRO,633598
ACCC_DL_START,IDSN,754769
ACCC_APPS_HD_CANCEL,SPRK,7722
ACCC_INSTALL_END,IDSN,735448
ACCC_DL_START,PHSP,1900228
ACCC_DL_START,RUSH,168496
ACCC_ERROR,IDSN,9480
ACCC_APPS_HD_CANCEL,LRCC,18720
