code,product_code,numusers
ACCC_ERROR,IDSN,5496
ACCC_APPS_HD_CANCEL,PPRO,13146
ACCC_INSTALL_END,RUSH,87061
ACCC_DL_START,PHSP,1106780
ACCC_INSTALL_END,IDSN,456622
ACCC_ERROR,LRCC,2957
ACCC_INSTALL_END,PHSP,1047316
ACCC_APPS_HD_CANCEL,SPRK,4031
ACCC_APPS_HD_CANCEL,PHSP,42105
ACCC_APPS_HD_CANCEL,IDSN,9289
ACCC_DL_START,RUSH,93849
ACCC_APPS_HD_CANCEL,LRCC,8782
ACCC_DL_START,SPRK,239467
ACCC_DL_START,IDSN,469025
ACCC_INSTALL_END,LRCC,302947
ACCC_ERROR,PPRO,5208
ACCC_DL_START,PPRO,383467
ACCC_ERROR,RUSH,1369
ACCC_ERROR,SPRK,2612
ACCC_INSTALL_END,PPRO,365355
ACCC_ERROR,PHSP,16971
ACCC_APPS_HD_CANCEL,RUSH,4642
ACCC_INSTALL_END,SPRK,234585
ACCC_DL_START,LRCC,314119
