code,install_mode,selfupdate_mode,source,workflow_count
ACCC_BOOTSTRAP_DL_START,Auto-Update,,,13499619
ACCC_BOOTSTRAP_INSTALL_START,Auto-Update,,,13296922
ACCC_BOOTSTRAP_DL_END,Auto-Update,,,13285590
ACCC_BOOTSTRAP_INSTALL_END,Auto-Update,,,12999047
ACCC_BOOTSTRAP_INIT_START,Auto-Update,,,12790109
ACCC_BOOTSTRAP_DL_START,Fresh,,WAM,2753140
ACCC_BOOTSTRAP_INSTALL_START,Fresh,,WAM,2559931
ACCC_BOOTSTRAP_DL_END,Fresh,,WAM,2557016
ACCC_BOOTSTRAP_INSTALL_END,Fresh,,WAM,2457561
ACCC_BOOTSTRAP_ADMINPRIVELEGES,Self-Update,true,,733734
ACCC_BOOTSTRAP_INIT_START,Self-Update,,,498782
ACCC_BOOTSTRAP_DL_START,Fresh,repair,,491362
ACCC_BOOTSTRAP_INSTALL_START,Fresh,repair,,441691
ACCC_BOOTSTRAP_DL_END,Fresh,repair,,441030
ACCC_BOOTSTRAP_INSTALL_END,Fresh,repair,,431267
ACCC_BOOTSTRAP_DL_START,Self-Update,,,396655
ACCC_BOOTSTRAP_INSTALL_START,Self-Update,,,386989
ACCC_BOOTSTRAP_DL_END,Self-Update,,,386691
ACCC_BOOTSTRAP_INSTALL_END,Self-Update,,,383600
ACCC_BOOTSTRAP_DL_FATAL_ERROR,Fresh,,WAM,234184
ACCC_BOOTSTRAP_DL_FATAL_ERROR,Auto-Update,,,220914
ACCC_BOOTSTRAP_DL_START,Fresh,,,188686
ACCC_BOOTSTRAP_INSTALL_START,Fresh,,,168012
ACCC_BOOTSTRAP_DL_END,Fresh,,,167772
ACCC_BOOTSTRAP_ADMINPRIVELEGES,Fresh,,,156970
ACCC_BOOTSTRAP_DL_RETRY,Fresh,,WAM,153012
ACCC_BOOTSTRAP_INSTALL_END,Fresh,,,151601
ACCC_BOOTSTRAP_INIT_FATAL_ERROR,Auto-Update,,,129888
ACCC_BOOTSTRAP_DL_START,Update,,WAM,117292
ACCC_BOOTSTRAP_INSTALL_START,Update,,WAM,110969
ACCC_BOOTSTRAP_DL_END,Update,,WAM,110868
ACCC_BOOTSTRAP_INSTALL_END,Update,,WAM,105813
ACCC_BOOTSTRAP_DL_START,Self-Update,repair,,98395
ACCC_BOOTSTRAP_INSTALL_START,Self-Update,repair,,83245
ACCC_BOOTSTRAP_DL_END,Self-Update,repair,,83009
ACCC_BOOTSTRAP_INSTALL_FATAL_ERROR,Auto-Update,,,81861
ACCC_BOOTSTRAP_DL_RETRY,Auto-Update,,,76813
ACCC_BOOTSTRAP_INSTALL_END,Self-Update,repair,,76091
ACCC_BOOTSTRAP_PIM_DL_ERROR,Auto-Update,,,68215
ACCC_BOOTSTRAP_HELPER_FAILURE,Self-Update,true,,62692
ACCC_BOOTSTRAP_DL_START,Self-Update,true,,39956
ACCC_BOOTSTRAP_DL_FATAL_ERROR,Fresh,repair,,38125
ACCC_BOOTSTRAP_INSTALL_START,Self-Update,true,,35954
ACCC_BOOTSTRAP_DL_END,Self-Update,true,,35893
ACCC_BOOTSTRAP_INIT_FATAL_ERROR,Self-Update,,,34906
ACCC_BOOTSTRAP_ADMINPRIVELEGES,Self-Update,,,34899
ACCC_BOOTSTRAP_INSTALL_END,Self-Update,true,,34405
ACCC_BOOTSTRAP_INSTALL_FATAL_ERROR,Fresh,,WAM,20982
ACCC_BOOTSTRAP_DL_FATAL_ERROR,Fresh,,,19443
ACCC_BOOTSTRAP_DL_FATAL_ERROR,Self-Update,repair,,10984
ACCC_BOOTSTRAP_DL_RETRY,Fresh,repair,,9838
ACCC_BOOTSTRAP_DL_FATAL_ERROR,Update,,WAM,7315
ACCC_BOOTSTRAP_DL_FATAL_ERROR,Self-Update,,,7004
ACCC_BOOTSTRAP_DL_RETRY,Update,,WAM,6229
ACCC_BOOTSTRAP_DL_RETRY,Self-Update,,,5514
ACCC_BOOTSTRAP_DL_RETRY,Fresh,,,5477
ACCC_BOOTSTRAP_INSTALL_FATAL_ERROR,Self-Update,repair,,5313
ACCC_BOOTSTRAP_INSTALL_FATAL_ERROR,Fresh,repair,,4563
ACCC_BOOTSTRAP_INSTALL_FATAL_ERROR,Update,,WAM,4027
ACCC_BOOTSTRAP_DL_FATAL_ERROR,Self-Update,true,,3817
ACCC_BOOTSTRAP_PIM_DL_ERROR,Self-Update,repair,,3411
ACCC_BOOTSTRAP_INSTALL_FATAL_ERROR,Self-Update,,,3319
ACCC_BOOTSTRAP_DL_RETRY,Self-Update,repair,,3079
ACCC_BOOTSTRAP_INSTALL_FATAL_ERROR,Fresh,,,2613
ACCC_BOOTSTRAP_PIM_DL_ERROR,Fresh,,,2317
ACCC_BOOTSTRAP_PIM_DL_ERROR,Self-Update,,,2167
ACCC_BOOTSTRAP_DL_RETRY,Self-Update,true,,1340
ACCC_BOOTSTRAP_INSTALL_FATAL_ERROR,Self-Update,true,,959
ACCC_BOOTSTRAP_PIM_DL_ERROR,Self-Update,true,,780
ACCC_BOOTSTRAP_HELPER_FAILURE,Fresh,,,72
ACCC_BOOTSTRAP_BETWEEN_DL_AND_INSTALL,Self-Update,,,18
ACCC_BOOTSTRAP_BETWEEN_DL_AND_INSTALL,Fresh,,,10
ACCC_BOOTSTRAP_PIM_DL_ERROR,Fresh,repair,,4
