workflow_count,errorcode,event_type
300489,PIM_STATUS_DOWNLOAD_CANCELED,ACCC_BOOTSTRAP_DL_FATAL_ERROR
159792,PIM_STATUS_SUCCESS,ACCC_BOOTSTRAP_DL_RETRY
152671,PIM_STATUS_DOWNLOAD_ERROR,ACCC_BOOTSTRAP_DL_FATAL_ERROR
95430,LBS_ERROR_IPC,ACCC_BOOTSTRAP_INIT_FATAL_ERROR
83936,PIM_STATUS_DOWNLOAD_SERVER_UNRESPONSIVE,ACCC_BOOTSTRAP_DL_RETRY
80947,LBS_ERROR_ADMIN_PRIVILEDGE_REQUIRED,ACCC_BOOTSTRAP_INIT_FATAL_ERROR
61489,eCC_HELPER_REMOTE_OBJECT_PROXY_CREATION_FAILED,ACCC_BOOTSTRAP_HELPER_FAILURE
42149,PIM_STATUS_DOWNLOAD_FILE_HANDLING_ERROR,ACCC_BOOTSTRAP_DL_FATAL_ERROR
36388,PIM_STATUS_DOWNLOAD_EXTRACTION_ERROR,ACCC_BOOTSTRAP_DL_FATAL_ERROR
32213,PIM_STATUS_FAILED_TO_BACKUP,ACCC_BOOTSTRAP_INSTALL_FATAL_ERROR
27501,PIM_STATUS_DOWNLOAD_ERROR,ACCC_BOOTSTRAP_PIM_DL_ERROR
25807,PIM_STATUS_FILE_NOT_FOUND,ACCC_BOOTSTRAP_INSTALL_FATAL_ERROR
19188,PIM_STATUS_DOWNLOAD_SERVER_UNRESPONSIVE,ACCC_BOOTSTRAP_PIM_DL_ERROR
18237,PIM_STATUS_DOWNLOAD_DOWNLOAD_INVALID_FILE_ERROR,ACCC_BOOTSTRAP_PIM_DL_ERROR
17072,PIM_STATUS_FILE_COPY_ERROR,ACCC_BOOTSTRAP_INSTALL_FATAL_ERROR
14346,PIM_STATUS_FILE_EXTRACTION_ERROR,ACCC_BOOTSTRAP_INSTALL_FATAL_ERROR
14238,PIM_STATUS_INSUFFICIENT_FREE_DISK_SPACE,ACCC_BOOTSTRAP_INSTALL_FATAL_ERROR
12113,PIM_STATUS_ERROR,ACCC_BOOTSTRAP_INSTALL_FATAL_ERROR
10141,PIM_STATUS_DOWNLOAD_DOWNLOAD_INVALID_FILE_ERROR,ACCC_BOOTSTRAP_DL_RETRY
7478,PIM_STATUS_DOWNLOAD_NETWORK_UNAVAILABLE,ACCC_BOOTSTRAP_PIM_DL_ERROR
