workflow_count,errorcode,errorsubcode,code,install_mode,selfupdate_mode,source
13502320,,,ACCC_BOOTSTRAP_DL_START,Auto-Update,,
13299594,,,ACCC_BOOTSTRAP_INSTALL_START,Auto-Update,,
13288247,,,ACCC_BOOTSTRAP_DL_END,Auto-Update,,
13001656,,,ACCC_BOOTSTRAP_INSTALL_END,Auto-Update,,
12792658,,,ACCC_BOOTSTRAP_INIT_START,Auto-Update,,
2755858,,,ACCC_BOOTSTRAP_DL_START,Fresh,,WAM
2562474,,,ACCC_BOOTSTRAP_INSTALL_START,Fresh,,WAM
2559562,,,ACCC_BOOTSTRAP_DL_END,Fresh,,WAM
2459999,,,ACCC_BOOTSTRAP_INSTALL_END,Fresh,,WAM
734322,,,ACCC_BOOTSTRAP_ADMINPRIVELEGES,Self-Update,true,
499114,,,ACCC_BOOTSTRAP_INIT_START,Self-Update,,
491896,,,ACCC_BOOTSTRAP_DL_START,Fresh,repair,
442180,,,ACCC_BOOTSTRAP_INSTALL_START,Fresh,repair,
441502,,,ACCC_BOOTSTRAP_DL_END,Fresh,repair,
431741,,,ACCC_BOOTSTRAP_INSTALL_END,Fresh,repair,
396832,,,ACCC_BOOTSTRAP_DL_START,Self-Update,,
387156,,,ACCC_BOOTSTRAP_INSTALL_START,Self-Update,,
386856,,,ACCC_BOOTSTRAP_DL_END,Self-Update,,
383775,,,ACCC_BOOTSTRAP_INSTALL_END,Self-Update,,
188900,,,ACCC_BOOTSTRAP_DL_START,Fresh,,
168215,,,ACCC_BOOTSTRAP_INSTALL_START,Fresh,,
167971,,,ACCC_BOOTSTRAP_DL_END,Fresh,,
158956,PIM_STATUS_DOWNLOAD_CANCELED,,ACCC_BOOTSTRAP_DL_FATAL_ERROR,Fresh,,WAM
157125,,,ACCC_BOOTSTRAP_ADMINPRIVELEGES,Fresh,,
153102,PIM_STATUS_SUCCESS,,ACCC_BOOTSTRAP_DL_RETRY,Fresh,,WAM
151779,,,ACCC_BOOTSTRAP_INSTALL_END,Fresh,,
120063,PIM_STATUS_DOWNLOAD_ERROR,,ACCC_BOOTSTRAP_DL_FATAL_ERROR,Auto-Update,,
117419,,,ACCC_BOOTSTRAP_DL_START,Update,,WAM
111084,,,ACCC_BOOTSTRAP_INSTALL_START,Update,,WAM
110986,,,ACCC_BOOTSTRAP_DL_END,Update,,WAM
105928,,,ACCC_BOOTSTRAP_INSTALL_END,Update,,WAM
98494,,,ACCC_BOOTSTRAP_DL_START,Self-Update,repair,
83339,,,ACCC_BOOTSTRAP_INSTALL_START,Self-Update,repair,
83102,,,ACCC_BOOTSTRAP_DL_END,Self-Update,repair,
80601,LBS_ERROR_IPC,,ACCC_BOOTSTRAP_INIT_FATAL_ERROR,Auto-Update,,
76173,,,ACCC_BOOTSTRAP_INSTALL_END,Self-Update,repair,
63481,PIM_STATUS_DOWNLOAD_SERVER_UNRESPONSIVE,,ACCC_BOOTSTRAP_DL_RETRY,Auto-Update,,
61495,LBS_ERROR_ADMIN_PRIVILEDGE_REQUIRED,,ACCC_BOOTSTRAP_INIT_FATAL_ERROR,Auto-Update,,
61436,eCC_HELPER_REMOTE_OBJECT_PROXY_CREATION_FAILED,,ACCC_BOOTSTRAP_HELPER_FAILURE,Self-Update,true,
40026,,,ACCC_BOOTSTRAP_DL_START,Self-Update,true,
36015,,,ACCC_BOOTSTRAP_INSTALL_START,Self-Update,true,
35953,,,ACCC_BOOTSTRAP_DL_END,Self-Update,true,
34940,,,ACCC_BOOTSTRAP_ADMINPRIVELEGES,Self-Update,,
34463,,,ACCC_BOOTSTRAP_INSTALL_END,Self-Update,true,
26749,PIM_STATUS_DOWNLOAD_EXTRACTION_ERROR,,ACCC_BOOTSTRAP_DL_FATAL_ERROR,Auto-Update,,
26541,PIM_STATUS_FAILED_TO_BACKUP,,ACCC_BOOTSTRAP_INSTALL_FATAL_ERROR,Auto-Update,,
24877,PIM_STATUS_DOWNLOAD_ERROR,,ACCC_BOOTSTRAP_PIM_DL_ERROR,Auto-Update,,
24023,PIM_STATUS_DOWNLOAD_CANCELED,PIM_STATUS_DOWNLOAD_SERVER_UNRESPONSIVE,ACCC_BOOTSTRAP_DL_FATAL_ERROR,Auto-Update,,
22931,PIM_STATUS_DOWNLOAD_FILE_HANDLING_ERROR,,ACCC_BOOTSTRAP_DL_FATAL_ERROR,Auto-Update,,
22397,PIM_STATUS_DOWNLOAD_CANCELED,PIM_STATUS_DOWNLOAD_SERVER_UNRESPONSIVE,ACCC_BOOTSTRAP_DL_FATAL_ERROR,Fresh,,WAM
22156,PIM_STATUS_DOWNLOAD_CANCELED,,ACCC_BOOTSTRAP_DL_FATAL_ERROR,Fresh,repair,
21671,PIM_STATUS_DOWNLOAD_ERROR,,ACCC_BOOTSTRAP_DL_FATAL_ERROR,Fresh,,WAM
21117,PIM_STATUS_DOWNLOAD_CANCELED,,ACCC_BOOTSTRAP_DL_FATAL_ERROR,Auto-Update,,
19818,LBS_ERROR_ADMIN_PRIVILEDGE_REQUIRED,,ACCC_BOOTSTRAP_INIT_FATAL_ERROR,Self-Update,,
18595,PIM_STATUS_FILE_NOT_FOUND,,ACCC_BOOTSTRAP_INSTALL_FATAL_ERROR,Auto-Update,,
17107,PIM_STATUS_DOWNLOAD_SERVER_UNRESPONSIVE,,ACCC_BOOTSTRAP_PIM_DL_ERROR,Auto-Update,,
17087,PIM_STATUS_DOWNLOAD_DOWNLOAD_INVALID_FILE_ERROR,,ACCC_BOOTSTRAP_PIM_DL_ERROR,Auto-Update,,
16476,PIM_STATUS_FILE_COPY_ERROR,,ACCC_BOOTSTRAP_INSTALL_FATAL_ERROR,Auto-Update,,
15842,PIM_STATUS_DOWNLOAD_FILE_HANDLING_ERROR,,ACCC_BOOTSTRAP_DL_FATAL_ERROR,Fresh,,WAM
15725,LBS_ERROR_IPC,,ACCC_BOOTSTRAP_INIT_FATAL_ERROR,Self-Update,,
14565,PIM_STATUS_DOWNLOAD_CANCELED,PIM_STATUS_DOWNLOAD_NETWORK_UNAVAILABLE,ACCC_BOOTSTRAP_DL_FATAL_ERROR,Fresh,,WAM
12914,PIM_STATUS_DOWNLOAD_CANCELED,,ACCC_BOOTSTRAP_DL_FATAL_ERROR,Fresh,,
10509,PIM_STATUS_INSUFFICIENT_FREE_DISK_SPACE,,ACCC_BOOTSTRAP_INSTALL_FATAL_ERROR,Auto-Update,,
8297,PIM_STATUS_DOWNLOAD_DOWNLOAD_INVALID_FILE_ERROR,,ACCC_BOOTSTRAP_DL_RETRY,Auto-Update,,
8179,PIM_STATUS_DOWNLOAD_SERVER_UNRESPONSIVE,,ACCC_BOOTSTRAP_DL_RETRY,Fresh,repair,
7436,PIM_STATUS_ERROR,,ACCC_BOOTSTRAP_INSTALL_FATAL_ERROR,Fresh,,WAM
6589,PIM_STATUS_DOWNLOAD_NETWORK_UNAVAILABLE,,ACCC_BOOTSTRAP_PIM_DL_ERROR,Auto-Update,,
6229,PIM_STATUS_SUCCESS,,ACCC_BOOTSTRAP_DL_RETRY,Update,,WAM
6168,PIM_STATUS_DOWNLOAD_EXTRACTION_ERROR,,ACCC_BOOTSTRAP_DL_FATAL_ERROR,Fresh,,WAM
5770,PIM_STATUS_DOWNLOAD_CANCELED,,ACCC_BOOTSTRAP_DL_FATAL_ERROR,Self-Update,repair,
5477,PIM_STATUS_DOWNLOAD_ERROR,,ACCC_BOOTSTRAP_DL_RETRY,Auto-Update,,
5255,PIM_STATUS_DOWNLOAD_ERROR,,ACCC_BOOTSTRAP_DL_FATAL_ERROR,Fresh,repair,
5072,PIM_STATUS_DOWNLOAD_CANCELED,PIM_STATUS_DOWNLOAD_SERVER_UNRESPONSIVE,ACCC_BOOTSTRAP_DL_FATAL_ERROR,Fresh,repair,
4864,PIM_STATUS_FILE_EXTRACTION_ERROR,,ACCC_BOOTSTRAP_INSTALL_FATAL_ERROR,Auto-Update,,
4673,PIM_STATUS_DOWNLOAD_SERVER_UNRESPONSIVE,,ACCC_BOOTSTRAP_DL_RETRY,Fresh,,
4645,PIM_STATUS_DOWNLOAD_SERVER_UNRESPONSIVE,,ACCC_BOOTSTRAP_DL_RETRY,Self-Update,,
4612,PIM_STATUS_FILE_EXTRACTION_ERROR,,ACCC_BOOTSTRAP_INSTALL_FATAL_ERROR,Fresh,,WAM
4528,PIM_STATUS_FILE_NOT_FOUND,,ACCC_BOOTSTRAP_INSTALL_FATAL_ERROR,Fresh,,WAM
4015,PIM_STATUS_DOWNLOAD_CANCELED,PIM_STATUS_DOWNLOAD_DOWNLOAD_INVALID_FILE_ERROR,ACCC_BOOTSTRAP_DL_FATAL_ERROR,Auto-Update,,
3878,PIM_STATUS_FAILED_TO_BACKUP,,ACCC_BOOTSTRAP_INSTALL_FATAL_ERROR,Self-Update,repair,
3657,PIM_STATUS_DOWNLOAD_CANCELED,,ACCC_BOOTSTRAP_DL_FATAL_ERROR,Update,,WAM
3531,PIM_STATUS_DOWNLOAD_CANCELED,PIM_STATUS_DOWNLOAD_ERROR,ACCC_BOOTSTRAP_DL_FATAL_ERROR,Auto-Update,,
3228,PIM_STATUS_DOWNLOAD_HTTP_INVALID_URL,,ACCC_BOOTSTRAP_DL_FATAL_ERROR,Auto-Update,,
3152,LBS_ERROR_LAUNCH_FAILED,,ACCC_BOOTSTRAP_INIT_FATAL_ERROR,Auto-Update,,
3130,PIM_STATUS_DOWNLOAD_CANCELED,PIM_STATUS_DOWNLOAD_ERROR,ACCC_BOOTSTRAP_DL_FATAL_ERROR,Fresh,,WAM
3098,PIM_STATUS_DOWNLOAD_ERROR,,ACCC_BOOTSTRAP_DL_FATAL_ERROR,Self-Update,,
3004,PIM_STATUS_ERROR,,ACCC_BOOTSTRAP_INSTALL_FATAL_ERROR,Update,,WAM
2872,PIM_STATUS_INSUFFICIENT_FREE_DISK_SPACE,,ACCC_BOOTSTRAP_INSTALL_FATAL_ERROR,Fresh,,WAM
2476,PIM_STATUS_DOWNLOAD_SERVER_UNRESPONSIVE,,ACCC_BOOTSTRAP_DL_RETRY,Self-Update,repair,
2268,PIM_STATUS_DOWNLOAD_ERROR,,ACCC_BOOTSTRAP_DL_FATAL_ERROR,Fresh,,
2205,PIM_STATUS_DOWNLOAD_CANCELED,PIM_STATUS_DOWNLOAD_DOWNLOAD_INVALID_FILE_ERROR,ACCC_BOOTSTRAP_DL_FATAL_ERROR,Fresh,,WAM
2085,PIM_STATUS_DOWNLOAD_EXTRACTION_ERROR,,ACCC_BOOTSTRAP_DL_FATAL_ERROR,Fresh,repair,
2044,PIM_STATUS_FILE_EXTRACTION_ERROR,,ACCC_BOOTSTRAP_INSTALL_FATAL_ERROR,Fresh,repair,
2039,PIM_STATUS_DOWNLOAD_CANCELED,,ACCC_BOOTSTRAP_DL_FATAL_ERROR,Self-Update,true,
2023,PIM_STATUS_DOWNLOAD_CANCELED,PIM_STATUS_DOWNLOAD_SERVER_UNRESPONSIVE,ACCC_BOOTSTRAP_DL_FATAL_ERROR,Self-Update,repair,
1927,PIM_STATUS_DOWNLOAD_HTTP_INVALID_URL,,ACCC_BOOTSTRAP_DL_FATAL_ERROR,Fresh,,WAM
1872,PIM_STATUS_PACKAGE_NOT_GENUINE,,ACCC_BOOTSTRAP_DL_FATAL_ERROR,Auto-Update,,
1771,PIM_STATUS_ERROR,,ACCC_BOOTSTRAP_INSTALL_FATAL_ERROR,Auto-Update,,
1675,PIM_STATUS_DOWNLOAD_CANCELED,PIM_STATUS_DOWNLOAD_SERVER_UNRESPONSIVE,ACCC_BOOTSTRAP_DL_FATAL_ERROR,Fresh,,
1641,PIM_STATUS_DOWNLOAD_ERROR,,ACCC_BOOTSTRAP_DL_FATAL_ERROR,Update,,WAM
1626,PIM_STATUS_DOWNLOAD_ERROR,,ACCC_BOOTSTRAP_DL_FATAL_ERROR,Self-Update,repair,
1611,PIM_STATUS_ACC_FAILED_TO_QUIT,,ACCC_BOOTSTRAP_INSTALL_FATAL_ERROR,Auto-Update,,
1530,PIM_STATUS_FILE_EXTRACTION_ERROR,,ACCC_BOOTSTRAP_INSTALL_FATAL_ERROR,Fresh,,
1514,PIM_STATUS_DOWNLOAD_OUTPUT_DISK_FULL,,ACCC_BOOTSTRAP_PIM_DL_ERROR,Auto-Update,,
1502,PIM_STATUS_DOWNLOAD_FILE_HANDLING_ERROR,,ACCC_BOOTSTRAP_DL_FATAL_ERROR,Fresh,repair,
1338,PIM_STATUS_FILE_NOT_FOUND,,ACCC_BOOTSTRAP_INSTALL_FATAL_ERROR,Fresh,repair,
1321,PIM_STATUS_DOWNLOAD_FILE_HANDLING_ERROR,,ACCC_BOOTSTRAP_DL_FATAL_ERROR,Fresh,,
1296,HELPER_BLESS_FAILED,,ACCC_BOOTSTRAP_HELPER_FAILURE,Self-Update,true,
1278,PIM_STATUS_NOTIFIER_CLOSE_ERROR,,ACCC_BOOTSTRAP_INSTALL_FATAL_ERROR,Auto-Update,,
1240,PIM_STATUS_DOWNLOAD_CANCELED,,ACCC_BOOTSTRAP_DL_FATAL_ERROR,Self-Update,,
1200,PIM_STATUS_FAILED_TO_BACKUP,,ACCC_BOOTSTRAP_INSTALL_FATAL_ERROR,Self-Update,,
1131,PIM_STATUS_DOWNLOAD_ERROR,,ACCC_BOOTSTRAP_PIM_DL_ERROR,Self-Update,repair,
1108,PIM_STATUS_DOWNLOAD_CANCELED,PIM_STATUS_DOWNLOAD_NETWORK_UNAVAILABLE,ACCC_BOOTSTRAP_DL_FATAL_ERROR,Auto-Update,,
1081,PIM_STATUS_DOWNLOAD_SERVER_UNRESPONSIVE,,ACCC_BOOTSTRAP_DL_RETRY,Self-Update,true,
1049,PIM_STATUS_DOWNLOAD_SERVER_UNRESPONSIVE,,ACCC_BOOTSTRAP_PIM_DL_ERROR,Self-Update,repair,
1025,PIM_STATUS_DOWNLOAD_ERROR,,ACCC_BOOTSTRAP_DL_FATAL_ERROR,Self-Update,true,
975,PIM_STATUS_FAILED_TO_BACKUP,,ACCC_BOOTSTRAP_INSTALL_FATAL_ERROR,Fresh,,WAM
973,PIM_STATUS_DOWNLOAD_CANCELED,PIM_STATUS_DOWNLOAD_SERVER_UNRESPONSIVE,ACCC_BOOTSTRAP_DL_FATAL_ERROR,Self-Update,,
909,PIM_STATUS_DOWNLOAD_FILE_HANDLING_ERROR,,ACCC_BOOTSTRAP_PIM_DL_ERROR,Auto-Update,,
902,PIM_STATUS_DOWNLOAD_ERROR,,ACCC_BOOTSTRAP_PIM_DL_ERROR,Self-Update,,
889,PIM_STATUS_DOWNLOAD_HTTP_INVALID_URL,,ACCC_BOOTSTRAP_PIM_DL_ERROR,Auto-Update,,
856,PIM_STATUS_DOWNLOAD_EXTRACTION_ERROR,,ACCC_BOOTSTRAP_DL_FATAL_ERROR,Self-Update,,
795,PIM_STATUS_DOWNLOAD_ERROR,,ACCC_BOOTSTRAP_PIM_DL_ERROR,Fresh,,
793,PIM_STATUS_DOWNLOAD_ERROR,,ACCC_BOOTSTRAP_DL_RETRY,Fresh,repair,
787,PIM_STATUS_DOWNLOAD_DOWNLOAD_INVALID_FILE_ERROR,,ACCC_BOOTSTRAP_DL_RETRY,Fresh,repair,
782,PIM_STATUS_DOWNLOAD_CANCELED,PIM_STATUS_DOWNLOAD_SERVER_UNRESPONSIVE,ACCC_BOOTSTRAP_DL_FATAL_ERROR,Update,,WAM
725,PIM_STATUS_FILE_CORRUPTED_PIMX,,ACCC_BOOTSTRAP_INSTALL_FATAL_ERROR,Auto-Update,,
702,PIM_STATUS_FILE_COPY_ERROR,,ACCC_BOOTSTRAP_INSTALL_FATAL_ERROR,Self-Update,,
701,PIM_STATUS_DOWNLOAD_DATA_VALIDATION_ERROR,,ACCC_BOOTSTRAP_DL_FATAL_ERROR,Auto-Update,,
696,PIM_STATUS_DOWNLOAD_DOWNLOAD_INVALID_FILE_ERROR,,ACCC_BOOTSTRAP_PIM_DL_ERROR,Self-Update,repair,
696,PIM_STATUS_FILE_CORRUPTED_PIMX,,ACCC_BOOTSTRAP_INSTALL_FATAL_ERROR,Fresh,,WAM
644,PIM_STATUS_DOWNLOAD_FILE_HANDLING_ERROR,,ACCC_BOOTSTRAP_DL_FATAL_ERROR,Self-Update,repair,
627,PIM_STATUS_DOWNLOAD_CANCELED,PIM_STATUS_DOWNLOAD_ERROR,ACCC_BOOTSTRAP_DL_FATAL_ERROR,Fresh,repair,
613,PIM_STATUS_FILE_EXTRACTION_ERROR,,ACCC_BOOTSTRAP_INSTALL_FATAL_ERROR,Self-Update,repair,
584,PIM_STATUS_DOWNLOAD_HTTP_INVALID_URL,,ACCC_BOOTSTRAP_DL_FATAL_ERROR,Fresh,repair,
560,PIM_STATUS_DOWNLOAD_SERVER_UNRESPONSIVE,,ACCC_BOOTSTRAP_DL_FATAL_ERROR,Fresh,,
551,PIM_STATUS_DOWNLOAD_SERVER_UNRESPONSIVE,,ACCC_BOOTSTRAP_PIM_DL_ERROR,Fresh,,
522,PIM_STATUS_DOWNLOAD_SERVER_UNRESPONSIVE,,ACCC_BOOTSTRAP_DL_FATAL_ERROR,Fresh,,WAM
521,PIM_STATUS_DOWNLOAD_CANCELED,PIM_STATUS_DOWNLOAD_DOWNLOAD_INVALID_FILE_ERROR,ACCC_BOOTSTRAP_DL_FATAL_ERROR,Fresh,repair,
521,PIM_STATUS_DOWNLOAD_SERVER_UNRESPONSIVE,,ACCC_BOOTSTRAP_PIM_DL_ERROR,Self-Update,,
519,PIM_STATUS_DOWNLOAD_FILE_HANDLING_ERROR,,ACCC_BOOTSTRAP_DL_FATAL_ERROR,Update,,WAM
512,PIM_STATUS_DOWNLOAD_CANCELED,PIM_STATUS_DOWNLOAD_NETWORK_UNAVAILABLE,ACCC_BOOTSTRAP_DL_FATAL_ERROR,Fresh,repair,
489,PIM_STATUS_DOWNLOAD_EXTRACTION_ERROR,,ACCC_BOOTSTRAP_DL_FATAL_ERROR,Fresh,,
472,PIM_STATUS_DOWNLOAD_DOWNLOAD_INVALID_FILE_ERROR,,ACCC_BOOTSTRAP_DL_RETRY,Self-Update,,
470,PIM_STATUS_FILE_NOT_FOUND,,ACCC_BOOTSTRAP_INSTALL_FATAL_ERROR,Fresh,,
462,PIM_STATUS_DOWNLOAD_DOWNLOAD_INVALID_FILE_ERROR,,ACCC_BOOTSTRAP_DL_RETRY,Fresh,,
438,PIM_STATUS_DOWNLOAD_ERROR,,ACCC_BOOTSTRAP_DL_RETRY,Self-Update,,
437,PIM_STATUS_ERROR,,ACCC_BOOTSTRAP_INSTALL_FATAL_ERROR,Self-Update,true,
436,PIM_STATUS_FILE_CREATE_ERROR,,ACCC_BOOTSTRAP_INSTALL_FATAL_ERROR,Fresh,,WAM
414,PIM_STATUS_DOWNLOAD_ERROR,,ACCC_BOOTSTRAP_PIM_DL_ERROR,Self-Update,true,
405,PIM_STATUS_PACKAGE_NOT_GENUINE,,ACCC_BOOTSTRAP_INSTALL_FATAL_ERROR,Auto-Update,,
395,PIM_STATUS_DOWNLOAD_CANCELED,PIM_STATUS_DOWNLOAD_SERVER_UNRESPONSIVE,ACCC_BOOTSTRAP_DL_FATAL_ERROR,Self-Update,true,
387,PIM_STATUS_ERROR,,ACCC_BOOTSTRAP_INSTALL_FATAL_ERROR,Fresh,repair,
385,PIM_STATUS_DOWNLOAD_PROXY_AUTHENTICATION_REQUIRED,,ACCC_BOOTSTRAP_DL_RETRY,Auto-Update,,
382,PIM_STATUS_FILE_EXTRACTION_ERROR,,ACCC_BOOTSTRAP_PIM_DL_ERROR,Auto-Update,,
381,PIM_STATUS_DOWNLOAD_PROXY_AUTHENTICATION_REQUIRED,,ACCC_BOOTSTRAP_PIM_DL_ERROR,Auto-Update,,
369,PIM_STATUS_FAILED_TO_BACKUP,,ACCC_BOOTSTRAP_INSTALL_FATAL_ERROR,Update,,WAM
368,PIM_STATUS_DOWNLOAD_NETWORK_UNAVAILABLE,,ACCC_BOOTSTRAP_PIM_DL_ERROR,Fresh,,
361,PIM_STATUS_DOWNLOAD_DOWNLOAD_INVALID_FILE_ERROR,,ACCC_BOOTSTRAP_PIM_DL_ERROR,Fresh,,
359,PIM_STATUS_DOWNLOAD_DOWNLOAD_INVALID_FILE_ERROR,,ACCC_BOOTSTRAP_PIM_DL_ERROR,Self-Update,,
349,PIM_STATUS_DOWNLOAD_CANCELED,PIM_STATUS_DOWNLOAD_NETWORK_UNAVAILABLE,ACCC_BOOTSTRAP_DL_FATAL_ERROR,Fresh,,
347,PIM_STATUS_FILE_EXTRACTION_ERROR,,ACCC_BOOTSTRAP_INSTALL_FATAL_ERROR,Update,,WAM
346,PIM_STATUS_FILE_NOT_FOUND,,ACCC_BOOTSTRAP_INSTALL_FATAL_ERROR,Self-Update,,
332,PIM_STATUS_FILE_CORRUPTED_PIMX,,ACCC_BOOTSTRAP_INSTALL_FATAL_ERROR,Fresh,repair,
331,PIM_STATUS_DOWNLOAD_CANCELED,PIM_STATUS_DOWNLOAD_NETWORK_UNAVAILABLE,ACCC_BOOTSTRAP_DL_FATAL_ERROR,Update,,WAM
331,PIM_STATUS_DOWNLOAD_ERROR,,ACCC_BOOTSTRAP_DL_RETRY,Fresh,,
324,PIM_STATUS_DOWNLOAD_FILE_HANDLING_ERROR,,ACCC_BOOTSTRAP_DL_FATAL_ERROR,Self-Update,,
311,PIM_STATUS_FILE_NOT_FOUND,,ACCC_BOOTSTRAP_INSTALL_FATAL_ERROR,Self-Update,repair,
302,PIM_STATUS_DOWNLOAD_DOWNLOAD_INVALID_FILE_ERROR,,ACCC_BOOTSTRAP_DL_RETRY,Self-Update,repair,
302,PIM_STATUS_INSUFFICIENT_FREE_DISK_SPACE,,ACCC_BOOTSTRAP_INSTALL_FATAL_ERROR,Self-Update,,
296,PIM_STATUS_DOWNLOAD_CANCELED,PIM_STATUS_DOWNLOAD_DOWNLOAD_INVALID_FILE_ERROR,ACCC_BOOTSTRAP_DL_FATAL_ERROR,Update,,WAM
290,PIM_STATUS_FILE_EXTRACTION_ERROR,,ACCC_BOOTSTRAP_INSTALL_FATAL_ERROR,Self-Update,true,
289,PIM_STATUS_DOWNLOAD_NETWORK_UNAVAILABLE,,ACCC_BOOTSTRAP_PIM_DL_ERROR,Self-Update,repair,
288,PIM_STATUS_SUCCESS,,ACCC_BOOTSTRAP_DL_RETRY,Fresh,repair,
278,PIM_STATUS_DOWNLOAD_CANCELED,PIM_STATUS_DOWNLOAD_DOWNLOAD_INVALID_FILE_ERROR,ACCC_BOOTSTRAP_DL_FATAL_ERROR,Self-Update,repair,
273,PIM_STATUS_FILE_CREATE_ERROR,,ACCC_BOOTSTRAP_INSTALL_FATAL_ERROR,Self-Update,repair,
258,PIM_STATUS_DOWNLOAD_HTTP_INVALID_URL,,ACCC_BOOTSTRAP_DL_FATAL_ERROR,Fresh,,
250,PIM_STATUS_PACKAGE_NOT_GENUINE,,ACCC_BOOTSTRAP_DL_FATAL_ERROR,Fresh,,WAM
250,PIM_STATUS_DOWNLOAD_EXTRACTION_ERROR,,ACCC_BOOTSTRAP_DL_FATAL_ERROR,Update,,WAM
242,PIM_STATUS_DOWNLOAD_CANCELED,PIM_STATUS_DOWNLOAD_ERROR,ACCC_BOOTSTRAP_DL_FATAL_ERROR,Self-Update,repair,
230,PIM_STATUS_ERROR,,ACCC_BOOTSTRAP_INSTALL_FATAL_ERROR,Fresh,,
228,PIM_STATUS_DOWNLOAD_ERROR,,ACCC_BOOTSTRAP_DL_RETRY,Self-Update,repair,
223,PIM_STATUS_INSUFFICIENT_FREE_DISK_SPACE,,ACCC_BOOTSTRAP_INSTALL_FATAL_ERROR,Fresh,repair,
221,PIM_STATUS_DOWNLOAD_CANCELED,PIM_STATUS_DOWNLOAD_ERROR,ACCC_BOOTSTRAP_DL_FATAL_ERROR,Self-Update,,
218,PIM_STATUS_DOWNLOAD_CANCELED,PIM_STATUS_DOWNLOAD_ERROR,ACCC_BOOTSTRAP_DL_FATAL_ERROR,Fresh,,
218,PIM_STATUS_DOWNLOAD_CANCELED,PIM_STATUS_DOWNLOAD_DOWNLOAD_INVALID_FILE_ERROR,ACCC_BOOTSTRAP_DL_FATAL_ERROR,Fresh,,
206,PIM_STATUS_INSUFFICIENT_FREE_DISK_SPACE,,ACCC_BOOTSTRAP_INSTALL_FATAL_ERROR,Fresh,,
205,PIM_STATUS_ERROR,,ACCC_BOOTSTRAP_INSTALL_FATAL_ERROR,Self-Update,,
196,PIM_STATUS_DOWNLOAD_NETWORK_UNAVAILABLE,,ACCC_BOOTSTRAP_PIM_DL_ERROR,Self-Update,,
194,PIM_STATUS_DOWNLOAD_CANCELED,PIM_STATUS_DOWNLOAD_OUTPUT_DISK_FULL,ACCC_BOOTSTRAP_DL_FATAL_ERROR,Auto-Update,,
190,PIM_STATUS_DOWNLOAD_CANCELED,PIM_STATUS_DOWNLOAD_ERROR,ACCC_BOOTSTRAP_DL_FATAL_ERROR,Update,,WAM
188,PIM_STATUS_FILE_EXTRACTION_ERROR,,ACCC_BOOTSTRAP_INSTALL_FATAL_ERROR,Self-Update,,
185,PIM_STATUS_DOWNLOAD_CANCELED,PIM_STATUS_DOWNLOAD_NETWORK_UNAVAILABLE,ACCC_BOOTSTRAP_DL_FATAL_ERROR,Self-Update,repair,
181,PIM_STATUS_DOWNLOAD_CANCELED,PIM_STATUS_DOWNLOAD_OUTPUT_DISK_FULL,ACCC_BOOTSTRAP_DL_FATAL_ERROR,Fresh,,WAM
180,1667313455,,ACCC_BOOTSTRAP_INSTALL_FATAL_ERROR,Self-Update,,
177,PIM_STATUS_DOWNLOAD_DOWNLOAD_INVALID_FILE_ERROR,,ACCC_BOOTSTRAP_DL_RETRY,Self-Update,true,
172,PIM_STATUS_DOWNLOAD_OUTPUT_DISK_FULL,,ACCC_BOOTSTRAP_DL_RETRY,Auto-Update,,
167,PIM_STATUS_DOWNLOAD_FILE_HANDLING_ERROR,,ACCC_BOOTSTRAP_PIM_DL_ERROR,Fresh,,
162,PIM_STATUS_DOWNLOAD_SERVER_UNRESPONSIVE,,ACCC_BOOTSTRAP_PIM_DL_ERROR,Self-Update,true,
157,PIM_STATUS_FILE_NOT_FOUND,,ACCC_BOOTSTRAP_INSTALL_FATAL_ERROR,Update,,WAM
154,PIM_STATUS_DOWNLOAD_CANCELED,PIM_STATUS_DOWNLOAD_DOWNLOAD_INVALID_FILE_ERROR,ACCC_BOOTSTRAP_DL_FATAL_ERROR,Self-Update,,
145,PIM_STATUS_FILE_CREATE_ERROR,,ACCC_BOOTSTRAP_INSTALL_FATAL_ERROR,Auto-Update,,
143,PIM_STATUS_PACKAGE_NOT_GENUINE,,ACCC_BOOTSTRAP_INSTALL_FATAL_ERROR,Fresh,,WAM
141,PIM_STATUS_SUCCESS,,ACCC_BOOTSTRAP_DL_RETRY,Fresh,,
140,PIM_STATUS_DOWNLOAD_FILE_HANDLING_ERROR,,ACCC_BOOTSTRAP_PIM_DL_ERROR,Self-Update,repair,
131,PIM_STATUS_DOWNLOAD_FILE_HANDLING_ERROR,,ACCC_BOOTSTRAP_DL_FATAL_ERROR,Self-Update,true,
121,PIM_STATUS_DOWNLOAD_DATA_VALIDATION_ERROR,,ACCC_BOOTSTRAP_DL_FATAL_ERROR,Fresh,,WAM
116,PIM_STATUS_SUCCESS,,ACCC_BOOTSTRAP_DL_RETRY,Self-Update,repair,
114,PIM_STATUS_DOWNLOAD_EXTRACTION_ERROR,,ACCC_BOOTSTRAP_DL_FATAL_ERROR,Self-Update,true,
114,PIM_STATUS_DOWNLOAD_CANCELED,PIM_STATUS_DOWNLOAD_DOWNLOAD_INVALID_FILE_ERROR,ACCC_BOOTSTRAP_DL_FATAL_ERROR,Self-Update,true,
113,PIM_STATUS_DOWNLOAD_EXTRACTION_ERROR,,ACCC_BOOTSTRAP_DL_FATAL_ERROR,Self-Update,repair,
101,PIM_STATUS_DOWNLOAD_HTTP_INVALID_URL,,ACCC_BOOTSTRAP_DL_FATAL_ERROR,Self-Update,repair,
101,PIM_STATUS_PACKAGE_NOT_GENUINE,,ACCC_BOOTSTRAP_INSTALL_FATAL_ERROR,Fresh,repair,
101,PIM_STATUS_DOWNLOAD_HTTP_INVALID_URL,,ACCC_BOOTSTRAP_DL_FATAL_ERROR,Update,,WAM
98,PIM_STATUS_PACKAGE_NOT_GENUINE,,ACCC_BOOTSTRAP_DL_FATAL_ERROR,Fresh,repair,
97,PIM_STATUS_FILE_NOT_FOUND,,ACCC_BOOTSTRAP_INSTALL_FATAL_ERROR,Self-Update,true,
95,LBS_ERROR_LAUNCH_FAILED,,ACCC_BOOTSTRAP_INIT_FATAL_ERROR,Self-Update,,
88,PIM_STATUS_DOWNLOAD_DOWNLOAD_INVALID_FILE_ERROR,,ACCC_BOOTSTRAP_PIM_DL_ERROR,Self-Update,true,
87,PIM_STATUS_INSUFFICIENT_FREE_DISK_SPACE,,ACCC_BOOTSTRAP_INSTALL_FATAL_ERROR,Update,,WAM
86,PIM_STATUS_FAILED_TO_BACKUP,,ACCC_BOOTSTRAP_INSTALL_FATAL_ERROR,Fresh,repair,
83,PIM_STATUS_DOWNLOAD_HTTP_INVALID_URL,,ACCC_BOOTSTRAP_DL_FATAL_ERROR,Self-Update,true,
79,eAAM_HELPER_RET_NO_ADMIN_RIGHTS,,ACCC_BOOTSTRAP_DL_FATAL_ERROR,Self-Update,,
79,PIM_STATUS_ACC_FAILED_TO_QUIT,,ACCC_BOOTSTRAP_INSTALL_FATAL_ERROR,Self-Update,,
76,PIM_STATUS_ERROR,,ACCC_BOOTSTRAP_INSTALL_FATAL_ERROR,Self-Update,repair,
76,PIM_STATUS_DOWNLOAD_PROXY_AUTHENTICATION_REQUIRED,,ACCC_BOOTSTRAP_DL_RETRY,Fresh,,WAM
74,PIM_STATUS_DOWNLOAD_CANCELED,PIM_STATUS_DOWNLOAD_PROXY_AUTHENTICATION_REQUIRED,ACCC_BOOTSTRAP_DL_FATAL_ERROR,Auto-Update,,
74,PIM_STATUS_DOWNLOAD_ERROR,,ACCC_BOOTSTRAP_DL_RETRY,Self-Update,true,
73,PIM_STATUS_FILE_CORRUPTED_PIMX,,ACCC_BOOTSTRAP_INSTALL_FATAL_ERROR,Self-Update,repair,
72,PIM_STATUS_DOWNLOAD_HTTP_INVALID_URL,,ACCC_BOOTSTRAP_DL_FATAL_ERROR,Self-Update,,
72,PIM_STATUS_FILE_CORRUPTED_PIMX,,ACCC_BOOTSTRAP_INSTALL_FATAL_ERROR,Update,,WAM
71,eAAM_HELPER_RET_NO_ADMIN_RIGHTS,,ACCC_BOOTSTRAP_DL_FATAL_ERROR,Fresh,,
69,PIM_STATUS_DOWNLOAD_NETWORK_UNAVAILABLE,,ACCC_BOOTSTRAP_PIM_DL_ERROR,Self-Update,true,
68,PIM_STATUS_FAILED_TO_BACKUP,,ACCC_BOOTSTRAP_INSTALL_FATAL_ERROR,Self-Update,true,
67,,,ACCC_BOOTSTRAP_DL_FATAL_ERROR,Fresh,,
61,PIM_STATUS_FILE_CORRUPTED_PIMX,,ACCC_BOOTSTRAP_INSTALL_FATAL_ERROR,Fresh,,
61,PIM_STATUS_INSUFFICIENT_FREE_DISK_SPACE,,ACCC_BOOTSTRAP_INSTALL_FATAL_ERROR,Self-Update,repair,
60,PIM_STATUS_DOWNLOAD_OUTPUT_DISK_FULL,,ACCC_BOOTSTRAP_PIM_DL_ERROR,Self-Update,,
60,PIM_STATUS_DOWNLOAD_CANCELED,PIM_STATUS_DOWNLOAD_NETWORK_UNAVAILABLE,ACCC_BOOTSTRAP_DL_FATAL_ERROR,Self-Update,true,
53,PIM_STATUS_FAILED_TO_BACKUP,,ACCC_BOOTSTRAP_INSTALL_FATAL_ERROR,Fresh,,
49,PIM_STATUS_FILE_CREATE_ERROR,,ACCC_BOOTSTRAP_INSTALL_FATAL_ERROR,Fresh,repair,
47,eCC_HELPER_ACTION_FAILED,,ACCC_BOOTSTRAP_HELPER_FAILURE,Self-Update,true,
45,PIM_STATUS_DATABASE_INIT_ERROR,,ACCC_BOOTSTRAP_INSTALL_FATAL_ERROR,Fresh,,WAM
44,PIM_STATUS_DOWNLOAD_DATA_VALIDATION_ERROR,,ACCC_BOOTSTRAP_PIM_DL_ERROR,Auto-Update,,
44,PIM_STATUS_DOWNLOAD_CANCELED,PIM_STATUS_DOWNLOAD_ERROR,ACCC_BOOTSTRAP_DL_FATAL_ERROR,Self-Update,true,
44,PIM_STATUS_SUCCESS,,ACCC_BOOTSTRAP_DL_RETRY,Self-Update,true,
44,PIM_STATUS_DOWNLOAD_PROXY_AUTHENTICATION_REQUIRED,,ACCC_BOOTSTRAP_PIM_DL_ERROR,Self-Update,,
43,PIM_STATUS_FILE_EXTRACTION_ERROR,,ACCC_BOOTSTRAP_PIM_DL_ERROR,Fresh,,
42,PIM_STATUS_PACKAGE_NOT_GENUINE,,ACCC_BOOTSTRAP_DL_FATAL_ERROR,Self-Update,,
41,PIM_STATUS_DOWNLOAD_DATA_VALIDATION_ERROR,,ACCC_BOOTSTRAP_DL_FATAL_ERROR,Fresh,repair,
41,PIM_STATUS_FILE_CREATE_ERROR,,ACCC_BOOTSTRAP_INSTALL_FATAL_ERROR,Fresh,,
41,PIM_STATUS_DOWNLOAD_CANCELED,PIM_STATUS_DOWNLOAD_NETWORK_UNAVAILABLE,ACCC_BOOTSTRAP_DL_FATAL_ERROR,Self-Update,,
41,PIM_STATUS_INSUFFICIENT_FREE_DISK_SPACE,,ACCC_BOOTSTRAP_INSTALL_FATAL_ERROR,Self-Update,true,
41,PIM_STATUS_DOWNLOAD_OUTPUT_DISK_FULL,,ACCC_BOOTSTRAP_PIM_DL_ERROR,Fresh,,
39,,,ACCC_BOOTSTRAP_DL_FATAL_ERROR,Self-Update,,
39,eCC_HELPER_REMOTE_OBJECT_PROXY_CREATION_FAILED,,ACCC_BOOTSTRAP_HELPER_FAILURE,Fresh,,
35,PIM_STATUS_NOTIFIER_CLOSE_ERROR,,ACCC_BOOTSTRAP_INSTALL_FATAL_ERROR,Self-Update,,
34,PIM_STATUS_DOWNLOAD_FILE_HANDLING_ERROR,,ACCC_BOOTSTRAP_PIM_DL_ERROR,Self-Update,,
32,1667313455,,ACCC_BOOTSTRAP_INSTALL_FATAL_ERROR,Fresh,,
31,HELPER_BLESS_FAILED,,ACCC_BOOTSTRAP_HELPER_FAILURE,Fresh,,
30,PIM_STATUS_DOWNLOAD_DOWNLOAD_INVALID_FILE_ERROR,,ACCC_BOOTSTRAP_DL_FATAL_ERROR,Fresh,,
30,PIM_STATUS_DOWNLOAD_HTTP_INVALID_URL,,ACCC_BOOTSTRAP_PIM_DL_ERROR,Self-Update,repair,
30,PIM_STATUS_DOWNLOAD_HTTP_INVALID_URL,,ACCC_BOOTSTRAP_PIM_DL_ERROR,Fresh,,
30,PIM_STATUS_FILE_CREATE_ERROR,,ACCC_BOOTSTRAP_INSTALL_FATAL_ERROR,Update,,WAM
30,PIM_STATUS_DOWNLOAD_DOWNLOAD_INVALID_FILE_ERROR,,ACCC_BOOTSTRAP_DL_FATAL_ERROR,Fresh,,WAM
30,PIM_STATUS_FILE_EXTRACTION_ERROR,,ACCC_BOOTSTRAP_PIM_DL_ERROR,Self-Update,repair,
29,PIM_STATUS_DOWNLOAD_FILE_HANDLING_ERROR,,ACCC_BOOTSTRAP_PIM_DL_ERROR,Self-Update,true,
29,PIM_STATUS_DOWNLOAD_HTTP_INVALID_URL,,ACCC_BOOTSTRAP_PIM_DL_ERROR,Self-Update,,
26,PIM_STATUS_FILE_EXTRACTION_ERROR,,ACCC_BOOTSTRAP_PIM_DL_ERROR,Self-Update,,
25,PIM_STATUS_DOWNLOAD_CANCELED,PIM_STATUS_DOWNLOAD_OUTPUT_DISK_FULL,ACCC_BOOTSTRAP_DL_FATAL_ERROR,Fresh,,
24,PIM_STATUS_PACKAGE_NOT_GENUINE,,ACCC_BOOTSTRAP_DL_FATAL_ERROR,Fresh,,
23,PIM_STATUS_DOWNLOAD_OUTPUT_DISK_FULL,,ACCC_BOOTSTRAP_PIM_DL_ERROR,Self-Update,repair,
23,PIM_STATUS_DOWNLOAD_PROXY_AUTHENTICATION_REQUIRED,,ACCC_BOOTSTRAP_DL_RETRY,Self-Update,,
22,PIM_STATUS_FILE_CORRUPTED_PIMX,,ACCC_BOOTSTRAP_INSTALL_FATAL_ERROR,Self-Update,,
21,PIM_STATUS_DOWNLOAD_OUTPUT_DISK_FULL,,ACCC_BOOTSTRAP_DL_RETRY,Fresh,,
21,PIM_STATUS_AAMDETECTPLUGIN_LOADED,,ACCC_BOOTSTRAP_INSTALL_FATAL_ERROR,Fresh,,WAM
21,PIM_STATUS_DOWNLOAD_DATA_VALIDATION_ERROR,,ACCC_BOOTSTRAP_DL_FATAL_ERROR,Self-Update,,
20,PIM_STATUS_FILE_CORRUPTED_PIMX,,ACCC_BOOTSTRAP_INSTALL_FATAL_ERROR,Self-Update,true,
20,PIM_STATUS_PACKAGE_NOT_GENUINE,,ACCC_BOOTSTRAP_DL_FATAL_ERROR,Self-Update,repair,
19,PIM_STATUS_FILE_CREATE_ERROR,,ACCC_BOOTSTRAP_INSTALL_FATAL_ERROR,Self-Update,true,
18,ERROR_ACCC_ALREADY_RUNNING,,ACCC_BOOTSTRAP_BETWEEN_DL_AND_INSTALL,Self-Update,,
17,-1479504944,,ACCC_BOOTSTRAP_INSTALL_FATAL_ERROR,Self-Update,,
16,PIM_STATUS_DOWNLOAD_ERROR,303,ACCC_BOOTSTRAP_DL_FATAL_ERROR,Fresh,,WAM
15,536870912,,ACCC_BOOTSTRAP_INSTALL_FATAL_ERROR,Self-Update,,
15,PIM_STATUS_DOWNLOAD_CANCELED,PIM_STATUS_DOWNLOAD_OUTPUT_DISK_FULL,ACCC_BOOTSTRAP_DL_FATAL_ERROR,Self-Update,,
14,PIM_STATUS_FILE_CREATE_ERROR,,ACCC_BOOTSTRAP_INSTALL_FATAL_ERROR,Self-Update,,
14,PIM_STATUS_DOWNLOAD_DATA_VALIDATION_ERROR,,ACCC_BOOTSTRAP_DL_FATAL_ERROR,Self-Update,repair,
14,PIM_STATUS_DOWNLOAD_CANCELED,PIM_STATUS_DOWNLOAD_PROXY_AUTHENTICATION_REQUIRED,ACCC_BOOTSTRAP_DL_FATAL_ERROR,Fresh,,WAM
14,PIM_STATUS_DOWNLOAD_ERROR,303,ACCC_BOOTSTRAP_DL_FATAL_ERROR,Auto-Update,,
14,PIM_STATUS_DOWNLOAD_DATA_VALIDATION_ERROR,,ACCC_BOOTSTRAP_DL_FATAL_ERROR,Fresh,,
14,PIM_STATUS_PACKAGE_NOT_GENUINE,,ACCC_BOOTSTRAP_INSTALL_FATAL_ERROR,Self-Update,repair,
14,PIM_STATUS_NOTIFIER_CLOSE_ERROR,,ACCC_BOOTSTRAP_INSTALL_FATAL_ERROR,Fresh,,WAM
13,PIM_STATUS_DOWNLOAD_OUTPUT_DISK_FULL,,ACCC_BOOTSTRAP_DL_RETRY,Self-Update,,
12,BS_STATUS_SUCCESS,,ACCC_BOOTSTRAP_INSTALL_FATAL_ERROR,Self-Update,,
12,PIM_STATUS_PACKAGE_NOT_GENUINE,,ACCC_BOOTSTRAP_DL_FATAL_ERROR,Update,,WAM
12,-2147483648,,ACCC_BOOTSTRAP_INSTALL_FATAL_ERROR,Self-Update,,
11,805306368,,ACCC_BOOTSTRAP_INSTALL_FATAL_ERROR,Self-Update,,
11,PIM_STATUS_DOWNLOAD_DATA_VALIDATION_ERROR,,ACCC_BOOTSTRAP_DL_FATAL_ERROR,Update,,WAM
11,ERROR_SERVER_UNRESPONSIVE,,ACCC_BOOTSTRAP_DL_FATAL_ERROR,Self-Update,,
10,PIM_STATUS_PACKAGE_NOT_GENUINE,,ACCC_BOOTSTRAP_INSTALL_FATAL_ERROR,Fresh,,
10,PIM_STATUS_DATABASE_INIT_ERROR,,ACCC_BOOTSTRAP_INSTALL_FATAL_ERROR,Self-Update,repair,
10,PIM_STATUS_PACKAGE_NOT_GENUINE,,ACCC_BOOTSTRAP_INSTALL_FATAL_ERROR,Self-Update,,
10,ERROR_ACCC_ALREADY_RUNNING,,ACCC_BOOTSTRAP_BETWEEN_DL_AND_INSTALL,Fresh,,
10,PIM_STATUS_NOTIFIER_CLOSE_ERROR,,ACCC_BOOTSTRAP_INSTALL_FATAL_ERROR,Fresh,repair,
9,PIM_STATUS_FILE_EXTRACTION_ERROR,,ACCC_BOOTSTRAP_PIM_DL_ERROR,Self-Update,true,
9,-1342177280,,ACCC_BOOTSTRAP_INSTALL_FATAL_ERROR,Self-Update,,
9,PIM_STATUS_DATABASE_DELETE_ERROR,,ACCC_BOOTSTRAP_INSTALL_FATAL_ERROR,Self-Update,repair,
9,-536870912,,ACCC_BOOTSTRAP_INSTALL_FATAL_ERROR,Self-Update,,
9,PIM_STATUS_DOWNLOAD_HTTP_INVALID_URL,,ACCC_BOOTSTRAP_PIM_DL_ERROR,Self-Update,true,
9,1073741824,,ACCC_BOOTSTRAP_INSTALL_FATAL_ERROR,Self-Update,,
9,PIM_STATUS_PACKAGE_NOT_GENUINE,,ACCC_BOOTSTRAP_DL_FATAL_ERROR,Self-Update,true,
9,-1073741824,,ACCC_BOOTSTRAP_INSTALL_FATAL_ERROR,Self-Update,,
9,-805306368,,ACCC_BOOTSTRAP_INSTALL_FATAL_ERROR,Self-Update,,
8,PIM_STATUS_DOWNLOAD_ERROR,303,ACCC_BOOTSTRAP_DL_FATAL_ERROR,Self-Update,repair,
8,PIM_STATUS_DATABASE_INIT_ERROR,,ACCC_BOOTSTRAP_INSTALL_FATAL_ERROR,Auto-Update,,
8,-1610612736,,ACCC_BOOTSTRAP_INSTALL_FATAL_ERROR,Self-Update,,
8,PIM_STATUS_PACKAGE_NOT_GENUINE,,ACCC_BOOTSTRAP_INSTALL_FATAL_ERROR,Update,,WAM
8,-268435456,,ACCC_BOOTSTRAP_INSTALL_FATAL_ERROR,Self-Update,,
8,PIM_STATUS_DATABASE_INIT_ERROR,,ACCC_BOOTSTRAP_INSTALL_FATAL_ERROR,Update,,WAM
8,1342177280,,ACCC_BOOTSTRAP_INSTALL_FATAL_ERROR,Self-Update,,
8,1610612736,,ACCC_BOOTSTRAP_INSTALL_FATAL_ERROR,Self-Update,,
8,PIM_STATUS_DOWNLOAD_PROXY_AUTHENTICATION_REQUIRED,,ACCC_BOOTSTRAP_PIM_DL_ERROR,Self-Update,repair,
7,-1472140288,,ACCC_BOOTSTRAP_INSTALL_FATAL_ERROR,Self-Update,,
7,ERROR_SERVER_UNRESPONSIVE,,ACCC_BOOTSTRAP_DL_FATAL_ERROR,Fresh,,
7,1879048192,,ACCC_BOOTSTRAP_INSTALL_FATAL_ERROR,Self-Update,,
7,PIM_STATUS_DOWNLOAD_CANCELED,PIM_STATUS_DOWNLOAD_WRITE_PERMISSION,ACCC_BOOTSTRAP_DL_FATAL_ERROR,Fresh,,WAM
6,PIM_STATUS_DOWNLOAD_PROXY_AUTHENTICATION_REQUIRED,,ACCC_BOOTSTRAP_PIM_DL_ERROR,Self-Update,true,
5,32767,,ACCC_BOOTSTRAP_PIM_DL_ERROR,Self-Update,repair,
5,PIM_STATUS_NOTIFIER_CLOSE_ERROR,,ACCC_BOOTSTRAP_INSTALL_FATAL_ERROR,Update,,WAM
5,BS_STATUS_SUCCESS,,ACCC_BOOTSTRAP_INSTALL_FATAL_ERROR,Fresh,,
5,PIM_STATUS_DATABASE_INIT_ERROR,,ACCC_BOOTSTRAP_INSTALL_FATAL_ERROR,Self-Update,true,
5,-1479447600,,ACCC_BOOTSTRAP_INSTALL_FATAL_ERROR,Self-Update,,
5,PIM_STATUS_DOWNLOAD_CANCELED,PIM_STATUS_DOWNLOAD_OUTPUT_DISK_FULL,ACCC_BOOTSTRAP_DL_FATAL_ERROR,Update,,WAM
5,PIM_STATUS_DOWNLOAD_PROXY_AUTHENTICATION_REQUIRED,,ACCC_BOOTSTRAP_PIM_DL_ERROR,Fresh,,
5,-1510982272,,ACCC_BOOTSTRAP_INSTALL_FATAL_ERROR,Self-Update,,
5,PIM_STATUS_DOWNLOAD_OUTPUT_DISK_FULL,,ACCC_BOOTSTRAP_PIM_DL_ERROR,Self-Update,true,
5,PIM_STATUS_DOWNLOAD_CANCELED,PIM_STATUS_DOWNLOAD_OUTPUT_DISK_FULL,ACCC_BOOTSTRAP_DL_FATAL_ERROR,Self-Update,repair,
5,268435456,,ACCC_BOOTSTRAP_INSTALL_FATAL_ERROR,Self-Update,,
5,61,,ACCC_BOOTSTRAP_INSTALL_FATAL_ERROR,Auto-Update,,
5,ERROR_HTTP_FAILURE,,ACCC_BOOTSTRAP_DL_FATAL_ERROR,Fresh,,
5,PIM_STATUS_DOWNLOAD_WRITE_PERMISSION,,ACCC_BOOTSTRAP_DL_FATAL_ERROR,Fresh,,WAM
5,ERROR_NETWORK_UNAVAILABLE,,ACCC_BOOTSTRAP_DL_FATAL_ERROR,Self-Update,,
4,5004,,ACCC_BOOTSTRAP_INSTALL_FATAL_ERROR,Fresh,,
4,PIM_STATUS_DOWNLOAD_DATA_VALIDATION_ERROR,,ACCC_BOOTSTRAP_PIM_DL_ERROR,Self-Update,repair,
4,PIM_STATUS_DOWNLOAD_OUTPUT_DISK_FULL,,ACCC_BOOTSTRAP_DL_RETRY,Self-Update,true,
4,10,,ACCC_BOOTSTRAP_PIM_DL_ERROR,Self-Update,,
4,PIM_STATUS_DOWNLOAD_SERVER_UNRESPONSIVE,,ACCC_BOOTSTRAP_DL_FATAL_ERROR,Self-Update,,
4,ERROR_NETWORK_UNAVAILABLE,,ACCC_BOOTSTRAP_DL_FATAL_ERROR,Fresh,,
4,-1477997616,,ACCC_BOOTSTRAP_INSTALL_FATAL_ERROR,Self-Update,,
4,PIM_STATUS_DOWNLOAD_OUTPUT_DISK_FULL,,ACCC_BOOTSTRAP_DL_RETRY,Fresh,repair,
4,81,,ACCC_BOOTSTRAP_INSTALL_FATAL_ERROR,Fresh,,
4,-1879048192,,ACCC_BOOTSTRAP_INSTALL_FATAL_ERROR,Self-Update,,
4,PIM_STATUS_DOWNLOAD_DATA_VALIDATION_ERROR,,ACCC_BOOTSTRAP_DL_FATAL_ERROR,Self-Update,true,
4,7,,ACCC_BOOTSTRAP_PIM_DL_ERROR,Auto-Update,,
4,-1479849008,,ACCC_BOOTSTRAP_INSTALL_FATAL_ERROR,Self-Update,,
4,PIM_STATUS_DOWNLOAD_OUTPUT_DISK_FULL,,ACCC_BOOTSTRAP_DL_FATAL_ERROR,Fresh,,WAM
4,PIM_STATUS_DOWNLOAD_CANCELED,PIM_STATUS_DOWNLOAD_OUTPUT_DISK_FULL,ACCC_BOOTSTRAP_DL_FATAL_ERROR,Self-Update,true,
4,ERROR_HTTP_FAILURE,,ACCC_BOOTSTRAP_DL_FATAL_ERROR,Self-Update,,
4,PIM_STATUS_DATABASE_DELETE_ERROR,,ACCC_BOOTSTRAP_INSTALL_FATAL_ERROR,Update,,WAM
3,PIM_STATUS_FILE_SET_PERMISSIONS_ERROR,,ACCC_BOOTSTRAP_INSTALL_FATAL_ERROR,Auto-Update,,
3,PIM_STATUS_DOWNLOAD_ERROR,303,ACCC_BOOTSTRAP_DL_FATAL_ERROR,Fresh,repair,
3,PIM_STATUS_DOWNLOAD_CANCELED,PIM_STATUS_DOWNLOAD_OUTPUT_DISK_FULL,ACCC_BOOTSTRAP_DL_FATAL_ERROR,Fresh,repair,
3,1879048192,,ACCC_BOOTSTRAP_INSTALL_FATAL_ERROR,Fresh,,
3,ERROR_DOWNLOAD_FILE_INVALID,,ACCC_BOOTSTRAP_DL_FATAL_ERROR,Self-Update,,
3,PIM_STATUS_DOWNLOAD_PROXY_AUTHENTICATION_REQUIRED,,ACCC_BOOTSTRAP_DL_RETRY,Update,,WAM
3,PIM_STATUS_PACKAGE_NOT_GENUINE,,ACCC_BOOTSTRAP_INSTALL_FATAL_ERROR,Self-Update,true,
3,eAAM_HELPER_SIGN_INVALID,,ACCC_BOOTSTRAP_DL_FATAL_ERROR,Fresh,,
3,PIM_STATUS_DATABASE_DELETE_ERROR,,ACCC_BOOTSTRAP_INSTALL_FATAL_ERROR,Fresh,,WAM
3,32767,,ACCC_BOOTSTRAP_PIM_DL_ERROR,Self-Update,,
2,-1479504944,,ACCC_BOOTSTRAP_INSTALL_FATAL_ERROR,Fresh,,
2,PIM_STATUS_DOWNLOAD_ERROR,,ACCC_BOOTSTRAP_PIM_DL_ERROR,Fresh,repair,
2,10,,ACCC_BOOTSTRAP_INSTALL_FATAL_ERROR,Self-Update,,
2,-268435456,,ACCC_BOOTSTRAP_INSTALL_FATAL_ERROR,Fresh,,
2,PIM_STATUS_DOWNLOAD_OUTPUT_DISK_FULL,,ACCC_BOOTSTRAP_DL_FATAL_ERROR,Fresh,,
2,ERROR_NONE,,ACCC_BOOTSTRAP_DL_FATAL_ERROR,Self-Update,,
2,PIM_STATUS_DATABASE_INIT_ERROR,,ACCC_BOOTSTRAP_INSTALL_FATAL_ERROR,Fresh,,
2,PIM_STATUS_DOWNLOAD_DATA_VALIDATION_ERROR,,ACCC_BOOTSTRAP_PIM_DL_ERROR,Fresh,,
2,PIM_STATUS_DOWNLOAD_NETWORK_UNAVAILABLE,,ACCC_BOOTSTRAP_DL_RETRY,Fresh,,
2,PIM_STATUS_DOWNLOAD_FILE_HANDLING_ERROR,,ACCC_BOOTSTRAP_PIM_DL_ERROR,Fresh,repair,
2,PIM_STATUS_DOWNLOAD_OUTPUT_DISK_FULL,,ACCC_BOOTSTRAP_DL_RETRY,Self-Update,repair,
2,eCC_HELPER_ACTION_FAILED,,ACCC_BOOTSTRAP_HELPER_FAILURE,Fresh,,
2,PIM_STATUS_SUCCESS,,ACCC_BOOTSTRAP_DL_RETRY,Self-Update,,
2,-1879048192,,ACCC_BOOTSTRAP_INSTALL_FATAL_ERROR,Fresh,,
2,46,,ACCC_BOOTSTRAP_INSTALL_FATAL_ERROR,Self-Update,,
2,PIM_STATUS_DOWNLOAD_INVALID_CONFIGURATION,,ACCC_BOOTSTRAP_DL_RETRY,Auto-Update,,
2,2020831023,,ACCC_BOOTSTRAP_INSTALL_FATAL_ERROR,Self-Update,,
2,-2147483648,,ACCC_BOOTSTRAP_INSTALL_FATAL_ERROR,Fresh,,
2,PIM_STATUS_AAMDETECTPLUGIN_LOADED,,ACCC_BOOTSTRAP_INSTALL_FATAL_ERROR,Update,,WAM
2,PIM_STATUS_DOWNLOAD_CANCELED,PIM_STATUS_DOWNLOAD_FILE_HANDLING_ERROR,ACCC_BOOTSTRAP_DL_FATAL_ERROR,Fresh,,WAM
2,-1512575616,,ACCC_BOOTSTRAP_INSTALL_FATAL_ERROR,Self-Update,,
2,-1479517232,,ACCC_BOOTSTRAP_INSTALL_FATAL_ERROR,Self-Update,,
2,536870912,,ACCC_BOOTSTRAP_INSTALL_FATAL_ERROR,Fresh,,
1,1962863952,,ACCC_BOOTSTRAP_PIM_DL_ERROR,Self-Update,repair,
1,2037130208,,ACCC_BOOTSTRAP_INSTALL_FATAL_ERROR,Self-Update,,
1,1968106908,,ACCC_BOOTSTRAP_PIM_DL_ERROR,Self-Update,repair,
1,-1454182676,,ACCC_BOOTSTRAP_INSTALL_FATAL_ERROR,Self-Update,,
1,2002251264,,ACCC_BOOTSTRAP_PIM_DL_ERROR,Self-Update,repair,
1,2063842192,,ACCC_BOOTSTRAP_INSTALL_FATAL_ERROR,Self-Update,,
1,2089140576,,ACCC_BOOTSTRAP_INSTALL_FATAL_ERROR,Self-Update,,
1,-1479492656,,ACCC_BOOTSTRAP_INSTALL_FATAL_ERROR,Fresh,,
1,1995435344,,ACCC_BOOTSTRAP_PIM_DL_ERROR,Self-Update,repair,
1,-1538400896,,ACCC_BOOTSTRAP_INSTALL_FATAL_ERROR,Self-Update,,
1,-1477256288,,ACCC_BOOTSTRAP_INSTALL_FATAL_ERROR,Self-Update,,
1,808601133,,ACCC_BOOTSTRAP_INSTALL_FATAL_ERROR,Fresh,,
1,PIM_STATUS_DOWNLOAD_WRITE_PERMISSION,,ACCC_BOOTSTRAP_DL_RETRY,Self-Update,,
1,1999236432,,ACCC_BOOTSTRAP_PIM_DL_ERROR,Self-Update,repair,
1,-1402709856,,ACCC_BOOTSTRAP_INSTALL_FATAL_ERROR,Self-Update,,
1,PIM_STATUS_DATABASE_DELETE_ERROR,,ACCC_BOOTSTRAP_INSTALL_FATAL_ERROR,Auto-Update,,
1,-1479545904,,ACCC_BOOTSTRAP_INSTALL_FATAL_ERROR,Self-Update,,
1,1989930320,,ACCC_BOOTSTRAP_PIM_DL_ERROR,Self-Update,repair,
1,-1542013760,,ACCC_BOOTSTRAP_INSTALL_FATAL_ERROR,Self-Update,,
1,PIM_STATUS_DOWNLOAD_CANCELED,PIM_STATUS_DOWNLOAD_INVALID_CONFIGURATION,ACCC_BOOTSTRAP_DL_FATAL_ERROR,Auto-Update,,
1,1999433040,,ACCC_BOOTSTRAP_PIM_DL_ERROR,Self-Update,true,
1,ERROR_OUTPUT_DISK_FULL,,ACCC_BOOTSTRAP_DL_FATAL_ERROR,Fresh,,
1,2020961088,,ACCC_BOOTSTRAP_INSTALL_FATAL_ERROR,Self-Update,,
1,PIM_STATUS_DOWNLOAD_CANCELED,PIM_STATUS_DOWNLOAD_INVALID_CONFIGURATION,ACCC_BOOTSTRAP_DL_FATAL_ERROR,Fresh,,WAM
1,1979641168,,ACCC_BOOTSTRAP_PIM_DL_ERROR,Self-Update,repair,
1,2005003600,,ACCC_BOOTSTRAP_PIM_DL_ERROR,Self-Update,repair,
1,1976298928,,ACCC_BOOTSTRAP_PIM_DL_ERROR,Self-Update,repair,
1,-1607049724,,ACCC_BOOTSTRAP_INSTALL_FATAL_ERROR,Self-Update,,
1,2089008272,,ACCC_BOOTSTRAP_INSTALL_FATAL_ERROR,Self-Update,,
1,PIM_STATUS_DOWNLOAD_CANCELED,PIM_STATUS_DOWNLOAD_INVALID_CONFIGURATION,ACCC_BOOTSTRAP_DL_FATAL_ERROR,Self-Update,repair,
1,-805306368,,ACCC_BOOTSTRAP_INSTALL_FATAL_ERROR,Fresh,,
1,PIM_STATUS_DATABASE_DELETE_ERROR,,ACCC_BOOTSTRAP_INSTALL_FATAL_ERROR,Self-Update,,
1,102717904,,ACCC_BOOTSTRAP_INSTALL_FATAL_ERROR,Self-Update,,
1,eAAM_HELPER_RET_FAILURE,,ACCC_BOOTSTRAP_DL_FATAL_ERROR,Self-Update,,
1,-1512579712,,ACCC_BOOTSTRAP_INSTALL_FATAL_ERROR,Self-Update,,
1,23,,ACCC_BOOTSTRAP_INSTALL_FATAL_ERROR,Self-Update,,
1,PIM_STATUS_DOWNLOAD_NETWORK_UNAVAILABLE,,ACCC_BOOTSTRAP_DL_RETRY,Auto-Update,,
1,PIM_STATUS_DOWNLOAD_CANCELED,PIM_STATUS_DOWNLOAD_PROXY_AUTHENTICATION_REQUIRED,ACCC_BOOTSTRAP_DL_FATAL_ERROR,Update,,WAM
1,PIM_STATUS_DOWNLOAD_FILE_HANDLING_ERROR,,ACCC_BOOTSTRAP_DL_RETRY,Auto-Update,,
1,2082306800,,ACCC_BOOTSTRAP_INSTALL_FATAL_ERROR,Self-Update,,
1,-1596019388,,ACCC_BOOTSTRAP_INSTALL_FATAL_ERROR,Self-Update,,
1,-1606431228,,ACCC_BOOTSTRAP_INSTALL_FATAL_ERROR,Fresh,,
1,1994714624,,ACCC_BOOTSTRAP_PIM_DL_ERROR,Self-Update,repair,
1,2020089760,,ACCC_BOOTSTRAP_INSTALL_FATAL_ERROR,Self-Update,,
1,ERROR_OUTPUT_DISK_FULL,,ACCC_BOOTSTRAP_DL_FATAL_ERROR,Self-Update,,
1,-1599988220,,ACCC_BOOTSTRAP_INSTALL_FATAL_ERROR,Self-Update,,
1,-1447956996,,ACCC_BOOTSTRAP_INSTALL_FATAL_ERROR,Self-Update,,
1,-1512723072,,ACCC_BOOTSTRAP_INSTALL_FATAL_ERROR,Self-Update,,
1,PIM_STATUS_DATABASE_INIT_ERROR,,ACCC_BOOTSTRAP_INSTALL_FATAL_ERROR,Self-Update,,
1,1982786972,,ACCC_BOOTSTRAP_PIM_DL_ERROR,Self-Update,repair,
1,-1590551036,,ACCC_BOOTSTRAP_INSTALL_FATAL_ERROR,Self-Update,,
1,1978527152,,ACCC_BOOTSTRAP_PIM_DL_ERROR,Self-Update,repair,
1,-407912475,,ACCC_BOOTSTRAP_INSTALL_FATAL_ERROR,Self-Update,,
1,-1510994560,,ACCC_BOOTSTRAP_INSTALL_FATAL_ERROR,Self-Update,,
1,-1512600480,,ACCC_BOOTSTRAP_INSTALL_FATAL_ERROR,Self-Update,,
1,-1479447600,,ACCC_BOOTSTRAP_INSTALL_FATAL_ERROR,Fresh,,
1,1972305872,,ACCC_BOOTSTRAP_PIM_DL_ERROR,Self-Update,repair,
1,PIM_STATUS_DOWNLOAD_ERROR,303,ACCC_BOOTSTRAP_DL_FATAL_ERROR,Self-Update,,
1,2038492704,,ACCC_BOOTSTRAP_INSTALL_FATAL_ERROR,Self-Update,,
1,665493735,,ACCC_BOOTSTRAP_INSTALL_FATAL_ERROR,Self-Update,,
1,PIM_STATUS_NOTIFIER_CLOSE_ERROR,,ACCC_BOOTSTRAP_INSTALL_FATAL_ERROR,Self-Update,repair,
1,-1402481908,,ACCC_BOOTSTRAP_INSTALL_FATAL_ERROR,Self-Update,,
1,PIM_STATUS_FILE_SET_PERMISSIONS_ERROR,,ACCC_BOOTSTRAP_INSTALL_FATAL_ERROR,Fresh,repair,
1,-1550201664,,ACCC_BOOTSTRAP_INSTALL_FATAL_ERROR,Fresh,,
1,-1551008576,,ACCC_BOOTSTRAP_INSTALL_FATAL_ERROR,Self-Update,,
1,25472088,,ACCC_BOOTSTRAP_PIM_DL_ERROR,Self-Update,repair,
1,PIM_STATUS_DOWNLOAD_DATA_VALIDATION_ERROR,,ACCC_BOOTSTRAP_PIM_DL_ERROR,Self-Update,,
1,-1405705460,,ACCC_BOOTSTRAP_INSTALL_FATAL_ERROR,Self-Update,,
1,2064091760,,ACCC_BOOTSTRAP_INSTALL_FATAL_ERROR,Self-Update,,
1,893534509,,ACCC_BOOTSTRAP_INSTALL_FATAL_ERROR,Self-Update,,
1,61,,ACCC_BOOTSTRAP_INSTALL_FATAL_ERROR,Self-Update,,
1,-1479791664,,ACCC_BOOTSTRAP_INSTALL_FATAL_ERROR,Self-Update,,
1,-1601475260,,ACCC_BOOTSTRAP_INSTALL_FATAL_ERROR,Self-Update,,
1,PIM_STATUS_DOWNLOAD_CANCELED,PIM_STATUS_DOWNLOAD_FILE_HANDLING_ERROR,ACCC_BOOTSTRAP_DL_FATAL_ERROR,Update,,WAM
1,92231804,,ACCC_BOOTSTRAP_INSTALL_FATAL_ERROR,Self-Update,,
1,-1595056636,,ACCC_BOOTSTRAP_INSTALL_FATAL_ERROR,Self-Update,,
1,-1538622272,,ACCC_BOOTSTRAP_INSTALL_FATAL_ERROR,Self-Update,,
1,PIM_STATUS_DOWNLOAD_INVALID_CONFIGURATION,,ACCC_BOOTSTRAP_DL_RETRY,Self-Update,repair,
1,-1342177280,,ACCC_BOOTSTRAP_INSTALL_FATAL_ERROR,Fresh,,
1,-1454612996,,ACCC_BOOTSTRAP_INSTALL_FATAL_ERROR,Self-Update,,
1,1988947280,,ACCC_BOOTSTRAP_PIM_DL_ERROR,Self-Update,repair,
1,-1403587828,,ACCC_BOOTSTRAP_INSTALL_FATAL_ERROR,Self-Update,,
1,-677800426,,ACCC_BOOTSTRAP_INSTALL_FATAL_ERROR,Self-Update,,
1,-1512587904,,ACCC_BOOTSTRAP_INSTALL_FATAL_ERROR,Self-Update,,
1,PIM_STATUS_DOWNLOAD_PROXY_AUTHENTICATION_REQUIRED,,ACCC_BOOTSTRAP_DL_FATAL_ERROR,Self-Update,,
1,2043163936,,ACCC_BOOTSTRAP_INSTALL_FATAL_ERROR,Self-Update,,
1,2063053472,,ACCC_BOOTSTRAP_INSTALL_FATAL_ERROR,Self-Update,,
1,82057800,,ACCC_BOOTSTRAP_INSTALL_FATAL_ERROR,Fresh,,
1,-1451524612,,ACCC_BOOTSTRAP_INSTALL_FATAL_ERROR,Self-Update,,
1,2040208176,,ACCC_BOOTSTRAP_INSTALL_FATAL_ERROR,Self-Update,,
1,2088825936,,ACCC_BOOTSTRAP_INSTALL_FATAL_ERROR,Self-Update,,
1,-1447954308,,ACCC_BOOTSTRAP_INSTALL_FATAL_ERROR,Self-Update,,
1,PIM_STATUS_SUCCESS,,ACCC_BOOTSTRAP_PIM_DL_ERROR,Self-Update,repair,
1,-1610612736,,ACCC_BOOTSTRAP_INSTALL_FATAL_ERROR,Fresh,,
1,1969089968,,ACCC_BOOTSTRAP_PIM_DL_ERROR,Self-Update,repair,
1,2057517152,,ACCC_BOOTSTRAP_INSTALL_FATAL_ERROR,Self-Update,,
1,-1476445232,,ACCC_BOOTSTRAP_INSTALL_FATAL_ERROR,Self-Update,,
1,PIM_STATUS_AAMDETECTPLUGIN_LOADED,,ACCC_BOOTSTRAP_INSTALL_FATAL_ERROR,Fresh,repair,
1,1073741824,,ACCC_BOOTSTRAP_INSTALL_FATAL_ERROR,Fresh,,
1,eAAM_HELPER_RET_FAILURE,,ACCC_BOOTSTRAP_INSTALL_FATAL_ERROR,Self-Update,,
1,2028015904,,ACCC_BOOTSTRAP_INSTALL_FATAL_ERROR,Self-Update,,
1,-1482560893,,ACCC_BOOTSTRAP_INSTALL_FATAL_ERROR,Self-Update,,
1,50,,ACCC_BOOTSTRAP_INSTALL_FATAL_ERROR,Fresh,,
1,1974604973,,ACCC_BOOTSTRAP_PIM_DL_ERROR,Self-Update,,
1,59791484,,ACCC_BOOTSTRAP_INSTALL_FATAL_ERROR,Self-Update,,
1,64,,ACCC_BOOTSTRAP_INSTALL_FATAL_ERROR,Fresh,,
1,103532668,,ACCC_BOOTSTRAP_INSTALL_FATAL_ERROR,Self-Update,,
1,-1543582528,,ACCC_BOOTSTRAP_INSTALL_FATAL_ERROR,Self-Update,,
1,2089522976,,ACCC_BOOTSTRAP_INSTALL_FATAL_ERROR,Self-Update,,
1,-1479849008,,ACCC_BOOTSTRAP_INSTALL_FATAL_ERROR,Fresh,,
1,-1512665728,,ACCC_BOOTSTRAP_INSTALL_FATAL_ERROR,Self-Update,,
1,1983966640,,ACCC_BOOTSTRAP_PIM_DL_ERROR,Self-Update,repair,
1,1969876400,,ACCC_BOOTSTRAP_PIM_DL_ERROR,Self-Update,repair,
1,-1538655040,,ACCC_BOOTSTRAP_INSTALL_FATAL_ERROR,Self-Update,,
1,46,,ACCC_BOOTSTRAP_INSTALL_FATAL_ERROR,Fresh,,
1,-1454630788,,ACCC_BOOTSTRAP_INSTALL_FATAL_ERROR,Self-Update,,
1,1981083036,,ACCC_BOOTSTRAP_PIM_DL_ERROR,Self-Update,repair,
1,-1479500848,,ACCC_BOOTSTRAP_INSTALL_FATAL_ERROR,Self-Update,,
1,1973032109,,ACCC_BOOTSTRAP_PIM_DL_ERROR,Auto-Update,,
1,PIM_STATUS_SUCCESS,,ACCC_BOOTSTRAP_PIM_DL_ERROR,Self-Update,true,
1,23,,ACCC_BOOTSTRAP_INSTALL_FATAL_ERROR,Fresh,,
1,-1605956092,,ACCC_BOOTSTRAP_INSTALL_FATAL_ERROR,Self-Update,,
1,49,,ACCC_BOOTSTRAP_INSTALL_FATAL_ERROR,Fresh,,
1,PIM_STATUS_AAMDETECTPLUGIN_LOADED,,ACCC_BOOTSTRAP_INSTALL_FATAL_ERROR,Self-Update,repair,
1,2070736624,,ACCC_BOOTSTRAP_INSTALL_FATAL_ERROR,Self-Update,,
1,-1472128000,,ACCC_BOOTSTRAP_INSTALL_FATAL_ERROR,Fresh,,
1,-1584546300,,ACCC_BOOTSTRAP_INSTALL_FATAL_ERROR,Self-Update,,
1,1968696656,,ACCC_BOOTSTRAP_PIM_DL_ERROR,Fresh,,
1,BS_STATUS_ERROR_SELF_UPDATE,,ACCC_BOOTSTRAP_INSTALL_FATAL_ERROR,Fresh,,
1,2028376128,,ACCC_BOOTSTRAP_INSTALL_FATAL_ERROR,Self-Update,,
1,PIM_STATUS_DOWNLOAD_CANCELED,PIM_STATUS_DOWNLOAD_WRITE_PERMISSION,ACCC_BOOTSTRAP_DL_FATAL_ERROR,Self-Update,,
1,-1600041468,,ACCC_BOOTSTRAP_INSTALL_FATAL_ERROR,Fresh,,
1,PIM_STATUS_DOWNLOAD_NETWORK_UNAVAILABLE,,ACCC_BOOTSTRAP_DL_RETRY,Self-Update,true,
1,1987177904,,ACCC_BOOTSTRAP_PIM_DL_ERROR,Self-Update,repair,
1,2089633968,,ACCC_BOOTSTRAP_INSTALL_FATAL_ERROR,Self-Update,,
1,-1540772672,,ACCC_BOOTSTRAP_INSTALL_FATAL_ERROR,Self-Update,,
1,-1476768816,,ACCC_BOOTSTRAP_INSTALL_FATAL_ERROR,Fresh,,
1,-1479513136,,ACCC_BOOTSTRAP_INSTALL_FATAL_ERROR,Fresh,,
1,1966927360,,ACCC_BOOTSTRAP_PIM_DL_ERROR,Self-Update,repair,
