errorcode,errortype,ecount
113,DownloadError,30086
119,DownloadError,28617
305,GenericError,22759
301,GenericError,15307
190,InstallationError,11454
117,DownloadError,9861
146,InstallationError,7753
127,ExtractionError,6824
160,InstallationError,4460
108,InstallationError,3946
101,InstallationError,3789
128,InstallationError,3224
403,GenericError,2376
191,InstallationError,2320
145,InstallationError,2105
156,InstallationError,1883
125,DownloadError,1836
183,InstallationError,1552
116,DownloadError,1468
176,InstallationError,1002
123,DownloadError,814
0,InstallationError,770
105,InstallationError,767
106,InstallationError,740
303,GenericError,718
304,GenericError,606
151,InstallationError,567
107,InstallationError,513
184,InstallationError,461
192,InstallationError,450
,DownloadError,351
121,DownloadError,285
126,DownloadError,193
196,InstallationError,165
177,InstallationError,154
139,InstallationError,85
181,InstallationError,50
141,InstallationError,41
143,InstallationError,39
132,InstallationError,38
147,InstallationError,15
188,InstallationError,13
171,InstallationError,4
110,InstallationError,3
153,InstallationError,2
179,InstallationError,2
102,InstallationError,1
137,InstallationError,1
