product,errorcode,ecount
LIBS,302,231776
LIBS,118,124846
PHSP,118,108487
PHSP,133,50242
AME,133,32813
PPRO,118,32483
AME,118,29746
PHSP,404,26482
ILST,118,24443
AEFT,118,21847
LTRM,118,21270
PPRO,133,21157
AEFT,133,16339
LIBS,189,14185
IDSN,118,14015
LRCC,118,13316
PHSP,189,11637
KBRG,302,9994
KBRG,118,8884
PHSP,302,7944
ILST,133,7226
ILST,404,6716
LTRM,189,5476
LTRM,133,5198
FLPR,118,4955
IDSN,133,4369
PPRO,189,4319
FLPR,133,4040
ILST,302,3644
DRWV,118,3575
KBRG,133,3532
LRCC,133,3371
SPRK,118,3292
RUSH,118,3131
PHSP,120,2920
AUDT,118,2818
ESHR,118,2764
PPRO,404,2734
AME,189,2652
PPRO,302,2295
AEFT,189,2255
RUSH,133,2148
ACR,118,1999
SPRK,302,1759
LRCC,189,1619
ACR,189,1593
AUDT,133,1593
IDSN,302,1592
DRWV,133,1561
CHAR,118,1544
LIBS,133,1492
AEFT,302,1434
CHAR,133,1410
LIBS,120,1393
IDSN,404,1358
AME,302,1203
AICY,133,1155
PRLD,133,1095
PPRO,120,1081
DRWV,404,1071
LRCC,302,1033
AICY,118,913
ESHR,133,910
LTRM,302,881
AME,120,859
ESHR,189,820
AEFT,120,772
AEFT,404,757
PRLD,118,693
KBRG,189,542
ILST,189,476
AUDT,404,474
ILST,120,429
DRWV,302,415
FLPR,189,367
LTRM,120,336
AUDT,302,336
FLPR,404,321
IDSN,189,321
FLPR,302,320
MUSE,118,315
LTRM,404,296
ACR,302,219
SPRK,133,215
IDSN,120,173
LRCC,120,169
KBRG,120,165
MUSE,133,139
FLPR,120,135
RUSH,302,128
ESHR,302,118
KBRG,404,115
DRWV,189,91
MUSE,189,89
CHAR,302,89
AUDT,189,79
DRWV,120,75
AUDT,120,68
PRLD,189,65
RUSH,120,60
ANMLBETA,118,60
SPRK,189,59
AICY,302,59
ESHR,120,58
MUSE,404,51
ANMLBETA,133,48
SPRK,120,47
ACR,120,47
MUSE,302,46
AME,404,44
CHAR,120,36
AICY,120,32
PRLD,302,28
PRLD,120,23
RUSH,189,20
AICY,189,19
ANMLBETA,189,17
CHAR,189,16
ANMLBETA,302,13
MUSE,120,10
CHAR,404,9
AICY,404,9
ANMLBETA,120,6
ACR,133,1
PRLD,404,1
