product,errorcode,errortype,ecount
PHSP,305,GenericError,5391
PHSP,301,GenericError,3163
PHSP,113,GenericError,2777
SPRK,192,GenericError,2049
ACR,113,GenericError,1956
ILST,301,GenericError,1940
ACR,301,GenericError,1841
ACR,305,GenericError,1821
LTRM,305,GenericError,1694
PHSP,119,GenericError,1645
ILST,305,GenericError,1620
LTRM,301,GenericError,1456
AME,305,GenericError,1336
LTRM,113,GenericError,1261
LTRM,190,GenericError,1228
PPRO,305,GenericError,1215
SPRK,191,GenericError,1202
IDSN,301,GenericError,1164
LTRM,119,GenericError,1154
KBRG,305,GenericError,1081
PPRO,301,GenericError,1049
PHSP,117,GenericError,1033
AEFT,305,GenericError,1011
IDSN,305,GenericError,1004
LRCC,301,GenericError,998
KBRG,301,GenericError,998
SPRK,113,GenericError,988
ACR,119,GenericError,949
AME,301,GenericError,910
LTRM,156,GenericError,850
SPRK,301,GenericError,796
LRCC,190,GenericError,757
SPRK,119,GenericError,756
AEFT,301,GenericError,748
LRCC,113,GenericError,701
LRCC,119,GenericError,653
ACR,190,GenericError,631
AEFT,145,GenericError,602
ILST,145,GenericError,600
ACR,117,GenericError,592
PHSP,146,GenericError,586
LTRM,145,GenericError,575
PPRO,113,GenericError,549
PHSP,160,GenericError,537
DRWV,305,GenericError,521
PHSP,190,GenericError,519
PPRO,146,GenericError,501
LRCC,156,GenericError,481
AEFT,113,GenericError,480
LRCC,305,GenericError,473
PHSP,145,GenericError,465
SPRK,190,GenericError,436
FLPR,305,GenericError,423
PPRO,119,GenericError,405
SPRK,305,GenericError,342
LTRM,146,GenericError,339
AUDT,305,GenericError,334
DRWV,301,GenericError,330
AME,113,GenericError,327
PHSP,127,ExtractionError,317
LRCC,145,GenericError,304
AUDT,301,GenericError,285
ILST,113,GenericError,260
AICY,305,GenericError,258
SPRK,146,GenericError,258
ACR,108,GenericError,258
LTRM,127,ExtractionError,256
ESHR,113,GenericError,243
PHSP,108,GenericError,235
AEFT,119,GenericError,232
AME,119,GenericError,223
KBRG,113,GenericError,223
FLPR,301,GenericError,202
LTRM,117,GenericError,189
PRLD,305,GenericError,187
ESHR,301,GenericError,175
PPRO,117,GenericError,170
PHSP,303,GenericError,168
AEFT,117,GenericError,167
ESHR,119,GenericError,167
AME,146,GenericError,167
LTRM,108,GenericError,166
ILST,119,GenericError,162
ESHR,190,GenericError,162
ESHR,305,GenericError,162
AEFT,146,GenericError,150
PPRO,403,GenericError,148
KBRG,119,GenericError,145
PPRO,145,GenericError,144
CHAR,305,GenericError,136
SPRK,117,GenericError,135
PHSP,403,GenericError,131
PHSP,125,GenericError,128
PPRO,127,ExtractionError,120
IDSN,113,GenericError,115
ILST,117,GenericError,113
LRCC,127,ExtractionError,113
ILST,146,GenericError,105
PHSP,184,GenericError,105
AICY,301,GenericError,98
DRWV,145,GenericError,97
CHAR,301,GenericError,96
LRCC,146,GenericError,96
FLPR,113,GenericError,93
PRLD,301,GenericError,91
PPRO,108,GenericError,90
SPRK,108,GenericError,90
AME,117,GenericError,87
AEFT,403,GenericError,85
ACR,127,ExtractionError,84
IDSN,119,GenericError,83
ILST,403,GenericError,83
LRCC,117,GenericError,82
AME,184,GenericError,82
PHSP,116,GenericError,80
ACR,303,GenericError,79
AME,145,GenericError,78
ACR,125,GenericError,75
DRWV,113,GenericError,74
ESHR,156,GenericError,73
KBRG,117,GenericError,70
AME,127,ExtractionError,70
LRCC,108,GenericError,69
AEFT,108,GenericError,68
IDSN,403,GenericError,68
ILST,303,GenericError,67
KBRG,145,GenericError,67
LTRM,125,GenericError,67
AUDT,113,GenericError,65
ACR,116,GenericError,64
AME,108,GenericError,63
MUSE,305,GenericError,62
SPRK,184,GenericError,61
ACR,145,GenericError,58
DRWV,146,GenericError,57
PPRO,303,GenericError,57
SPRK,183,GenericError,55
AME,303,GenericError,52
PHSP,123,GenericError,49
IDSN,146,GenericError,49
AEFT,127,ExtractionError,49
SPRK,125,GenericError,48
LTRM,303,GenericError,48
PHSP,101,GenericError,48
LTRM,116,GenericError,47
FLPR,119,GenericError,46
LRCC,125,GenericError,46
PPRO,160,GenericError,45
DRWV,119,GenericError,44
ILST,108,GenericError,44
KBRG,108,GenericError,44
KBRG,146,GenericError,44
MUSE,113,GenericError,42
SPRK,303,GenericError,41
IDSN,145,GenericError,40
MUSE,301,GenericError,40
PHSP,128,GenericError,39
LRCC,116,GenericError,38
PPRO,184,GenericError,38
DRWV,127,ExtractionError,37
PHSP,,DownloadError,37
ACR,123,GenericError,36
KBRG,303,GenericError,36
PHSP,183,GenericError,36
IDSN,108,GenericError,36
ESHR,146,GenericError,35
PHSP,304,GenericError,35
ILST,184,GenericError,34
IDSN,117,GenericError,34
AEFT,303,GenericError,33
AUDT,119,GenericError,33
PRLD,113,GenericError,32
IDSN,303,GenericError,32
ESHR,108,GenericError,31
PPRO,125,GenericError,31
LRCC,303,GenericError,30
SPRK,116,GenericError,30
PHSP,0,GenericError,30
PHSP,105,GenericError,29
ESHR,127,ExtractionError,29
MUSE,119,GenericError,28
DRWV,117,GenericError,28
ILST,127,ExtractionError,27
ACR,146,GenericError,26
PHSP,107,GenericError,26
PRLD,403,GenericError,25
AME,125,GenericError,25
AUDT,146,GenericError,25
LTRM,101,GenericError,24
FLPR,108,GenericError,23
PPRO,116,GenericError,22
KBRG,127,ExtractionError,22
LTRM,184,GenericError,22
DRWV,108,GenericError,21
FLPR,117,GenericError,21
LTRM,123,GenericError,21
ACR,105,GenericError,21
ESHR,117,GenericError,21
IDSN,127,ExtractionError,20
AUDT,117,GenericError,19
LTRM,160,GenericError,19
FLPR,145,GenericError,19
AEFT,125,GenericError,19
PRLD,119,GenericError,19
PHSP,139,GenericError,19
IDSN,125,GenericError,19
PHSP,126,GenericError,19
DRWV,403,GenericError,19
CHAR,113,GenericError,18
SPRK,176,GenericError,18
ACR,128,GenericError,18
ACR,101,GenericError,18
KBRG,125,GenericError,17
PHSP,176,GenericError,17
SPRK,127,ExtractionError,17
FLPR,146,GenericError,16
AUDT,303,GenericError,16
SPRK,107,GenericError,16
LTRM,105,GenericError,15
AEFT,116,GenericError,15
AEFT,190,GenericError,14
AICY,113,GenericError,14
ANMLBETA,305,GenericError,14
AUDT,108,GenericError,14
FLPR,303,GenericError,14
AEFT,184,GenericError,14
KBRG,160,GenericError,13
ACR,107,GenericError,13
PHSP,151,GenericError,13
ILST,125,GenericError,13
ESHR,125,GenericError,13
LTRM,107,GenericError,13
PPRO,101,GenericError,13
SPRK,123,GenericError,12
AME,116,GenericError,12
PRLD,108,GenericError,12
DRWV,303,GenericError,11
SPRK,101,GenericError,11
AUDT,145,GenericError,11
PHSP,156,GenericError,11
FLPR,127,ExtractionError,11
MUSE,146,GenericError,11
AEFT,101,GenericError,11
ILST,151,GenericError,10
AICY,403,GenericError,10
LTRM,0,GenericError,10
SPRK,105,GenericError,10
SPRK,,DownloadError,10
ESHR,145,GenericError,10
AME,105,GenericError,9
PPRO,176,GenericError,9
PPRO,190,GenericError,9
ILST,304,GenericError,9
LRCC,101,GenericError,9
LRCC,105,GenericError,8
LRCC,126,GenericError,8
CHAR,119,GenericError,8
LRCC,123,GenericError,8
KBRG,116,GenericError,8
LTRM,126,GenericError,8
KBRG,184,GenericError,8
MUSE,108,GenericError,8
ILST,160,GenericError,8
PPRO,304,GenericError,8
LRCC,107,GenericError,8
MUSE,117,GenericError,7
ILST,123,GenericError,7
ACR,106,GenericError,7
IDSN,107,GenericError,7
ANMLBETA,113,GenericError,7
CHAR,303,GenericError,7
LTRM,128,GenericError,7
ESHR,116,GenericError,7
ILST,101,GenericError,7
ESHR,303,GenericError,7
AICY,108,GenericError,7
AME,107,GenericError,7
ILST,116,GenericError,7
AUDT,127,ExtractionError,7
LTRM,304,GenericError,6
AME,160,GenericError,6
AME,101,GenericError,6
PPRO,,DownloadError,6
LRCC,0,GenericError,6
IDSN,105,GenericError,6
AEFT,123,GenericError,6
PPRO,156,GenericError,6
ESHR,105,GenericError,6
PPRO,107,GenericError,6
KBRG,105,GenericError,6
LTRM,,DownloadError,6
ACR,0,GenericError,6
IDSN,184,GenericError,5
AEFT,304,GenericError,5
DRWV,184,GenericError,5
AEFT,128,GenericError,5
PRLD,303,GenericError,5
PPRO,123,GenericError,5
ACR,,DownloadError,5
PPRO,105,GenericError,5
KBRG,101,GenericError,5
ILST,107,GenericError,5
AEFT,176,GenericError,5
LRCC,160,GenericError,5
ESHR,107,GenericError,5
IDSN,151,GenericError,5
ANMLBETA,301,GenericError,5
AEFT,160,GenericError,5
AEFT,183,GenericError,5
AEFT,156,GenericError,5
PPRO,128,GenericError,5
PPRO,139,GenericError,5
AEFT,105,GenericError,5
SPRK,128,GenericError,4
ESHR,123,GenericError,4
ILST,,DownloadError,4
KBRG,176,GenericError,4
FLPR,125,GenericError,4
MUSE,183,GenericError,4
ILST,128,GenericError,4
PRLD,146,GenericError,4
AICY,303,GenericError,4
LRCC,,DownloadError,4
ESHR,160,GenericError,4
AEFT,107,GenericError,4
RUSH,190,GenericError,4
ACR,121,GenericError,4
ACR,304,GenericError,4
CHAR,108,GenericError,4
RUSH,119,GenericError,4
DRWV,105,GenericError,4
ACR,176,GenericError,4
FLPR,190,GenericError,4
PRLD,127,ExtractionError,4
PRLD,145,GenericError,4
LRCC,184,GenericError,4
AME,304,GenericError,4
AEFT,151,GenericError,3
LTRM,139,GenericError,3
ACR,139,GenericError,3
AEFT,,DownloadError,3
RUSH,301,GenericError,3
CHAR,116,GenericError,3
PPRO,126,GenericError,3
PRLD,160,GenericError,3
AEFT,0,GenericError,3
AME,123,GenericError,3
AME,0,GenericError,3
AME,,DownloadError,3
CHAR,117,GenericError,3
FLPR,116,GenericError,3
PRLD,117,GenericError,3
PHSP,188,GenericError,3
AUDT,125,GenericError,3
ACR,126,GenericError,3
AME,128,GenericError,3
IDSN,160,GenericError,3
IDSN,304,GenericError,3
FLPR,184,GenericError,3
IDSN,156,GenericError,3
RUSH,305,GenericError,3
LRCC,128,GenericError,3
PHSP,143,GenericError,3
CHAR,146,GenericError,3
ILST,139,GenericError,3
ILST,156,GenericError,3
IDSN,116,GenericError,3
FLPR,107,GenericError,3
DRWV,304,GenericError,2
KBRG,123,GenericError,2
ANMLBETA,117,GenericError,2
ESHR,101,GenericError,2
ESHR,121,GenericError,2
IDSN,176,GenericError,2
IDSN,,DownloadError,2
AICY,117,GenericError,2
FLPR,176,GenericError,2
DRWV,125,GenericError,2
PPRO,0,GenericError,2
AICY,146,GenericError,2
KBRG,0,GenericError,2
PHSP,153,GenericError,2
AUDT,184,GenericError,2
LRCC,304,GenericError,2
LTRM,121,GenericError,2
FLPR,160,GenericError,2
SPRK,0,GenericError,2
AEFT,139,GenericError,2
ANMLBETA,108,GenericError,2
IDSN,190,GenericError,2
DRWV,116,GenericError,2
AME,176,GenericError,2
ANMLBETA,145,GenericError,2
FLPR,105,GenericError,2
KBRG,156,GenericError,2
LTRM,176,GenericError,2
PHSP,106,GenericError,2
PHSP,196,GenericError,2
MUSE,116,GenericError,2
CHAR,184,GenericError,2
ANMLBETA,119,GenericError,2
ANMLBETA,146,GenericError,2
KBRG,304,GenericError,2
PRLD,184,GenericError,2
MUSE,145,GenericError,2
AME,156,GenericError,2
AUDT,105,GenericError,2
KBRG,,DownloadError,2
AME,190,GenericError,2
IDSN,128,GenericError,2
FLPR,,DownloadError,2
SPRK,143,GenericError,2
MUSE,105,GenericError,2
KBRG,107,GenericError,2
ILST,190,GenericError,1
PRLD,101,GenericError,1
CHAR,145,GenericError,1
ESHR,139,GenericError,1
KBRG,190,GenericError,1
KBRG,188,GenericError,1
LRCC,176,GenericError,1
PPRO,106,GenericError,1
AICY,184,GenericError,1
DRWV,123,GenericError,1
MUSE,304,GenericError,1
SPRK,121,GenericError,1
ESHR,143,GenericError,1
AEFT,126,GenericError,1
KBRG,126,GenericError,1
ILST,196,GenericError,1
PHSP,132,GenericError,1
PPRO,121,GenericError,1
AEFT,143,GenericError,1
SPRK,126,GenericError,1
LRCC,121,GenericError,1
KBRG,121,GenericError,1
CHAR,105,GenericError,1
ESHR,126,GenericError,1
RUSH,113,GenericError,1
DRWV,121,GenericError,1
AUDT,190,GenericError,1
AEFT,188,GenericError,1
LTRM,188,GenericError,1
PRLD,105,GenericError,1
FLPR,0,GenericError,1
RUSH,146,GenericError,1
PPRO,196,GenericError,1
ACR,188,GenericError,1
AICY,121,GenericError,1
DRWV,160,GenericError,1
SPRK,188,GenericError,1
AME,121,GenericError,1
ILST,105,GenericError,1
IDSN,126,GenericError,1
LRCC,102,GenericError,1
AUDT,116,GenericError,1
SPRK,145,GenericError,1
ESHR,,DownloadError,1
ACR,143,GenericError,1
AUDT,403,GenericError,1
IDSN,106,GenericError,1
ACR,196,GenericError,1
MUSE,,DownloadError,1
MUSE,101,GenericError,1
ILST,176,GenericError,1
AICY,119,GenericError,1
PPRO,143,GenericError,1
IDSN,143,GenericError,1
AME,126,GenericError,1
ACR,184,GenericError,1
FLPR,156,GenericError,1
LTRM,143,GenericError,1
AUDT,156,GenericError,1
ACR,171,GenericError,1
LRCC,143,GenericError,1
DRWV,101,GenericError,1
AUDT,160,GenericError,1
DRWV,141,GenericError,1
AICY,127,ExtractionError,0
AUDT,304,GenericError,0
MUSE,127,ExtractionError,0
