product,errorcode,errortype,ecount
PHSP,113,DownloadError,14425
PHSP,119,DownloadError,13402
PHSP,305,GenericError,6281
PHSP,190,InstallationError,5726
PHSP,117,DownloadError,5724
ILST,113,DownloadError,5391
AME,305,GenericError,5029
KBRG,305,GenericError,4877
AME,113,DownloadError,4732
PHSP,301,GenericError,4280
AME,119,DownloadError,4178
ILST,119,DownloadError,4046
PPRO,113,DownloadError,3762
PPRO,119,DownloadError,3711
PPRO,146,InstallationError,3623
AEFT,113,DownloadError,3539
PHSP,160,InstallationError,3531
AME,190,InstallationError,3487
ILST,190,InstallationError,3371
AME,146,InstallationError,3192
IDSN,113,DownloadError,2974
PPRO,190,InstallationError,2930
AEFT,119,DownloadError,2593
ILST,301,GenericError,2563
IDSN,190,InstallationError,2450
PHSP,127,ExtractionError,2405
SPRK,191,InstallationError,2321
KBRG,113,DownloadError,2203
IDSN,119,DownloadError,2158
AEFT,190,InstallationError,1978
PPRO,301,GenericError,1909
PPRO,305,GenericError,1861
KBRG,119,DownloadError,1809
ILST,117,DownloadError,1750
KBRG,190,InstallationError,1706
PHSP,108,InstallationError,1596
ILST,305,GenericError,1581
PHSP,101,InstallationError,1546
IDSN,301,GenericError,1531
AEFT,305,GenericError,1465
AEFT,146,InstallationError,1418
AEFT,301,GenericError,1402
PHSP,128,InstallationError,1376
AME,117,DownloadError,1278
AEFT,117,DownloadError,1251
AME,127,ExtractionError,1220
LTRM,119,DownloadError,1210
PPRO,403,GenericError,1207
LRCC,190,InstallationError,1201
PPRO,117,DownloadError,1169
PHSP,146,InstallationError,1138
PHSP,183,InstallationError,1103
LTRM,156,InstallationError,1030
AUDT,190,InstallationError,1024
LTRM,113,DownloadError,1012
AME,101,InstallationError,1004
PHSP,145,InstallationError,990
LRCC,301,GenericError,990
LTRM,301,GenericError,988
ILST,101,InstallationError,980
DRWV,113,DownloadError,943
KBRG,301,GenericError,932
PPRO,127,ExtractionError,924
AME,108,InstallationError,907
LRCC,156,InstallationError,901
AME,301,GenericError,883
IDSN,305,GenericError,875
FLPR,113,DownloadError,853
LTRM,305,GenericError,853
AUDT,113,DownloadError,849
LRCC,119,DownloadError,847
PHSP,403,GenericError,775
SPRK,301,GenericError,761
SPRK,190,InstallationError,749
LRCC,113,DownloadError,722
PHSP,125,DownloadError,710
DRWV,119,DownloadError,707
ILST,108,InstallationError,703
AEFT,403,GenericError,695
AUDT,119,DownloadError,672
PPRO,108,InstallationError,662
ILST,128,InstallationError,657
PHSP,116,DownloadError,653
ILST,127,ExtractionError,653
SPRK,113,DownloadError,639
KBRG,117,DownloadError,609
AEFT,127,ExtractionError,597
FLPR,119,DownloadError,565
PHSP,106,InstallationError,561
IDSN,127,ExtractionError,549
PHSP,176,InstallationError,546
IDSN,117,DownloadError,540
ILST,145,InstallationError,514
PPRO,101,InstallationError,511
DRWV,301,GenericError,503
RUSH,119,DownloadError,501
AEFT,108,InstallationError,483
RUSH,190,InstallationError,473
AUDT,301,GenericError,467
IDSN,108,InstallationError,463
PHSP,105,InstallationError,462
DRWV,305,GenericError,450
SPRK,192,InstallationError,450
LTRM,190,InstallationError,448
AEFT,101,InstallationError,433
PHSP,123,DownloadError,417
PHSP,151,InstallationError,417
ILST,403,GenericError,416
FLPR,190,InstallationError,416
SPRK,119,DownloadError,403
FLPR,305,GenericError,398
SPRK,146,InstallationError,394
RUSH,113,DownloadError,385
CHAR,190,InstallationError,372
AICY,113,DownloadError,370
PPRO,160,InstallationError,370
LRCC,305,GenericError,366
FLPR,301,GenericError,361
ILST,160,InstallationError,355
ILST,146,InstallationError,343
AUDT,305,GenericError,333
PRLD,190,InstallationError,332
DRWV,190,InstallationError,324
CHAR,113,DownloadError,323
AME,176,InstallationError,313
RUSH,305,GenericError,308
PHSP,304,GenericError,302
DRWV,127,ExtractionError,293
KBRG,108,InstallationError,292
RUSH,301,GenericError,291
RUSH,146,InstallationError,290
PPRO,128,InstallationError,278
AME,125,DownloadError,273
AME,128,InstallationError,273
AEFT,128,InstallationError,270
IDSN,101,InstallationError,269
PHSP,0,InstallationError,266
ESHR,301,GenericError,262
CHAR,301,GenericError,259
KBRG,127,ExtractionError,259
CHAR,119,DownloadError,257
ILST,125,DownloadError,254
PPRO,125,DownloadError,251
PPRO,176,InstallationError,250
LTRM,127,ExtractionError,250
PRLD,301,GenericError,244
ILST,151,InstallationError,243
AICY,301,GenericError,236
ILST,105,InstallationError,236
AEFT,145,InstallationError,229
AME,105,InstallationError,227
IDSN,146,InstallationError,227
IDSN,403,GenericError,224
SPRK,183,InstallationError,222
ILST,116,DownloadError,222
IDSN,125,DownloadError,220
LTRM,117,DownloadError,219
PRLD,113,DownloadError,216
PHSP,121,DownloadError,214
SPRK,305,GenericError,213
AEFT,125,DownloadError,211
DRWV,117,DownloadError,208
AICY,190,InstallationError,207
ILST,176,InstallationError,207
AUDT,117,DownloadError,204
ESHR,113,DownloadError,202
LTRM,108,InstallationError,197
LTRM,101,InstallationError,196
LRCC,127,ExtractionError,191
AICY,119,DownloadError,190
CHAR,305,GenericError,189
FLPR,117,DownloadError,188
AICY,305,GenericError,185
AEFT,176,InstallationError,184
PHSP,303,GenericError,181
ESHR,190,InstallationError,180
DRWV,108,InstallationError,178
KBRG,160,InstallationError,176
AME,145,InstallationError,172
PPRO,105,InstallationError,169
SPRK,108,InstallationError,165
LRCC,101,InstallationError,164
LRCC,108,InstallationError,161
AUDT,108,InstallationError,159
PPRO,116,DownloadError,159
ESHR,119,DownloadError,158
IDSN,151,InstallationError,154
PHSP,184,InstallationError,154
DRWV,177,InstallationError,154
AEFT,116,DownloadError,151
PHSP,107,InstallationError,147
PHSP,,DownloadError,147
FLPR,108,InstallationError,145
KBRG,101,InstallationError,145
IDSN,105,InstallationError,144
AEFT,183,InstallationError,140
AME,0,InstallationError,137
AME,116,DownloadError,136
IDSN,128,InstallationError,133
AUDT,127,ExtractionError,131
AEFT,105,InstallationError,126
PRLD,119,DownloadError,125
SPRK,117,DownloadError,122
FLPR,127,ExtractionError,121
ILST,123,DownloadError,119
LRCC,117,DownloadError,116
ESHR,305,GenericError,116
LTRM,146,InstallationError,112
LTRM,105,InstallationError,112
SPRK,101,InstallationError,111
KBRG,125,DownloadError,109
AEFT,106,InstallationError,106
IDSN,116,DownloadError,104
PRLD,305,GenericError,104
LRCC,146,InstallationError,102
ILST,304,GenericError,98
KBRG,116,DownloadError,97
AME,303,GenericError,95
DRWV,101,InstallationError,94
ESHR,156,InstallationError,91
LTRM,176,InstallationError,90
KBRG,128,InstallationError,89
LTRM,128,InstallationError,88
IDSN,160,InstallationError,87
LRCC,128,InstallationError,86
PPRO,0,InstallationError,86
FLPR,101,InstallationError,85
LRCC,105,InstallationError,84
PHSP,126,DownloadError,83
ILST,303,GenericError,82
IDSN,176,InstallationError,81
AUDT,101,InstallationError,81
PPRO,145,InstallationError,80
ILST,107,InstallationError,80
CHAR,108,InstallationError,79
PHSP,156,InstallationError,78
PHSP,196,InstallationError,77
AME,123,DownloadError,77
KBRG,105,InstallationError,76
KBRG,176,InstallationError,74
AICY,108,InstallationError,74
LTRM,125,DownloadError,73
PPRO,303,GenericError,70
AEFT,107,InstallationError,69
LRCC,125,DownloadError,69
PPRO,123,DownloadError,69
AEFT,123,DownloadError,68
PPRO,304,GenericError,67
AME,107,InstallationError,66
ILST,,DownloadError,65
SPRK,125,DownloadError,62
RUSH,403,GenericError,62
SPRK,184,InstallationError,62
KBRG,146,InstallationError,61
PRLD,108,InstallationError,61
LTRM,145,InstallationError,61
LTRM,116,DownloadError,61
KBRG,303,GenericError,59
ILST,184,InstallationError,58
RUSH,127,ExtractionError,57
AEFT,303,GenericError,57
LRCC,145,InstallationError,56
AUDT,125,DownloadError,56
KBRG,123,DownloadError,55
KBRG,145,InstallationError,55
DRWV,125,DownloadError,54
AUDT,116,DownloadError,53
LRCC,116,DownloadError,53
PPRO,107,InstallationError,53
AEFT,184,InstallationError,52
AEFT,151,InstallationError,52
DRWV,146,InstallationError,50
ILST,0,InstallationError,49
LTRM,0,InstallationError,48
SPRK,105,InstallationError,48
LRCC,176,InstallationError,48
AEFT,0,InstallationError,47
CHAR,127,ExtractionError,47
MUSE,113,DownloadError,47
CHAR,117,DownloadError,46
IDSN,107,InstallationError,45
FLPR,125,DownloadError,45
DRWV,116,DownloadError,45
IDSN,,DownloadError,45
FLPR,128,InstallationError,45
IDSN,123,DownloadError,45
AICY,127,ExtractionError,44
SPRK,116,DownloadError,43
AICY,117,DownloadError,42
RUSH,108,InstallationError,42
AME,196,InstallationError,41
CHAR,101,InstallationError,40
AUDT,105,InstallationError,40
DRWV,128,InstallationError,40
FLPR,146,InstallationError,40
PPRO,184,InstallationError,40
RUSH,125,DownloadError,40
AME,160,InstallationError,40
AUDT,176,InstallationError,39
PHSP,139,InstallationError,39
ILST,156,InstallationError,39
FLPR,116,DownloadError,38
DRWV,105,InstallationError,38
ESHR,108,InstallationError,37
LTRM,160,InstallationError,37
LRCC,303,GenericError,37
DRWV,403,GenericError,36
LTRM,303,GenericError,36
RUSH,117,DownloadError,35
ILST,183,InstallationError,35
ILST,196,InstallationError,35
PRLD,403,GenericError,35
KBRG,107,InstallationError,35
MUSE,183,InstallationError,34
IDSN,303,GenericError,34
SPRK,303,GenericError,33
ILST,121,DownloadError,33
PPRO,196,InstallationError,33
MUSE,119,DownloadError,33
IDSN,184,InstallationError,32
DRWV,160,InstallationError,32
IDSN,145,InstallationError,31
AME,,DownloadError,31
LTRM,123,DownloadError,31
IDSN,0,InstallationError,31
DRWV,176,InstallationError,31
FLPR,105,InstallationError,30
FLPR,176,InstallationError,30
AME,184,InstallationError,30
FLPR,160,InstallationError,30
FLPR,183,InstallationError,29
PPRO,,DownloadError,29
KBRG,0,InstallationError,29
PHSP,181,InstallationError,29
FLPR,123,DownloadError,28
AUDT,303,GenericError,28
PRLD,116,DownloadError,28
AUDT,160,InstallationError,28
DRWV,303,GenericError,27
AME,126,DownloadError,27
AUDT,146,InstallationError,27
CHAR,116,DownloadError,26
AEFT,304,GenericError,26
AICY,125,DownloadError,26
LRCC,160,InstallationError,25
LRCC,0,InstallationError,25
PHSP,141,InstallationError,25
AEFT,160,InstallationError,25
IDSN,304,GenericError,25
PRLD,117,DownloadError,24
ESHR,127,ExtractionError,24
CHAR,125,DownloadError,23
SPRK,176,InstallationError,23
AICY,116,DownloadError,23
PRLD,160,InstallationError,22
DRWV,107,InstallationError,22
AICY,101,InstallationError,22
PRLD,146,InstallationError,22
SPRK,127,ExtractionError,22
KBRG,304,GenericError,21
AEFT,126,DownloadError,21
AEFT,,DownloadError,21
MUSE,108,InstallationError,21
SPRK,,DownloadError,20
SPRK,304,GenericError,20
ILST,126,DownloadError,20
AEFT,156,InstallationError,20
AME,132,InstallationError,20
KBRG,106,InstallationError,19
ESHR,117,DownloadError,19
LTRM,304,GenericError,19
AEFT,196,InstallationError,19
ESHR,101,InstallationError,19
ESHR,116,DownloadError,19
RUSH,105,InstallationError,18
PPRO,156,InstallationError,18
PPRO,126,DownloadError,18
ANMLBETA,113,DownloadError,18
LRCC,304,GenericError,18
AUDT,128,InstallationError,18
AUDT,123,DownloadError,17
PPRO,183,InstallationError,17
AUDT,304,GenericError,17
FLPR,303,GenericError,17
AEFT,139,InstallationError,17
IDSN,183,InstallationError,17
MUSE,305,GenericError,16
DRWV,123,DownloadError,16
FLPR,0,InstallationError,16
DRWV,,DownloadError,16
CHAR,105,InstallationError,16
DRWV,304,GenericError,16
PRLD,101,InstallationError,16
FLPR,107,InstallationError,16
PHSP,143,InstallationError,15
LRCC,107,InstallationError,15
PRLD,303,GenericError,15
PPRO,132,InstallationError,15
AUDT,107,InstallationError,15
AME,156,InstallationError,15
ESHR,125,DownloadError,15
AICY,105,InstallationError,15
IDSN,126,DownloadError,15
IDSN,121,DownloadError,15
AME,181,InstallationError,15
DRWV,147,InstallationError,15
FLPR,106,InstallationError,15
ANMLBETA,305,GenericError,14
DRWV,145,InstallationError,14
PRLD,127,ExtractionError,14
AICY,303,GenericError,14
SPRK,128,InstallationError,14
KBRG,,DownloadError,14
AME,106,InstallationError,14
CHAR,107,InstallationError,13
LTRM,107,InstallationError,13
ESHR,105,InstallationError,13
KBRG,126,DownloadError,12
CHAR,176,InstallationError,12
RUSH,101,InstallationError,12
FLPR,151,InstallationError,12
ILST,106,InstallationError,12
PPRO,181,InstallationError,12
PRLD,125,DownloadError,12
ESHR,303,GenericError,12
FLPR,,DownloadError,11
ILST,143,InstallationError,11
MUSE,301,GenericError,11
LTRM,184,InstallationError,11
AME,143,InstallationError,11
KBRG,156,InstallationError,11
RUSH,176,InstallationError,11
CHAR,303,GenericError,11
PPRO,121,DownloadError,10
AEFT,132,InstallationError,10
PPRO,106,InstallationError,10
DRWV,0,InstallationError,10
ILST,139,InstallationError,10
RUSH,116,DownloadError,10
AEFT,121,DownloadError,10
LRCC,126,DownloadError,10
FLPR,145,InstallationError,10
RUSH,0,InstallationError,10
ILST,181,InstallationError,10
RUSH,303,GenericError,9
AUDT,145,InstallationError,9
AICY,123,DownloadError,9
AEFT,181,InstallationError,9
FLPR,304,GenericError,9
MUSE,125,DownloadError,9
PRLD,105,InstallationError,9
AICY,107,InstallationError,8
AICY,151,InstallationError,8
LTRM,196,InstallationError,8
IDSN,181,InstallationError,8
LRCC,123,DownloadError,8
AICY,160,InstallationError,8
CHAR,160,InstallationError,8
PRLD,107,InstallationError,8
MUSE,127,ExtractionError,8
ESHR,176,InstallationError,8
RUSH,128,InstallationError,8
IDSN,106,InstallationError,8
PRLD,176,InstallationError,7
AUDT,0,InstallationError,7
RUSH,107,InstallationError,7
CHAR,123,DownloadError,7
ANMLBETA,301,GenericError,7
DRWV,121,DownloadError,7
PHSP,188,InstallationError,7
ILST,141,InstallationError,7
PHSP,132,InstallationError,7
SPRK,196,InstallationError,6
ANMLBETA,119,DownloadError,6
AICY,403,GenericError,6
DRWV,184,InstallationError,6
ESHR,123,DownloadError,6
AEFT,141,InstallationError,6
FLPR,132,InstallationError,6
AUDT,156,InstallationError,6
PPRO,139,InstallationError,6
AICY,121,DownloadError,6
MUSE,116,DownloadError,6
CHAR,146,InstallationError,6
IDSN,156,InstallationError,6
IDSN,196,InstallationError,6
AUDT,121,DownloadError,5
FLPR,184,InstallationError,5
KBRG,196,InstallationError,5
PRLD,123,DownloadError,5
IDSN,143,InstallationError,5
AICY,128,InstallationError,5
ANMLBETA,101,InstallationError,5
PPRO,143,InstallationError,5
DRWV,106,InstallationError,5
LTRM,126,DownloadError,5
AICY,184,InstallationError,5
KBRG,121,DownloadError,5
ESHR,146,InstallationError,5
ESHR,107,InstallationError,5
AICY,176,InstallationError,5
DRWV,156,InstallationError,4
ANMLBETA,117,DownloadError,4
FLPR,156,InstallationError,4
PRLD,121,DownloadError,4
LRCC,196,InstallationError,4
DRWV,183,InstallationError,4
AME,304,GenericError,4
FLPR,139,InstallationError,4
AME,139,InstallationError,4
MUSE,121,DownloadError,4
MUSE,117,DownloadError,4
PHSP,171,InstallationError,4
LRCC,181,InstallationError,4
AEFT,143,InstallationError,4
KBRG,184,InstallationError,4
AME,121,DownloadError,4
LRCC,184,InstallationError,4
LTRM,,DownloadError,4
RUSH,126,DownloadError,4
LTRM,132,InstallationError,4
IDSN,132,InstallationError,4
FLPR,121,DownloadError,4
RUSH,123,DownloadError,3
MUSE,146,InstallationError,3
DRWV,181,InstallationError,3
DRWV,196,InstallationError,3
LTRM,181,InstallationError,3
CHAR,128,InstallationError,3
ESHR,128,InstallationError,3
SPRK,107,InstallationError,3
CHAR,0,InstallationError,3
SPRK,181,InstallationError,3
AUDT,,DownloadError,3
MUSE,101,InstallationError,3
CHAR,145,InstallationError,3
LTRM,139,InstallationError,3
ANMLBETA,108,InstallationError,3
MUSE,304,GenericError,3
PRLD,145,InstallationError,3
MUSE,176,InstallationError,3
IDSN,139,InstallationError,3
ESHR,160,InstallationError,3
ANMLBETA,127,ExtractionError,2
DRWV,143,InstallationError,2
LTRM,188,InstallationError,2
ANMLBETA,116,DownloadError,2
ESHR,304,GenericError,2
AUDT,196,InstallationError,2
ILST,153,InstallationError,2
ANMLBETA,105,InstallationError,2
ILST,188,InstallationError,2
SPRK,0,InstallationError,2
IDSN,141,InstallationError,2
AICY,0,InstallationError,2
ESHR,181,InstallationError,2
LRCC,139,InstallationError,2
MUSE,0,InstallationError,2
DRWV,132,InstallationError,2
LTRM,106,InstallationError,2
FLPR,126,DownloadError,2
FLPR,196,InstallationError,2
MUSE,105,InstallationError,2
CHAR,121,DownloadError,2
ANMLBETA,176,InstallationError,2
SPRK,139,InstallationError,2
ESHR,,DownloadError,2
ESHR,126,DownloadError,1
DRWV,188,InstallationError,1
RUSH,196,InstallationError,1
ANMLBETA,125,DownloadError,1
SPRK,145,InstallationError,1
ANMLBETA,190,InstallationError,1
ESHR,0,InstallationError,1
CHAR,,DownloadError,1
LRCC,121,DownloadError,1
SPRK,121,DownloadError,1
KBRG,132,InstallationError,1
RUSH,304,GenericError,1
LTRM,102,InstallationError,1
ANMLBETA,107,InstallationError,1
LTRM,121,DownloadError,1
MUSE,145,InstallationError,1
MUSE,160,InstallationError,1
LRCC,188,InstallationError,1
KBRG,181,InstallationError,1
AICY,304,GenericError,1
KBRG,110,InstallationError,1
ESHR,145,InstallationError,1
PRLD,143,InstallationError,1
CHAR,106,InstallationError,1
AUDT,132,InstallationError,1
AUDT,184,InstallationError,1
SPRK,123,DownloadError,1
LRCC,132,InstallationError,1
PHSP,179,InstallationError,1
RUSH,132,InstallationError,1
AICY,,DownloadError,1
CHAR,196,InstallationError,1
RUSH,139,InstallationError,1
LRCC,110,InstallationError,1
SPRK,132,InstallationError,1
LRCC,,DownloadError,1
FLPR,179,InstallationError,1
FLPR,141,InstallationError,1
AUDT,139,InstallationError,1
ANMLBETA,,DownloadError,1
AICY,143,InstallationError,1
PRLD,139,InstallationError,1
AICY,145,InstallationError,1
AICY,146,InstallationError,1
AUDT,106,InstallationError,1
PHSP,110,InstallationError,1
SPRK,188,InstallationError,1
FLPR,188,InstallationError,1
KBRG,139,InstallationError,1
CHAR,132,InstallationError,1
IDSN,188,InstallationError,1
MUSE,132,InstallationError,1
AICY,181,InstallationError,1
LRCC,106,InstallationError,1
ESHR,121,DownloadError,1
AME,188,InstallationError,1
PRLD,128,InstallationError,1
CHAR,184,InstallationError,1
PHSP,137,InstallationError,1
RUSH,156,InstallationError,1
PRLD,0,InstallationError,1
RUSH,184,InstallationError,1
CHAR,139,InstallationError,1
KBRG,188,InstallationError,1
KBRG,143,InstallationError,1
AUDT,181,InstallationError,1
