product,vers,code,ecount,etype,ecount__1,bs_de_ee,bs_dd_ed,bs_de_ed,bs_dd_ee
PHSP,19.0,ACCC_APPS_HD_CANCEL,117,HD,117,0,117,0,0
LRCC,1.3,ACCC_INSTALL_END,74,HD,74,1,73,0,0
FLPR,15.2,ACCC_ERROR,5,HD,5,0,5,0,0
AEFT,15.1.1,ACCC_DL_START,1603,HD,1603,1,1602,0,0
APRO,15.0,ACCC_DL_START,3,PKG,3,0,3,0,0
MUSE,2014.3.1,ACCC_APPS_DL_CANCEL,1,RIBS,1,0,1,0,0
ILST,16.0,ACCC_DL_START,1514,RIBS,1514,0,1514,0,0
FLPR,14.0,ACCC_APPS_INSTALL_CANCEL,2,RIBS,2,0,2,0,0
SPRK,1.0.12,ACCC_DL_START,13,HD,13,0,13,0,0
LTRM,8.0,ACCC_ERROR,21,HD,21,0,21,0,0
KBRG,9.0,ACCC_DL_START,11793,HD,11793,146,11480,202,0
DRWV,15.0.0,ACCC_APPS_INSTALL_CANCEL,3,RIBS,3,0,3,0,0
DRWV,18.1,ACCC_DL_START,171,HD,171,0,171,0,0
SHDW,1.5,ACCC_APPS_INSTALL_CANCEL,1,MSI,1,0,1,0,0
AICY,13.0,ACCC_DL_START,19,HD,19,0,19,0,0
IDSN,13.0.1,ACCC_ERROR,56,HD,56,0,56,0,0
IDSN,13.0,ACCC_INSTALL_END,625,HD,625,0,625,0,0
IDSN,14.0,ACCC_INSTALL_END,16016,HD,16016,55,15971,0,0
AUDT,12.0,ACCC_DL_START,3908,HD,3908,25,3885,0,0
PHSP,17.0.1,ACCC_DL_START,397,HD,397,0,397,0,0
LTRM,6.0,ACCC_DL_START,7457,RIBS,7457,0,7457,0,0
APRO,11.0.0,ACCC_ERROR,32,RIBS,32,0,32,0,0
AICY,13.0.1,ACCC_APPS_HD_CANCEL,7,HD,7,0,7,0,0
AEFT,15.0.1,ACCC_APPS_HD_CANCEL,29,HD,29,0,29,0,0
ESHR,2.0,ACCC_DL_START,239,HD,239,20,227,0,0
CHAR,1.5,ACCC_INSTALL_END,51896,HD,51896,34,51878,0,0
KBRG,6.3.1,ACCC_DL_START,1229,HD,1229,69,1128,42,0
LTRM,7.1,ACCC_ERROR,4,HD,4,0,4,0,0
MUSE,2015.0.2,ACCC_APPS_DL_CANCEL,1,RIBS,1,0,1,0,0
IDSN,10.0,ACCC_INSTALL_END,650,RIBS,650,0,650,0,0
DRWV,17.0.2,ACCC_DL_START,3,HD,3,0,3,0,0
EDGE,3.0,ACCC_INSTALL_END,5,RIBS,5,0,5,0,0
IDSN,12.0.0,ACCC_ERROR,9,HD,9,0,9,0,0
PPRO,8.0,ACCC_ERROR,3,RIBS,3,0,3,0,0
SPRK,11.0.22,ACCC_DL_START,767,HD,767,1,766,0,0
AME,13.0,ACCC_ERROR,163,HD,163,0,163,0,0
SPRK,8.0.22,ACCC_DL_START,7,HD,7,0,7,0,0
PHSP,18.1.5,ACCC_APPS_HD_CANCEL,12,HD,12,0,12,0,0
ILST,19.2.1,ACCC_DL_START,1007,HD,1007,0,1007,0,0
DRWV,17.1.0,ACCC_INSTALL_END,1,HD,1,0,1,0,0
AUDT,5.0,ACCC_ERROR,232,RIBS,232,0,232,0,0
PPRO,12.1,ACCC_DL_START,1095,HD,1095,0,1095,0,0
FUSE,2015.1,ACCC_APPS_DL_CANCEL,20,RIBS,20,0,20,0,0
ILST,19.1.1,ACCC_INSTALL_END,7,HD,7,0,7,0,0
SPRK,0.6.14,ACCC_APPS_HD_CANCEL,1,HD,1,0,1,0,0
AUDT,10.1.2,ACCC_APPS_HD_CANCEL,9,HD,9,0,9,0,0
MUSE,2015.2.1,ACCC_DL_START,37,HD,37,0,37,0,0
PHSP,17.0.2,ACCC_APPS_HD_CANCEL,257,HD,257,0,257,0,0
APRO,10.1.1,ACCC_APPS_INSTALL_CANCEL,1,RIBS,1,0,1,0,0
ILST,21.0.1,ACCC_APPS_HD_CANCEL,1,HD,1,0,1,0,0
PPRO,11.0.2,ACCC_DL_START,2,HD,2,0,2,0,0
CHAR,1.1.0,ACCC_ERROR,1,HD,1,0,1,0,0
MUSE,2018.1.0,ACCC_DL_START,14851,HD,14851,2,14849,0,0
AEFT,15.0.0,ACCC_DL_START,640,HD,640,0,640,0,0
AICY,12.0.0,ACCC_ERROR,18,HD,18,0,18,0,0
ESHR,1.0,ACCC_DL_START,54,HD,54,1,53,0,0
PRLD,7.0.0,ACCC_DL_START,5,HD,5,0,5,0,0
SPRK,0.5.22,ACCC_INSTALL_END,383,HD,383,0,383,0,0
APRO,17.0,ACCC_DL_START,103,PKG,103,0,103,0,0
DRWV,13.0.0,ACCC_APPS_INSTALL_CANCEL,6,RIBS,6,0,6,0,0
ASCT,1.1.3,ACCC_INSTALL_END,112,MSI,112,0,112,0,0
AICY,13.0.1,ACCC_ERROR,2,HD,2,0,2,0,0
PHSP,15.0,ACCC_DL_START,2708,RIBS,2708,0,2708,0,0
ANMLBETA,1.0.5,ACCC_DL_START,5,HD,5,0,5,0,0
APRO,18.0,ACCC_DL_START,65333,PKG,65333,0,65333,0,0
IDSN,10.0,ACCC_ERROR,24,RIBS,24,0,24,0,0
PRLD,2.0,ACCC_ERROR,1,RIBS,1,0,1,0,0
AICY,14.0,ACCC_INSTALL_END,1103,HD,1103,35,1078,0,0
PHSP,18.0,ACCC_ERROR,132,HD,132,0,132,0,0
DRWV,17.5.0,ACCC_ERROR,42,HD,42,0,42,0,0
KBRG,7.0,ACCC_DL_START,5612,HD,5612,270,5190,179,0
FUSE,2015.1,ACCC_DL_START,63,RIBS,63,0,63,0,0
SPRK,5.0.12,ACCC_APPS_HD_CANCEL,2,HD,2,2,0,0,0
DRWV,15.0.0,ACCC_APPS_DL_CANCEL,4,RIBS,4,0,4,0,0
AICY,13.1,ACCC_INSTALL_END,30519,HD,30519,18,30511,0,0
AME,12.0.0,ACCC_DL_START,347,HD,347,0,347,0,0
CHAR,1.5,ACCC_ERROR,735,HD,735,1,734,0,0
FLPR,18.0.2,ACCC_ERROR,1723,HD,1723,0,1723,0,0
AICY,11.0,ACCC_APPS_DL_CANCEL,6,RIBS,6,0,6,0,0
SPRK,0.5.22,ACCC_DL_START,410,HD,410,0,410,0,0
ILST,19.2.1,ACCC_ERROR,30,HD,30,0,30,0,0
PPRO,12.0.1,ACCC_INSTALL_END,959,HD,959,0,959,0,0
IDSN,9.0,ACCC_INSTALL_END,221,RIBS,221,0,221,0,0
ILST,17.0,ACCC_APPS_INSTALL_CANCEL,35,RIBS,35,0,35,0,0
IDSN,12.1.0,ACCC_ERROR,149,HD,149,0,149,0,0
PHSP,18.1.1,ACCC_ERROR,3,HD,3,0,3,0,0
FLPR,15.2,ACCC_APPS_HD_CANCEL,18,HD,18,0,18,0,0
IDSN,12.0.0,ACCC_APPS_HD_CANCEL,16,HD,16,0,16,0,0
PPRO,7.0,ACCC_ERROR,61,RIBS,61,0,61,0,0
ILST,16.0,ACCC_INSTALL_END,1258,RIBS,1258,0,1258,0,0
MUSE,2017.0.4,ACCC_DL_START,1,HD,1,0,1,0,0
ANMLBETA,1.0.6,ACCC_ERROR,31,HD,31,0,31,0,0
MUSE,2015.2.0,ACCC_DL_START,2,HD,2,0,2,0,0
MUSE,2015.1.2,ACCC_DL_START,7,RIBS,7,0,7,0,0
PHSP,13.0,ACCC_APPS_INSTALL_CANCEL,152,RIBS,152,0,152,0,0
ILST,20.1.0,ACCC_ERROR,62,HD,62,0,62,0,0
FWKS,12.0.0,ACCC_APPS_DL_CANCEL,22,RIBS,22,0,22,0,0
PPRO,12.0.1,ACCC_ERROR,43,HD,43,0,43,0,0
PHSP,19.0.1,ACCC_DL_START,170,HD,170,0,170,0,0
APRO,19.0,ACCC_APPS_DL_CANCEL,2383,PKG,2383,0,2383,0,0
APRO,17.0,ACCC_INSTALL_END,2,APP,2,0,2,0,0
ILST,19.2.1,ACCC_APPS_HD_CANCEL,127,HD,127,0,127,0,0
ILST,19.1.1,ACCC_APPS_HD_CANCEL,2,HD,2,0,2,0,0
AICY,9.0,ACCC_DL_START,14,RIBS,14,0,14,0,0
MUSE,2017.1.0,ACCC_ERROR,1,HD,1,0,1,0,0
DRWV,17.0.1,ACCC_DL_START,103,HD,103,0,103,0,0
AEFT,13.5,ACCC_APPS_DL_CANCEL,53,RIBS,53,0,53,0,0
ILST,16.0,ACCC_ERROR,92,RIBS,92,0,92,0,0
PRLD,7.0.1,ACCC_INSTALL_END,9,HD,9,0,9,0,0
TAPI,1.0,ACCC_APPS_DL_CANCEL,1,RIBS,1,0,1,0,0
SPRK,9.0.12,ACCC_ERROR,1,HD,1,0,1,0,0
FLPR,18.0.1,ACCC_ERROR,3,HD,3,0,3,0,0
PHSP,13.0,ACCC_DL_START,2098,RIBS,2098,0,2098,0,0
KBRG,8.0,ACCC_APPS_HD_CANCEL,1,HD,1,0,1,0,0
FLPR,12.0,ACCC_DL_START,2005,RIBS,2005,0,2005,0,0
MUSE,2015.1.1,ACCC_DL_START,1,RIBS,1,0,1,0,0
AME,11.1.2,ACCC_ERROR,1,HD,1,0,1,0,0
ANMLBETA,1.0.6,ACCC_APPS_HD_CANCEL,374,HD,374,1,373,0,0
PPRO,12.1.2,ACCC_DL_START,638189,HD,638189,55,638153,0,0
LTRM,5.7.1,ACCC_APPS_DL_CANCEL,601,MSI,601,0,601,0,0
SPRK,11.0.22,ACCC_ERROR,429,HD,429,0,429,0,0
FLBR,4.7,ACCC_APPS_INSTALL_CANCEL,14,RIBS,14,0,14,0,0
IDSN,13.0.1,ACCC_DL_START,1815,HD,1815,1,1814,0,0
IDSN,10.0,ACCC_DL_START,707,RIBS,707,0,707,0,0
DRWV,17.5.0,ACCC_APPS_HD_CANCEL,112,HD,112,0,112,0,0
AEFT,14.2.1,ACCC_ERROR,1,HD,1,0,1,0,0
SPRK,0.8.22,ACCC_DL_START,5,HD,5,0,5,0,0
PHSP,19.1.4,ACCC_INSTALL_END,676,HD,676,0,676,0,0
AUDT,11.0.0,ACCC_DL_START,45,HD,45,0,45,0,0
LRCC,1.5,ACCC_ERROR,4226,HD,4226,0,4226,0,0
SPRK,6.0.12,ACCC_ERROR,1,HD,1,0,1,0,0
PHSP,20.0,ACCC_INSTALL_END,36629,HD,36629,67,36580,0,0
AEFT,11.0,ACCC_INSTALL_END,732,RIBS,732,0,732,0,0
FLPR,16.5,ACCC_ERROR,1,HD,1,0,1,0,0
KBRG,8.1,ACCC_APPS_HD_CANCEL,17909,HD,17909,910,16439,628,0
DRWV,12.0.0,ACCC_ERROR,15,RIBS,15,0,15,0,0
AEFT,13.0,ACCC_ERROR,28,RIBS,28,0,28,0,0
PHSP,17.0,ACCC_ERROR,15,HD,15,0,15,0,0
PRLD,6.1.3,ACCC_DL_START,60,HD,60,0,60,0,0
CHAR,1.1.1,ACCC_DL_START,46,HD,46,0,46,0,0
FLPR,15.0,ACCC_INSTALL_END,56,RIBS,56,0,56,0,0
ILST,19.2.0,ACCC_INSTALL_END,7,HD,7,0,7,0,0
GSDK,1.3,ACCC_APPS_DL_CANCEL,3,PKG,3,0,3,0,0
LTRM,6.0,ACCC_APPS_INSTALL_CANCEL,124,RIBS,124,0,124,0,0
AEFT,12.0,ACCC_APPS_DL_CANCEL,35,RIBS,35,0,35,0,0
PHSP,19.1.3,ACCC_DL_START,347,HD,347,0,347,0,0
FLPR,19.0,ACCC_ERROR,37,HD,37,0,37,0,0
RUSH,1.0,ACCC_APPS_HD_CANCEL,119,HD,119,8,111,0,0
SPRK,7.0.12,ACCC_INSTALL_END,5,HD,5,0,5,0,0
ILST,21.0.0,ACCC_APPS_HD_CANCEL,21,HD,21,0,21,0,0
FLPR,18.0.1,ACCC_DL_START,173,HD,173,1,172,0,0
SPRK,9.0.12,ACCC_DL_START,1,HD,1,0,1,0,0
CODE,1.0,ACCC_ERROR,146,PKG,146,0,146,0,0
FLPR,14.0,ACCC_APPS_DL_CANCEL,13,RIBS,13,0,13,0,0
APRO,11.0.0,ACCC_DL_START,94,RIBS,94,0,94,0,0
AEFT,15.0.0,ACCC_ERROR,26,HD,26,0,26,0,0
SPRK,0.8.22,ACCC_INSTALL_END,5,HD,5,0,5,0,0
ILST,17.0,ACCC_DL_START,506,RIBS,506,0,506,0,0
EDGE,2.0.1,ACCC_INSTALL_END,2,RIBS,2,0,2,0,0
AME,13.0,ACCC_APPS_HD_CANCEL,606,HD,606,22,584,0,0
EDGE,5.0,ACCC_INSTALL_END,23,RIBS,23,0,23,0,0
EDGE,1.5,ACCC_INSTALL_END,4,RIBS,4,0,4,0,0
IDSN,13.0,ACCC_ERROR,30,HD,30,0,30,0,0
MUSE,2015.0.2,ACCC_DL_START,10,RIBS,10,0,10,0,0
CHAR,1.1.1,ACCC_ERROR,2,HD,2,0,2,0,0
SPRK,4.0.12,ACCC_DL_START,4,HD,4,0,4,0,0
AME,12.1.2,ACCC_DL_START,768008,HD,768008,82,767947,0,0
KBRG,9.0,ACCC_APPS_HD_CANCEL,128,HD,128,7,118,4,0
ILST,19.0,ACCC_ERROR,1,RIBS,1,0,1,0,0
AEFT,15.1.2,ACCC_APPS_HD_CANCEL,26240,HD,26240,5,26235,0,0
ESHR,2.0,ACCC_ERROR,3,HD,3,0,3,0,0
LRCC,2.0.1,ACCC_APPS_HD_CANCEL,47,HD,47,0,47,0,0
PRLD,1.0,ACCC_INSTALL_END,357,RIBS,357,0,357,0,0
PRLD,8.0,ACCC_DL_START,944,HD,944,19,927,0,0
DRWV,18.0,ACCC_APPS_HD_CANCEL,4,HD,4,0,4,0,0
FUSE,2017.1,ACCC_APPS_DL_CANCEL,4250,RIBS,4250,0,4250,0,0
PPRO,6.0,ACCC_ERROR,1466,RIBS,1466,0,1466,0,0
IDSN,12.1.0,ACCC_INSTALL_END,9387,HD,9387,3,9384,0,0
AICY,10.0,ACCC_APPS_INSTALL_CANCEL,2,RIBS,2,0,2,0,0
KEMN,7.0,ACCC_APPS_DL_CANCEL,80,RIBS,80,0,80,0,0
RUSH,0.1.0,ACCC_DL_START,23,HD,23,6,17,0,0
AUDT,5.0,ACCC_INSTALL_END,2209,RIBS,2209,0,2209,0,0
FLPR,19.0,ACCC_INSTALL_END,2052,HD,2052,32,2030,0,0
IDSN,14.0,ACCC_APPS_HD_CANCEL,292,HD,292,7,285,0,0
SHDW,1.5,ACCC_ERROR,4,PKG,4,0,4,0,0
AEFT,13.0,ACCC_APPS_INSTALL_CANCEL,15,RIBS,15,0,15,0,0
SPRK,9.1.12,ACCC_ERROR,1,HD,1,0,1,0,0
AME,12.1,ACCC_APPS_HD_CANCEL,9,HD,9,0,9,0,0
LRCC,1.2,ACCC_DL_START,45,HD,45,0,45,0,0
EDGE,4.0.1,ACCC_DL_START,6,RIBS,6,0,6,0,0
AICY,13.1,ACCC_DL_START,32529,HD,32529,18,32521,0,0
ILST,22.0.0,ACCC_DL_START,774,HD,774,0,774,0,0
IDSN,8.0,ACCC_ERROR,60,RIBS,60,0,60,0,0
ILST,19.0,ACCC_DL_START,7,HD,7,0,7,0,0
KEMN,7.0,ACCC_INSTALL_END,1506,RIBS,1506,0,1506,0,0
ANMLBETA,1.0.5,ACCC_INSTALL_END,5,HD,5,0,5,0,0
MUSE,2017.0.2,ACCC_DL_START,1,HD,1,0,1,0,0
DRWV,12.0.0,ACCC_INSTALL_END,314,RIBS,314,0,314,0,0
SPRK,7.0.12,ACCC_DL_START,7,HD,7,0,7,0,0
EDGE,5.0,ACCC_ERROR,1,RIBS,1,0,1,0,0
RFLW,2.0,ACCC_ERROR,1,PKG,1,0,1,0,0
PHSP,19.1.6,ACCC_INSTALL_END,1552536,HD,1552536,51,1552499,0,0
LRCC,2.0,ACCC_DL_START,787,HD,787,30,763,0,0
SPRK,13.0.10,ACCC_ERROR,3,HD,3,1,2,0,0
AUDT,11.0.2,ACCC_INSTALL_END,91,HD,91,0,91,0,0
AEFT,14.2.1,ACCC_DL_START,1,HD,1,0,1,0,0
ILST,19.0.1,ACCC_DL_START,3,HD,3,0,3,0,0
PHSP,17.0,ACCC_INSTALL_END,541,HD,541,0,541,0,0
ILST,18.0,ACCC_APPS_INSTALL_CANCEL,5,RIBS,5,0,5,0,0
ESHR,1.1,ACCC_DL_START,39,HD,39,0,39,0,0
FWKS,12.0.0,ACCC_INSTALL_END,1001,RIBS,1001,0,1001,0,0
PHSP,18.1.5,ACCC_DL_START,183,HD,183,0,183,0,0
AICY,8.0,ACCC_DL_START,40,RIBS,40,0,40,0,0
AUDT,6.0,ACCC_ERROR,13,RIBS,13,0,13,0,0
ASCT,1.1.3,ACCC_ERROR,2,PKG,2,0,2,0,0
DRWV,17.0.1,ACCC_INSTALL_END,85,HD,85,0,85,0,0
AME,11.1.4,ACCC_DL_START,7448,HD,7448,7,7441,0,0
MUSE,2014.3.2,ACCC_DL_START,3,RIBS,3,0,3,0,0
ASCT,1.1.3,ACCC_ERROR,3,MSI,3,0,3,0,0
ESHR,2.0,ACCC_INSTALL_END,215,HD,215,18,205,0,0
ILST,19.0,ACCC_ERROR,1,HD,1,0,1,0,0
PHSP,19.1.5,ACCC_INSTALL_END,2536,HD,2536,2,2534,0,0
PRLD,1.0,ACCC_ERROR,87,RIBS,87,0,87,0,0
PHSP,19.1,ACCC_INSTALL_END,169,HD,169,0,169,0,0
AICY,14.1,ACCC_DL_START,9,HD,9,9,0,0,0
MUSE,2015.2.1,ACCC_INSTALL_END,30,HD,30,0,30,0,0
AEFT,12.0,ACCC_INSTALL_END,303,RIBS,303,0,303,0,0
AEFT,12.0,ACCC_APPS_INSTALL_CANCEL,22,RIBS,22,0,22,0,0
ILST,17.0,ACCC_APPS_DL_CANCEL,68,RIBS,68,0,68,0,0
ILST,19.0,ACCC_DL_START,20,RIBS,20,0,20,0,0
ILST,21.1.0,ACCC_INSTALL_END,15602,HD,15602,2,15600,0,0
ACR,10.5,ACCC_INSTALL_END,3,HD,3,0,3,0,0
FLPR,15.2.1,ACCC_INSTALL_END,169,HD,169,1,168,0,0
PHSP,16.0,ACCC_APPS_DL_CANCEL,235,RIBS,235,0,235,0,0
PHSP,19.1.1,ACCC_ERROR,6,HD,6,0,6,0,0
FLPR,16.5,ACCC_INSTALL_END,8,HD,8,0,8,0,0
AEFT,15.1,ACCC_DL_START,485,HD,485,0,485,0,0
SHDW,1.5,ACCC_INSTALL_END,57,PKG,57,0,57,0,0
FLPR,15.1,ACCC_APPS_DL_CANCEL,30,RIBS,30,0,30,0,0
SPRK,0.5.22,ACCC_APPS_HD_CANCEL,26,HD,26,0,26,0,0
FLBR,4.7,ACCC_DL_START,192,RIBS,192,0,192,0,0
ASCT,1.1.3,ACCC_APPS_INSTALL_CANCEL,1,MSI,1,0,1,0,0
LTRM,5.7.1,ACCC_INSTALL_END,136,PKG,136,0,136,0,0
FLPR,15.1,ACCC_DL_START,103,RIBS,103,0,103,0,0
AEFT,13.5,ACCC_DL_START,798,RIBS,798,0,798,0,0
FLPR,14.0,ACCC_ERROR,10,RIBS,10,0,10,0,0
ESHR,1.1.1,ACCC_INSTALL_END,54390,HD,54390,19,54381,0,0
CHAR,1.1.1,ACCC_APPS_HD_CANCEL,2,HD,2,0,2,0,0
PRLD,6.1.3,ACCC_APPS_HD_CANCEL,2,HD,2,0,2,0,0
LTRM,8.0,ACCC_APPS_HD_CANCEL,52,HD,52,6,46,0,0
SPRK,0.6.14,ACCC_DL_START,5,HD,5,0,5,0,0
ILST,22.1,ACCC_DL_START,832543,HD,832543,40,832515,0,0
RFLW,2.0,ACCC_DL_START,119,PKG,119,0,119,0,0
DRWV,18.0,ACCC_DL_START,87,HD,87,0,87,0,0
SPRK,8.1.22,ACCC_DL_START,1,HD,1,0,1,0,0
APRO,17.0,ACCC_INSTALL_END,100,PKG,100,0,100,0,0
RFLW,2.0,ACCC_DL_START,20,MSI,20,0,20,0,0
LTRM,7.1,ACCC_APPS_HD_CANCEL,7,HD,7,0,7,0,0
IDSN,14.0,ACCC_ERROR,139,HD,139,1,138,0,0
AME,12.1,ACCC_ERROR,12,HD,12,0,12,0,0
APRO,11.0.0,ACCC_APPS_DL_CANCEL,7,RIBS,7,0,7,0,0
SPRK,12.0.12,ACCC_APPS_HD_CANCEL,14205,HD,14205,1,14204,0,0
AEFT,15.1,ACCC_ERROR,37,HD,37,0,37,0,0
IDSN,13.0,ACCC_APPS_HD_CANCEL,36,HD,36,0,36,0,0
AME,9.0,ACCC_ERROR,3,RIBS,3,0,3,0,0
PRLD,7.1.1,ACCC_DL_START,27749,HD,27749,28,27737,0,0
KBRG,7.0,ACCC_ERROR,156,HD,156,6,143,8,0
DRWV,18.1,ACCC_INSTALL_END,146,HD,146,0,146,0,0
FLPR,13.0,ACCC_DL_START,42,RIBS,42,0,42,0,0
SPRK,8.1.22,ACCC_INSTALL_END,2,HD,2,0,2,0,0
FLPR,15.2.1,ACCC_APPS_HD_CANCEL,27,HD,27,0,27,0,0
LTRM,6.0,ACCC_APPS_DL_CANCEL,551,RIBS,551,0,551,0,0
AEFT,14.2.2,ACCC_ERROR,82,HD,82,0,82,0,0
FLBR,4.7,ACCC_APPS_DL_CANCEL,9,RIBS,9,0,9,0,0
ILST,23.0,ACCC_ERROR,218,HD,218,3,215,0,0
SPRK,0.5.0,ACCC_INSTALL_END,5,HD,5,0,5,0,0
LRCC,1.0.1,ACCC_APPS_HD_CANCEL,1,HD,1,0,1,0,0
AME,11.0.2,ACCC_DL_START,2,HD,2,0,2,0,0
PPRO,12.1,ACCC_APPS_HD_CANCEL,88,HD,88,0,88,0,0
AME,8.0,ACCC_ERROR,1,RIBS,1,0,1,0,0
DRWV,18.2,ACCC_APPS_HD_CANCEL,5312,HD,5312,3,5310,0,0
SPRK,0.6.34,ACCC_DL_START,32,HD,32,0,32,0,0
PHSP,18.1,ACCC_DL_START,56,HD,56,0,56,0,0
GSDK,1.3,ACCC_DL_START,13,PKG,13,0,13,0,0
MUSE,2015.1.0,ACCC_DL_START,1,RIBS,1,0,1,0,0
LTRM,7.3.1,ACCC_INSTALL_END,217,HD,217,0,217,0,0
ASCT,1.1.3,ACCC_INSTALL_END,49,PKG,49,0,49,0,0
AEFT,12.0,ACCC_ERROR,21,RIBS,21,0,21,0,0
APRO,18.0,ACCC_INSTALL_END,130719,APP,130719,0,130719,0,0
AEFT,15.1.2,ACCC_ERROR,10208,HD,10208,0,10208,0,0
KBRG,9.0,ACCC_ERROR,78,HD,78,0,77,1,0
LTRM,7.0.1,ACCC_APPS_HD_CANCEL,7,HD,7,0,7,0,0
ILST,18.0,ACCC_ERROR,51,RIBS,51,0,51,0,0
ILST,20.1.0,ACCC_DL_START,2193,HD,2193,0,2193,0,0
AME,12.0.1,ACCC_INSTALL_END,261,HD,261,0,261,0,0
ILST,21.0.1,ACCC_ERROR,1,HD,1,0,1,0,0
LRCC,2.0.1,ACCC_INSTALL_END,582,HD,582,0,582,0,0
AME,11.1.4,ACCC_APPS_HD_CANCEL,636,HD,636,1,635,0,0
APRO,18.0,ACCC_ERROR,2436,PKG,2436,0,2436,0,0
FLPR,16.5.1,ACCC_DL_START,1449,HD,1449,2,1447,0,0
PHSP,17.0.2,ACCC_ERROR,165,HD,165,0,165,0,0
PHSP,18.1,ACCC_ERROR,2,HD,2,0,2,0,0
MUSE,2015.1.2,ACCC_ERROR,1,RIBS,1,0,1,0,0
SPGD,8.0,ACCC_INSTALL_END,8,RIBS,8,0,8,0,0
GSDK,1.4,ACCC_DL_START,106,MSI,106,0,106,0,0
SPRK,8.0.22,ACCC_INSTALL_END,7,HD,7,0,7,0,0
FLPR,12.0,ACCC_ERROR,268,RIBS,268,0,268,0,0
PPRO,12.1,ACCC_ERROR,73,HD,73,0,73,0,0
GSDK,1.3,ACCC_DL_START,1,MSI,1,0,1,0,0
DRWV,13.0.0,ACCC_DL_START,72,RIBS,72,0,72,0,0
SPRK,0.5.22,ACCC_ERROR,3,HD,3,0,3,0,0
PRLD,7.1.1,ACCC_INSTALL_END,26299,HD,26299,28,26287,0,0
MUSE,2018.0,ACCC_INSTALL_END,47,HD,47,0,47,0,0
DRWV,17.0.0,ACCC_INSTALL_END,5,HD,5,0,5,0,0
FLPR,15.2,ACCC_DL_START,150,HD,150,0,150,0,0
CHAR,1.1.0,ACCC_APPS_HD_CANCEL,2,HD,2,0,2,0,0
SPRK,0.6.32,ACCC_DL_START,1,HD,1,1,0,0,0
MUSE,2015.1.2,ACCC_APPS_DL_CANCEL,1,RIBS,1,0,1,0,0
PPRO,9.0,ACCC_DL_START,11,RIBS,11,0,11,0,0
LRCC,1.4,ACCC_INSTALL_END,374,HD,374,1,373,0,0
AEFT,12.0,ACCC_DL_START,370,RIBS,370,0,370,0,0
FLPR,16.0,ACCC_DL_START,1,HD,1,0,1,0,0
PHSP,15.0,ACCC_APPS_DL_CANCEL,274,RIBS,274,0,274,0,0
AICY,14.0,ACCC_DL_START,1188,HD,1188,35,1163,0,0
PPRO,7.0,ACCC_APPS_DL_CANCEL,97,RIBS,97,0,97,0,0
LRCC,1.3,ACCC_APPS_HD_CANCEL,13,HD,13,0,13,0,0
ILST,20.0.0,ACCC_ERROR,21,HD,21,0,21,0,0
PHSP,18.1.1,ACCC_INSTALL_END,55,HD,55,0,55,0,0
AUDT,10.1.2,ACCC_ERROR,9,HD,9,0,9,0,0
APRO,19.0,ACCC_APPS_DL_CANCEL,8846,APP,8846,0,8846,0,0
ILST,22.0.0,ACCC_ERROR,83,HD,83,0,83,0,0
GSDK,1.4,ACCC_APPS_DL_CANCEL,2,PKG,2,0,2,0,0
PHSP,19.1.3,ACCC_ERROR,17,HD,17,0,17,0,0
PRLD,2.0,ACCC_DL_START,11,RIBS,11,0,11,0,0
PHSP,19.1,ACCC_DL_START,193,HD,193,0,193,0,0
APRO,18.0,ACCC_INSTALL_END,62548,PKG,62548,0,62548,0,0
DRWV,18.1,ACCC_ERROR,16,HD,16,0,16,0,0
CHAR,1.5,ACCC_APPS_HD_CANCEL,1844,HD,1844,2,1842,0,0
FLPR,13.0,ACCC_INSTALL_END,35,RIBS,35,0,35,0,0
PHSP,19.1.1,ACCC_APPS_HD_CANCEL,10,HD,10,0,10,0,0
LRCC,1.3,ACCC_DL_START,92,HD,92,1,91,0,0
AUDT,6.0,ACCC_APPS_DL_CANCEL,11,RIBS,11,0,11,0,0
MUSE,2018.1.0,ACCC_ERROR,141,HD,141,0,141,0,0
AME,11.1.4,ACCC_INSTALL_END,6681,HD,6681,7,6674,0,0
LTRM,7.2,ACCC_APPS_HD_CANCEL,12,HD,12,0,12,0,0
LRCC,1.5,ACCC_APPS_HD_CANCEL,25045,HD,25045,2,25043,0,0
SPRK,13.0.10,ACCC_INSTALL_END,18,HD,18,7,11,0,0
LTRM,7.4,ACCC_INSTALL_END,1159,HD,1159,2,1158,0,0
ILST,19.2.1,ACCC_INSTALL_END,849,HD,849,0,849,0,0
SPRK,0.6.16,ACCC_DL_START,1,HD,1,0,1,0,0
SPRK,0.6.34,ACCC_APPS_HD_CANCEL,3,HD,3,0,3,0,0
FLPR,15.1,ACCC_APPS_INSTALL_CANCEL,6,RIBS,6,0,6,0,0
AEFT,13.5,ACCC_APPS_INSTALL_CANCEL,13,RIBS,13,0,13,0,0
ADUMMY,2.0,ACCC_DL_START,1,HD,1,0,1,0,0
PHSP,13.0,ACCC_APPS_DL_CANCEL,174,RIBS,174,0,174,0,0
AME,11.1.2,ACCC_DL_START,1,HD,1,0,1,0,0
ILST,22.0.1,ACCC_APPS_HD_CANCEL,104,HD,104,0,104,0,0
SPRK,9.1.12,ACCC_INSTALL_END,16,HD,16,0,16,0,0
SPRK,7.0.12,ACCC_APPS_HD_CANCEL,1,HD,1,0,1,0,0
AEFT,14.1.0,ACCC_DL_START,2,HD,2,0,2,0,0
PHSP,19.1.2,ACCC_ERROR,19,HD,19,0,19,0,0
FLPR,15.2.1,ACCC_DL_START,211,HD,211,1,210,0,0
LTRM,5.7.1,ACCC_INSTALL_END,6581,MSI,6581,0,6581,0,0
DRWV,15.0.0,ACCC_DL_START,118,RIBS,118,0,118,0,0
RFLW,2.0,ACCC_INSTALL_END,118,PKG,118,0,118,0,0
AEFT,15.1.2,ACCC_DL_START,424215,HD,424215,55,424179,0,0
PRLD,8.0,ACCC_APPS_HD_CANCEL,21,HD,21,2,19,0,0
DRWV,13.0.0,ACCC_ERROR,3,RIBS,3,0,3,0,0
APRO,19.0,ACCC_ERROR,17075,APP,17075,0,17075,0,0
AUDT,11.1,ACCC_DL_START,57256,HD,57256,7,57252,0,0
EDGE,6.0,ACCC_APPS_INSTALL_CANCEL,3,RIBS,3,0,3,0,0
SPRK,0.6.20,ACCC_APPS_HD_CANCEL,1,HD,1,0,1,0,0
AME,12.0.0,ACCC_ERROR,6,HD,6,0,6,0,0
ILST,17.0,ACCC_ERROR,29,RIBS,29,0,29,0,0
AICY,13.1,ACCC_APPS_HD_CANCEL,1199,HD,1199,0,1199,0,0
DRWV,18.0,ACCC_INSTALL_END,74,HD,74,0,74,0,0
LTRM,5.7.1,ACCC_APPS_DL_CANCEL,48,PKG,48,0,48,0,0
AME,12.1.1,ACCC_INSTALL_END,426,HD,426,0,426,0,0
LTRM,7.3.1,ACCC_ERROR,24,HD,24,0,24,0,0
PHSP,18.1.6,ACCC_APPS_HD_CANCEL,2821,HD,2821,1,2820,0,0
PHSP,18.0.1,ACCC_DL_START,2930,HD,2930,0,2930,0,0
LRCC,1.3,ACCC_ERROR,14,HD,14,0,14,0,0
SPRK,10.0.12,ACCC_ERROR,2,HD,2,0,2,0,0
AUDT,11.1.1,ACCC_DL_START,122526,HD,122526,34,122507,0,0
FLPR,16.0,ACCC_INSTALL_END,2,HD,2,0,2,0,0
ILST,20.0.0,ACCC_APPS_HD_CANCEL,170,HD,170,0,170,0,0
SPGD,9.0,ACCC_APPS_DL_CANCEL,8,RIBS,8,0,8,0,0
SPRK,12.0.12,ACCC_DL_START,344297,HD,344297,33,344281,0,0
IDSN,11.0,ACCC_INSTALL_END,2257,RIBS,2257,0,2257,0,0
LTRM,7.1,ACCC_INSTALL_END,92,HD,92,0,92,0,0
SPRK,5.0.12,ACCC_ERROR,2,HD,2,0,2,0,0
IDSN,13.0.1,ACCC_APPS_HD_CANCEL,88,HD,88,0,88,0,0
ILST,20.1.0,ACCC_INSTALL_END,2041,HD,2041,0,2041,0,0
AEFT,15.1,ACCC_APPS_HD_CANCEL,32,HD,32,0,32,0,0
ASCT,1.1.3,ACCC_DL_START,113,MSI,113,0,113,0,0
DRWV,13.0.0,ACCC_INSTALL_END,57,RIBS,57,0,57,0,0
LRCC,1.2,ACCC_ERROR,3,HD,3,0,3,0,0
LTRM,8.0,ACCC_INSTALL_END,844,HD,844,25,831,0,0
AUDT,6.0,ACCC_DL_START,215,RIBS,215,0,215,0,0
ILST,16.0,ACCC_APPS_DL_CANCEL,123,RIBS,123,0,123,0,0
ILST,19.1.1,ACCC_ERROR,1,HD,1,0,1,0,0
ESHR,1.1.1,ACCC_ERROR,874,HD,874,0,874,0,0
MUSE,2017.1.0,ACCC_INSTALL_END,83,HD,83,0,83,0,0
ILST,22.1,ACCC_APPS_HD_CANCEL,31984,HD,31984,3,31981,0,0
ILST,21.0.2,ACCC_INSTALL_END,177,HD,177,0,177,0,0
AICY,8.0,ACCC_APPS_DL_CANCEL,1,RIBS,1,0,1,0,0
APRO,10.1.1,ACCC_DL_START,1,RIBS,1,0,1,0,0
FUSE,2017.1,ACCC_APPS_INSTALL_CANCEL,216,RIBS,216,0,216,0,0
PHSP,15.0,ACCC_INSTALL_END,1964,RIBS,1964,0,1964,0,0
SPRK,13.0.10,ACCC_APPS_HD_CANCEL,6,HD,6,4,2,0,0
PHSP,19.0,ACCC_INSTALL_END,1238,HD,1238,0,1238,0,0
PHSP,18.1.5,ACCC_ERROR,18,HD,18,0,18,0,0
MUSE,2018.1.0,ACCC_INSTALL_END,14426,HD,14426,2,14424,0,0
DRWV,19.0,ACCC_INSTALL_END,4286,HD,4286,52,4248,0,0
FLPR,19.0,ACCC_APPS_HD_CANCEL,41,HD,41,5,36,0,0
DRWV,16.0.0,ACCC_APPS_DL_CANCEL,19,RIBS,19,0,19,0,0
SPRK,13.0.12,ACCC_INSTALL_END,3446,HD,3446,1,3445,0,0
MUSE,7.4,ACCC_DL_START,148,RIBS,148,0,148,0,0
CHAR,2.0,ACCC_DL_START,1456,HD,1456,30,1429,0,0
LTRM,5.7.1,ACCC_APPS_INSTALL_CANCEL,185,MSI,185,0,185,0,0
SPRK,0.6.32,ACCC_APPS_HD_CANCEL,1,HD,1,1,0,0,0
PPRO,12.1.1,ACCC_INSTALL_END,2359,HD,2359,2,2357,0,0
PPRO,7.0,ACCC_INSTALL_END,749,RIBS,749,0,749,0,0
SPGD,9.0,ACCC_ERROR,19,RIBS,19,0,19,0,0
ANMLBETA,1.0.6,ACCC_DL_START,2681,HD,2681,2,2679,0,0
AUDT,6.0,ACCC_APPS_INSTALL_CANCEL,16,RIBS,16,0,16,0,0
PHSP,19.1.1,ACCC_DL_START,122,HD,122,0,122,0,0
GSDK,1.2,ACCC_INSTALL_END,1,MSI,1,0,1,0,0
AUDT,12.0,ACCC_INSTALL_END,3747,HD,3747,24,3725,0,0
FLPR,18.0,ACCC_ERROR,4,HD,4,0,4,0,0
APRO,18.0,ACCC_APPS_INSTALL_CANCEL,348,PKG,348,0,348,0,0
FLPR,18.0,ACCC_DL_START,93,HD,93,0,93,0,0
SPRK,5.0.12,ACCC_INSTALL_END,44,HD,44,1,43,0,0
LTRM,7.3,ACCC_INSTALL_END,141,HD,141,0,141,0,0
PHSP,14.0,ACCC_APPS_DL_CANCEL,50,RIBS,50,0,50,0,0
AUDT,11.0.2,ACCC_APPS_HD_CANCEL,2,HD,2,0,2,0,0
PPRO,12.0.1,ACCC_APPS_HD_CANCEL,75,HD,75,0,75,0,0
PHSP,19.1.6,ACCC_ERROR,35837,HD,35837,2,35835,0,0
AUDT,11.0.2,ACCC_DL_START,96,HD,96,0,96,0,0
DRWV,17.0.1,ACCC_APPS_HD_CANCEL,12,HD,12,0,12,0,0
LRCC,1.1,ACCC_DL_START,29,HD,29,1,28,0,0
MUSE,2014.3.0,ACCC_DL_START,2,RIBS,2,0,2,0,0
MUSE,2015.2.0,ACCC_INSTALL_END,2,HD,2,0,2,0,0
EDGE,6.0,ACCC_DL_START,462,RIBS,462,0,462,0,0
ILST,19.0,ACCC_INSTALL_END,14,RIBS,14,0,14,0,0
PPRO,11.1.4,ACCC_DL_START,4339,HD,4339,3,4336,0,0
FLPR,15.0,ACCC_ERROR,2,RIBS,2,0,2,0,0
SPRK,0.6.8,ACCC_DL_START,3,HD,3,0,3,0,0
AEFT,15.1.1,ACCC_ERROR,80,HD,80,0,80,0,0
KBRG,6.0,ACCC_INSTALL_END,225,RIBS,225,0,225,0,0
APRO,15.0,ACCC_ERROR,1,PKG,1,0,1,0,0
CODE,1.0,ACCC_DL_START,18,MSI,18,0,18,0,0
ILST,22.0.1,ACCC_ERROR,93,HD,93,0,93,0,0
ILST,21.0.0,ACCC_INSTALL_END,94,HD,94,0,94,0,0
AME,12.1,ACCC_INSTALL_END,161,HD,161,0,161,0,0
SPRK,7.0.12,ACCC_ERROR,1,HD,1,0,1,0,0
IDSN,13.1,ACCC_ERROR,5672,HD,5672,0,5672,0,0
ANMLBETA,1.0.6,ACCC_INSTALL_END,2321,HD,2321,1,2320,0,0
MUSE,2015.2.1,ACCC_ERROR,2,HD,2,0,2,0,0
ESHR,2.0,ACCC_APPS_HD_CANCEL,13,HD,13,1,12,0,0
KBRG,6.0,ACCC_APPS_DL_CANCEL,8,RIBS,8,0,8,0,0
AICY,14.1,ACCC_INSTALL_END,9,HD,9,9,0,0,0
APRO,19.0,ACCC_APPS_INSTALL_CANCEL,575,PKG,575,0,575,0,0
AEFT,11.0,ACCC_APPS_DL_CANCEL,57,RIBS,57,0,57,0,0
GSDK,1.3,ACCC_APPS_INSTALL_CANCEL,2,PKG,2,0,2,0,0
AUDT,6.0,ACCC_INSTALL_END,167,RIBS,167,0,167,0,0
AICY,8.0,ACCC_APPS_INSTALL_CANCEL,1,RIBS,1,0,1,0,0
SPRK,0.6.14,ACCC_ERROR,3,HD,3,0,3,0,0
AUDT,11.0.2,ACCC_ERROR,6,HD,6,0,6,0,0
AICY,12.0.0,ACCC_APPS_HD_CANCEL,37,HD,37,0,37,0,0
IDSN,12.1.0,ACCC_DL_START,9997,HD,9997,3,9994,0,0
PHSP,15.0,ACCC_APPS_INSTALL_CANCEL,60,RIBS,60,0,60,0,0
FLPR,13.0,ACCC_ERROR,4,RIBS,4,0,4,0,0
LRCC,1.4,ACCC_DL_START,454,HD,454,2,452,0,0
AICY,13.1,ACCC_ERROR,676,HD,676,0,676,0,0
AEFT,15.0.1,ACCC_DL_START,568,HD,568,0,568,0,0
KBRG,6.0,ACCC_ERROR,8,RIBS,8,0,8,0,0
LTRM,5.7.1,ACCC_DL_START,8167,MSI,8167,0,8167,0,0
MUSE,2015.2.1,ACCC_APPS_HD_CANCEL,2,HD,2,0,2,0,0
EDGE,6.0,ACCC_INSTALL_END,440,RIBS,440,0,440,0,0
AICY,10.0,ACCC_ERROR,6,RIBS,6,0,6,0,0
APRO,18.0,ACCC_APPS_DL_CANCEL,1330,PKG,1330,0,1330,0,0
KETK,4.0,ACCC_DL_START,1529,RIBS,1529,0,1529,0,0
LTRM,7.3.1,ACCC_APPS_HD_CANCEL,28,HD,28,0,28,0,0
APRO,19.0,ACCC_APPS_INSTALL_CANCEL,7812,APP,7812,0,7812,0,0
FLPR,16.1,ACCC_INSTALL_END,5,HD,5,0,5,0,0
AICY,13.0.1,ACCC_INSTALL_END,82,HD,82,0,82,0,0
KBRG,8.0,ACCC_INSTALL_END,38,HD,38,0,38,0,0
LTRM,7.4,ACCC_ERROR,55,HD,55,0,55,0,0
SPRK,0.6.34,ACCC_INSTALL_END,29,HD,29,0,29,0,0
PHSP,13.0,ACCC_INSTALL_END,1702,RIBS,1702,0,1702,0,0
AEFT,13.5,ACCC_INSTALL_END,703,RIBS,703,0,703,0,0
FLPR,14.0,ACCC_INSTALL_END,81,RIBS,81,0,81,0,0
LRCC,2.0.1,ACCC_ERROR,17,HD,17,0,17,0,0
APRO,18.0,ACCC_ERROR,7541,APP,7541,0,7541,0,0
PPRO,11.1.4,ACCC_INSTALL_END,4127,HD,4127,3,4124,0,0
TAPI,1.0,ACCC_INSTALL_END,255,RIBS,255,0,255,0,0
PHSP,19.0.1,ACCC_ERROR,11,HD,11,0,11,0,0
ILST,18.0,ACCC_DL_START,810,RIBS,810,0,810,0,0
DRWV,13.0.0,ACCC_APPS_DL_CANCEL,6,RIBS,6,0,6,0,0
DRWV,17.0.1,ACCC_ERROR,5,HD,5,0,5,0,0
EDGE,6.0,ACCC_APPS_DL_CANCEL,5,RIBS,5,0,5,0,0
ILST,22.0.1,ACCC_INSTALL_END,1822,HD,1822,0,1822,0,0
LTRM,5.7.1,ACCC_DL_START,192,PKG,192,0,192,0,0
ESHR,1.0.1,ACCC_INSTALL_END,39,HD,39,0,39,0,0
SPRK,13.0.10,ACCC_DL_START,22,HD,22,9,14,0,0
FLPR,15.2.1,ACCC_ERROR,18,HD,18,0,18,0,0
PHSP,17.0.2,ACCC_DL_START,3193,HD,3193,0,3193,0,0
ILST,21.0.1,ACCC_DL_START,7,HD,7,0,7,0,0
AICY,13.0,ACCC_ERROR,1,HD,1,0,1,0,0
SPRK,0.6.14,ACCC_INSTALL_END,2,HD,2,0,2,0,0
PHSP,14.0,ACCC_DL_START,576,RIBS,576,0,576,0,0
GSDK,1.4,ACCC_DL_START,28,PKG,28,0,28,0,0
LRCC,1.1,ACCC_ERROR,2,HD,2,0,2,0,0
AME,11.0.2,ACCC_INSTALL_END,2,HD,2,0,2,0,0
FLPR,15.0,ACCC_DL_START,69,RIBS,69,0,69,0,0
PRLD,7.1,ACCC_ERROR,1,HD,1,0,1,0,0
PHSP,17.0.2,ACCC_INSTALL_END,2832,HD,2832,0,2832,0,0
ILST,21.0.1,ACCC_INSTALL_END,5,HD,5,0,5,0,0
LTRM,7.5,ACCC_DL_START,345361,HD,345361,16,345356,0,0
PPRO,12.1.1,ACCC_APPS_HD_CANCEL,223,HD,223,0,223,0,0
LTRM,7.2,ACCC_DL_START,151,HD,151,0,151,0,0
LRCC,1.0.1,ACCC_DL_START,15,HD,15,0,15,0,0
AME,12.0.1,ACCC_APPS_HD_CANCEL,14,HD,14,0,14,0,0
ILST,19.1.0,ACCC_DL_START,10,HD,10,0,10,0,0
AICY,12.0.0,ACCC_INSTALL_END,613,HD,613,0,613,0,0
FLPR,18.0.2,ACCC_DL_START,96022,HD,96022,20,96012,0,0
IDSN,8.0,ACCC_INSTALL_END,963,RIBS,963,0,963,0,0
LRCC,1.1,ACCC_INSTALL_END,22,HD,22,1,21,0,0
PRLD,7.1,ACCC_INSTALL_END,21,HD,21,0,21,0,0
KETK,4.0,ACCC_ERROR,37,RIBS,37,0,37,0,0
CHAR,1.1.0,ACCC_INSTALL_END,27,HD,27,0,27,0,0
PHSP,19.1.2,ACCC_APPS_HD_CANCEL,13,HD,13,0,13,0,0
SPGD,9.0,ACCC_APPS_INSTALL_CANCEL,1,RIBS,1,0,1,0,0
AME,12.0.0,ACCC_APPS_HD_CANCEL,23,HD,23,0,23,0,0
PHSP,19.0,ACCC_DL_START,1492,HD,1492,0,1492,0,0
ILST,18.0,ACCC_APPS_DL_CANCEL,68,RIBS,68,0,68,0,0
SPRK,0.6.16,ACCC_INSTALL_END,1,HD,1,0,1,0,0
AICY,13.0,ACCC_INSTALL_END,16,HD,16,0,16,0,0
AME,12.1.1,ACCC_DL_START,492,HD,492,0,492,0,0
ILST,23.0,ACCC_APPS_HD_CANCEL,352,HD,352,8,344,0,0
AICY,14.0,ACCC_ERROR,17,HD,17,1,16,0,0
RFLW,1.0,ACCC_DL_START,1,MSI,1,0,1,0,0
LTRM,7.5,ACCC_ERROR,5109,HD,5109,0,5109,0,0
DRWV,17.5.0,ACCC_INSTALL_END,1390,HD,1390,7,1383,0,0
LTRM,7.2,ACCC_ERROR,5,HD,5,0,5,0,0
LRCC,1.0.1,ACCC_ERROR,1,HD,1,0,1,0,0
FLPR,16.5.1,ACCC_ERROR,53,HD,53,0,53,0,0
AEFT,16.0,ACCC_APPS_HD_CANCEL,177,HD,177,3,174,0,0
SPRK,12.0.12,ACCC_INSTALL_END,328484,HD,328484,33,328468,0,0
MUSE,2017.0.1,ACCC_DL_START,5,HD,5,0,5,0,0
AICY,8.0,ACCC_ERROR,7,RIBS,7,0,7,0,0
FUSE,2015.1,ACCC_INSTALL_END,33,RIBS,33,0,33,0,0
LTRM,7.0.1,ACCC_ERROR,4,HD,4,0,4,0,0
PPRO,13.0,ACCC_DL_START,13104,HD,13104,40,13068,0,0
PPRO,6.0,ACCC_DL_START,15624,RIBS,15624,0,15624,0,0
AICY,9.0,ACCC_APPS_DL_CANCEL,1,RIBS,1,0,1,0,0
MUSE,2017.0.2,ACCC_INSTALL_END,1,HD,1,0,1,0,0
PHSP,18.1.6,ACCC_DL_START,31051,HD,31051,4,31047,0,0
MUSE,7.4,ACCC_APPS_DL_CANCEL,5,RIBS,5,0,5,0,0
LRCC,1.5,ACCC_DL_START,346882,HD,346882,19,346873,0,1
SPRK,6.0.12,ACCC_DL_START,1,HD,1,0,1,0,0
LTRM,5.7.1,ACCC_ERROR,956,MSI,956,0,956,0,0
LTRM,7.5,ACCC_INSTALL_END,327999,HD,327999,15,327995,0,0
LTRM,7.2,ACCC_INSTALL_END,140,HD,140,0,140,0,0
LRCC,1.0.1,ACCC_INSTALL_END,13,HD,13,0,13,0,0
LTRM,7.4,ACCC_DL_START,1295,HD,1295,2,1294,0,0
AUDT,11.0.0,ACCC_ERROR,2,HD,2,0,2,0,0
DRWV,17.0.0,ACCC_APPS_HD_CANCEL,2,HD,2,0,2,0,0
ILST,21.1.0,ACCC_ERROR,318,HD,318,0,318,0,0
APRO,11.0.0,ACCC_APPS_INSTALL_CANCEL,2,RIBS,2,0,2,0,0
PHSP,18.0.1,ACCC_ERROR,353,HD,353,0,353,0,0
ACR,10.5,ACCC_APPS_HD_CANCEL,2,HD,2,0,2,0,0
AME,13.0,ACCC_DL_START,14839,HD,14839,69,14775,0,0
PHSP,15.0,ACCC_ERROR,298,RIBS,298,0,298,0,0
GSDK,1.3,ACCC_INSTALL_END,8,PKG,8,0,8,0,0
APRO,18.0,ACCC_APPS_INSTALL_CANCEL,3482,APP,3482,0,3482,0,0
KETK,4.0,ACCC_APPS_DL_CANCEL,29,RIBS,29,0,29,0,0
IDSN,11.0,ACCC_APPS_INSTALL_CANCEL,19,RIBS,19,0,19,0,0
DRWV,18.1,ACCC_APPS_HD_CANCEL,14,HD,14,0,14,0,0
PHSP,14.0,ACCC_APPS_INSTALL_CANCEL,14,RIBS,14,0,14,0,0
PHSP,19.1.6,ACCC_APPS_HD_CANCEL,101830,HD,101830,8,101822,0,0
PPRO,8.0,ACCC_DL_START,3,RIBS,3,0,3,0,0
DRWV,12.0.0,ACCC_DL_START,341,RIBS,341,0,341,0,0
AME,12.1.2,ACCC_APPS_HD_CANCEL,98955,HD,98955,13,98943,0,0
AEFT,14.1.0,ACCC_INSTALL_END,2,HD,2,0,2,0,0
AICY,11.0,ACCC_APPS_INSTALL_CANCEL,1,RIBS,1,0,1,0,0
FLPR,16.5,ACCC_DL_START,10,HD,10,0,10,0,0
GSDK,1.3,ACCC_ERROR,1,MSI,1,0,1,0,0
FWKS,12.0.0,ACCC_ERROR,40,RIBS,40,0,40,0,0
ILST,19.0.1,ACCC_INSTALL_END,3,HD,3,0,3,0,0
AEFT,16.0,ACCC_INSTALL_END,7166,HD,7166,44,7126,0,0
ASCT,1.1.3,ACCC_APPS_DL_CANCEL,1,MSI,1,0,1,0,0
FLPR,16.5.1,ACCC_APPS_HD_CANCEL,125,HD,125,1,124,0,0
IDSN,9.0,ACCC_DL_START,266,RIBS,266,0,266,0,0
KBRG,8.1,ACCC_DL_START,334111,HD,334111,18343,305964,12250,0
RUSH,1.0,ACCC_ERROR,45,HD,45,0,45,0,0
AICY,11.0,ACCC_DL_START,261,RIBS,261,0,261,0,0
LRCC,2.0,ACCC_ERROR,4,HD,4,0,4,0,0
DRWV,17.1.0,ACCC_DL_START,1,HD,1,0,1,0,0
IDSN,14.1,ACCC_INSTALL_END,27,HD,27,20,7,0,0
FWKS,12.0.0,ACCC_DL_START,1091,RIBS,1091,0,1091,0,0
CHAR,2.0,ACCC_APPS_HD_CANCEL,24,HD,24,1,23,0,0
MUSE,2017.1.0,ACCC_DL_START,91,HD,91,0,91,0,0
FLPR,12.0,ACCC_APPS_DL_CANCEL,236,RIBS,236,0,236,0,0
FLPR,16.0.1,ACCC_INSTALL_END,3,HD,3,0,3,0,0
SPRK,11.0.22,ACCC_INSTALL_END,442,HD,442,1,441,0,0
AUDT,12.0,ACCC_ERROR,32,HD,32,0,32,0,0
IDSN,12.0.0,ACCC_INSTALL_END,213,HD,213,0,213,0,0
ESHR,1.1,ACCC_APPS_HD_CANCEL,3,HD,3,0,3,0,0
SHDW,1.5,ACCC_DL_START,129,MSI,129,0,129,0,0
PHSP,18.0.1,ACCC_INSTALL_END,2319,HD,2319,0,2319,0,0
AEFT,13.0,ACCC_INSTALL_END,574,RIBS,574,0,574,0,0
DRWV,15.0.0,ACCC_INSTALL_END,104,RIBS,104,0,104,0,0
PRLD,1.0,ACCC_APPS_DL_CANCEL,103,RIBS,103,0,103,0,0
PPRO,12.0.1,ACCC_DL_START,1041,HD,1041,0,1041,0,0
PHSP,18.0,ACCC_INSTALL_END,2403,HD,2403,0,2403,0,0
FLPR,13.0,ACCC_APPS_DL_CANCEL,4,RIBS,4,0,4,0,0
IDSN,13.0.1,ACCC_INSTALL_END,1702,HD,1702,1,1701,0,0
LTRM,7.0,ACCC_ERROR,10,HD,10,0,10,0,0
ILST,19.0,ACCC_APPS_DL_CANCEL,2,RIBS,2,0,2,0,0
LTRM,7.3,ACCC_ERROR,9,HD,9,0,9,0,0
FLPR,16.1,ACCC_DL_START,5,HD,5,0,5,0,0
AUDT,11.0.1,ACCC_ERROR,3,HD,3,0,3,0,0
LTRM,6.0,ACCC_ERROR,697,RIBS,697,0,697,0,0
AEFT,15.0.0,ACCC_INSTALL_END,598,HD,598,0,598,0,0
SPRK,13.0.12,ACCC_APPS_HD_CANCEL,78,HD,78,0,78,0,0
PHSP,19.1.5,ACCC_APPS_HD_CANCEL,286,HD,286,0,286,0,0
LTRM,7.0.1,ACCC_DL_START,91,HD,91,0,91,0,0
SPGD,6.0,ACCC_INSTALL_END,1,RIBS,1,0,1,0,0
KEMN,7.0,ACCC_APPS_INSTALL_CANCEL,27,RIBS,27,0,27,0,0
FUSE,2017.1,ACCC_DL_START,43841,RIBS,43841,0,43841,0,0
PHSP,19.0,ACCC_ERROR,72,HD,72,0,72,0,0
LTRM,5.7.1,ACCC_ERROR,14,PKG,14,0,14,0,0
LRCC,2.0,ACCC_INSTALL_END,702,HD,702,29,679,0,0
MUSE,2015.0.2,ACCC_ERROR,3,RIBS,3,0,3,0,0
ILST,22.0.1,ACCC_DL_START,1984,HD,1984,0,1984,0,0
IDSN,14.1,ACCC_APPS_HD_CANCEL,2,HD,2,2,0,0,0
KBRG,6.3.1,ACCC_INSTALL_END,1060,HD,1060,59,977,32,0
SPRK,0.5.0,ACCC_DL_START,5,HD,5,0,5,0,0
KBRG,6.3,ACCC_INSTALL_END,15,HD,15,0,14,1,0
FLPR,12.0,ACCC_APPS_INSTALL_CANCEL,138,RIBS,138,0,138,0,0
AICY,8.0,ACCC_INSTALL_END,35,RIBS,35,0,35,0,0
PPRO,13.0,ACCC_APPS_HD_CANCEL,337,HD,337,5,332,0,0
ESHR,1.1,ACCC_INSTALL_END,30,HD,30,0,30,0,0
SPRK,11.0.22,ACCC_APPS_HD_CANCEL,119,HD,119,0,119,0,0
FUSE,2017.1,ACCC_INSTALL_END,35786,RIBS,35786,0,35786,0,0
IDSN,13.1,ACCC_APPS_HD_CANCEL,16583,HD,16583,1,16582,0,0
RUSH,0.1.0,ACCC_INSTALL_END,20,HD,20,6,14,0,0
LTRM,7.3,ACCC_APPS_HD_CANCEL,14,HD,14,0,14,0,0
TAPI,1.0,ACCC_APPS_INSTALL_CANCEL,20,RIBS,20,0,20,0,0
PPRO,12.1.1,ACCC_ERROR,149,HD,149,0,149,0,0
AME,12.0.1,ACCC_ERROR,9,HD,9,0,9,0,0
DRWV,17.0.0,ACCC_DL_START,7,HD,7,0,7,0,0
FWKS,12.0.0,ACCC_APPS_INSTALL_CANCEL,57,RIBS,57,0,57,0,0
ILST,21.0.0,ACCC_ERROR,4,HD,4,0,4,0,0
AEFT,14.2.2,ACCC_DL_START,3252,HD,3252,2,3250,0,0
KETK,4.0,ACCC_APPS_INSTALL_CANCEL,39,RIBS,39,0,39,0,0
APRO,19.0,ACCC_DL_START,102621,PKG,102621,0,102621,0,0
PHSP,20.0,ACCC_ERROR,491,HD,491,0,491,0,0
ESHR,1.0,ACCC_INSTALL_END,47,HD,47,1,46,0,0
AME,12.1.1,ACCC_ERROR,24,HD,24,0,24,0,0
PHSP,18.0.1,ACCC_APPS_HD_CANCEL,354,HD,354,0,354,0,0
LRCC,2.0.1,ACCC_DL_START,706,HD,706,0,706,0,0
PRLD,7.0.1,ACCC_ERROR,1,HD,1,0,1,0,0
AEFT,14.2.2,ACCC_APPS_HD_CANCEL,174,HD,174,0,174,0,0
ILST,21.0.2,ACCC_APPS_HD_CANCEL,22,HD,22,0,22,0,0
MUSE,2014.3.2,ACCC_INSTALL_END,3,RIBS,3,0,3,0,0
ESHR,1.0.1,ACCC_APPS_HD_CANCEL,1,HD,1,0,1,0,0
AEFT,16.0,ACCC_ERROR,90,HD,90,1,89,0,0
FLPR,16.0.1,ACCC_APPS_HD_CANCEL,1,HD,1,0,1,0,0
DRWV,16.0.0,ACCC_INSTALL_END,408,RIBS,408,0,408,0,0
AME,12.1,ACCC_DL_START,191,HD,191,0,191,0,0
ILST,21.0.0,ACCC_DL_START,114,HD,114,0,114,0,0
ACR,10.5,ACCC_DL_START,5,HD,5,0,5,0,0
MUSE,2018.0,ACCC_DL_START,52,HD,52,0,52,0,0
PRLD,7.0.0,ACCC_INSTALL_END,4,HD,4,0,4,0,0
PHSP,18.0,ACCC_APPS_HD_CANCEL,835,HD,835,0,835,0,0
IDSN,11.0,ACCC_ERROR,155,RIBS,155,0,155,0,0
FLPR,14.0,ACCC_DL_START,100,RIBS,100,0,100,0,0
APRO,18.0,ACCC_APPS_DL_CANCEL,5211,APP,5211,0,5211,0,0
IDSN,13.1,ACCC_DL_START,450804,HD,450804,33,450785,0,0
KBRG,8.1,ACCC_ERROR,7266,HD,7266,463,6660,230,0
AUDT,11.1,ACCC_APPS_HD_CANCEL,1006,HD,1006,0,1006,0,0
KEMN,7.0,ACCC_ERROR,194,RIBS,194,0,194,0,0
PHSP,18.1.5,ACCC_INSTALL_END,156,HD,156,0,156,0,0
PHSP,19.1.2,ACCC_INSTALL_END,145,HD,145,0,145,0,0
KETK,4.0,ACCC_INSTALL_END,1429,RIBS,1429,0,1429,0,0
ILST,21.1.0,ACCC_APPS_HD_CANCEL,933,HD,933,0,933,0,0
PHSP,18.1.1,ACCC_APPS_HD_CANCEL,20,HD,20,0,20,0,0
PHSP,19.1.4,ACCC_DL_START,845,HD,845,0,845,0,0
AME,12.0.0,ACCC_INSTALL_END,320,HD,320,0,320,0,0
SHDW,1.5,ACCC_INSTALL_END,127,MSI,127,0,127,0,0
LRCC,2.0,ACCC_APPS_HD_CANCEL,57,HD,57,4,53,0,0
EDGE,5.0,ACCC_DL_START,23,RIBS,23,0,23,0,0
EDGE,1.5,ACCC_DL_START,4,RIBS,4,0,4,0,0
KBRG,8.1,ACCC_INSTALL_END,306278,HD,306278,16792,280220,11169,0
KEMN,7.0,ACCC_DL_START,1795,RIBS,1795,0,1795,0,0
PHSP,19.1.4,ACCC_ERROR,100,HD,100,0,100,0,0
GSDK,1.4,ACCC_INSTALL_END,96,MSI,96,0,96,0,0
KBRG,6.3.1,ACCC_ERROR,74,HD,74,2,69,4,0
TAPI,1.0,ACCC_ERROR,6,RIBS,6,0,6,0,0
LTRM,7.0,ACCC_INSTALL_END,165,HD,165,1,164,0,0
AME,8.0,ACCC_DL_START,1,RIBS,1,0,1,0,0
SPGD,8.0,ACCC_DL_START,10,RIBS,10,0,10,0,0
PHSP,19.1.4,ACCC_APPS_HD_CANCEL,70,HD,70,0,70,0,0
APRO,15.0,ACCC_INSTALL_END,3,PKG,3,0,3,0,0
ESHR,1.0.1,ACCC_DL_START,41,HD,41,0,41,0,0
FLPR,15.0,ACCC_APPS_DL_CANCEL,10,RIBS,10,0,10,0,0
AUDT,11.0.1,ACCC_APPS_HD_CANCEL,1,HD,1,0,1,0,0
EDGE,3.0,ACCC_DL_START,5,RIBS,5,0,5,0,0
FUSE,2015.1,ACCC_ERROR,8,RIBS,8,0,8,0,0
AME,11.1.4,ACCC_ERROR,105,HD,105,0,105,0,0
MUSE,2018.1.0,ACCC_APPS_HD_CANCEL,372,HD,372,1,371,0,0
SHDW,1.5,ACCC_ERROR,4,MSI,4,0,4,0,0
AICY,10.0,ACCC_INSTALL_END,77,RIBS,77,0,77,0,0
APRO,19.0,ACCC_INSTALL_END,218459,APP,218459,0,218459,0,0
GSDK,1.4,ACCC_INSTALL_END,24,PKG,24,0,24,0,0
AEFT,15.0.1,ACCC_ERROR,16,HD,16,0,16,0,0
AME,9.0,ACCC_DL_START,3,RIBS,3,0,3,0,0
AUDT,10.1.2,ACCC_INSTALL_END,395,HD,395,4,391,0,0
FLPR,18.0,ACCC_APPS_HD_CANCEL,12,HD,12,0,12,0,0
AEFT,15.1.1,ACCC_INSTALL_END,1416,HD,1416,1,1415,0,0
ILST,19.0,ACCC_APPS_INSTALL_CANCEL,1,RIBS,1,0,1,0,0
LTRM,7.5,ACCC_APPS_HD_CANCEL,19143,HD,19143,1,19142,0,0
DRWV,12.0.0,ACCC_APPS_DL_CANCEL,7,RIBS,7,0,7,0,0
LRCC,1.2,ACCC_APPS_HD_CANCEL,8,HD,8,0,8,0,0
PRLD,7.1.1,ACCC_ERROR,569,HD,569,0,569,0,0
SPRK,13.0.12,ACCC_ERROR,25,HD,25,0,25,0,0
PHSP,19.1.5,ACCC_ERROR,229,HD,229,0,229,0,0
ILST,19.2.0,ACCC_DL_START,8,HD,8,0,8,0,0
ILST,22.1,ACCC_INSTALL_END,809691,HD,809691,39,809664,0,0
MUSE,2014.3.1,ACCC_DL_START,1,RIBS,1,0,1,0,0
RFLW,2.0,ACCC_INSTALL_END,20,MSI,20,0,20,0,0
DRWV,19.0,ACCC_ERROR,51,HD,51,0,51,0,0
SPRK,1.0.12,ACCC_INSTALL_END,13,HD,13,0,13,0,0
ESHR,1.0.1,ACCC_ERROR,3,HD,3,0,3,0,0
MUSE,2014.3.0,ACCC_INSTALL_END,2,RIBS,2,0,2,0,0
LTRM,5.7.1,ACCC_APPS_INSTALL_CANCEL,5,PKG,5,0,5,0,0
AICY,9.0,ACCC_INSTALL_END,11,RIBS,11,0,11,0,0
IDSN,10.0,ACCC_APPS_DL_CANCEL,34,RIBS,34,0,34,0,0
PHSP,19.1,ACCC_ERROR,11,HD,11,0,11,0,0
IDSN,12.0.0,ACCC_DL_START,236,HD,236,0,236,0,0
PHSP,17.0,ACCC_APPS_HD_CANCEL,109,HD,109,0,109,0,0
ILST,21.1.0,ACCC_DL_START,16531,HD,16531,2,16529,0,0
AUDT,11.1.1,ACCC_APPS_HD_CANCEL,3890,HD,3890,1,3889,0,0
IDSN,11.0,ACCC_APPS_DL_CANCEL,88,RIBS,88,0,88,0,0
PHSP,18.1,ACCC_APPS_HD_CANCEL,16,HD,16,0,16,0,0
FLPR,16.0.1,ACCC_DL_START,4,HD,4,0,4,0,0
PRLD,1.0,ACCC_APPS_INSTALL_CANCEL,84,RIBS,84,0,84,0,0
ILST,19.1.0,ACCC_INSTALL_END,7,HD,7,0,7,0,0
ILST,19.0.1,ACCC_APPS_HD_CANCEL,1,HD,1,0,1,0,0
SPRK,5.0.12,ACCC_DL_START,47,HD,47,3,44,0,0
PHSP,17.0,ACCC_DL_START,713,HD,713,0,713,0,0
PPRO,13.0,ACCC_INSTALL_END,11096,HD,11096,39,11061,0,0
DRWV,16.0.0,ACCC_ERROR,23,RIBS,23,0,23,0,0
ILST,22.0.0,ACCC_INSTALL_END,680,HD,680,0,680,0,0
IDSN,9.0,ACCC_APPS_DL_CANCEL,20,RIBS,20,0,20,0,0
MUSE,2018.0,ACCC_APPS_HD_CANCEL,2,HD,2,0,2,0,0
PRLD,8.0,ACCC_INSTALL_END,892,HD,892,16,878,0,0
PPRO,12.0.0,ACCC_INSTALL_END,1085,HD,1085,0,1085,0,0
AME,12.1.1,ACCC_APPS_HD_CANCEL,41,HD,41,0,41,0,0
FLPR,15.2,ACCC_INSTALL_END,117,HD,117,0,117,0,0
PRLD,8.0,ACCC_ERROR,11,HD,11,0,11,0,0
AUDT,11.1,ACCC_INSTALL_END,56324,HD,56324,7,56320,0,0
ESHR,1.0,ACCC_ERROR,1,HD,1,0,1,0,0
CODE,1.0,ACCC_DL_START,144,PKG,144,0,144,0,0
ILST,21.0.2,ACCC_ERROR,5,HD,5,0,5,0,0
SPRK,4.0.12,ACCC_INSTALL_END,4,HD,4,0,4,0,0
SPGD,6.0,ACCC_DL_START,1,RIBS,1,0,1,0,0
AICY,11.0,ACCC_ERROR,24,RIBS,24,0,24,0,0
IDSN,9.0,ACCC_ERROR,18,RIBS,18,0,18,0,0
PRLD,2.0,ACCC_INSTALL_END,10,RIBS,10,0,10,0,0
FLPR,16.5.1,ACCC_INSTALL_END,1186,HD,1186,2,1184,0,0
AUDT,5.0,ACCC_APPS_INSTALL_CANCEL,58,RIBS,58,0,58,0,0
MUSE,2014.2.1,ACCC_DL_START,1,MSI,1,0,1,0,0
PPRO,6.0,ACCC_INSTALL_END,12649,RIBS,12649,0,12649,0,0
KBRG,8.0,ACCC_DL_START,40,HD,40,0,40,0,0
AICY,13.0.1,ACCC_DL_START,89,HD,89,0,89,0,0
AEFT,11.0,ACCC_APPS_INSTALL_CANCEL,73,RIBS,73,0,73,0,0
PHSP,19.0.1,ACCC_INSTALL_END,156,HD,156,0,156,0,0
SPRK,13.0.12,ACCC_DL_START,3655,HD,3655,1,3654,0,0
PHSP,19.1.5,ACCC_DL_START,3064,HD,3064,1,3063,0,0
ILST,23.0,ACCC_INSTALL_END,23698,HD,23698,71,23639,0,0
LTRM,7.4,ACCC_APPS_HD_CANCEL,96,HD,96,0,96,0,0
CODE,1.0,ACCC_INSTALL_END,18,MSI,18,0,18,0,0
AEFT,14.2.2,ACCC_INSTALL_END,3077,HD,3077,2,3075,0,0
PHSP,19.1.3,ACCC_INSTALL_END,304,HD,304,0,304,0,0
AUDT,11.0.0,ACCC_INSTALL_END,42,HD,42,0,42,0,0
AEFT,15.1.1,ACCC_APPS_HD_CANCEL,124,HD,124,0,124,0,0
LTRM,7.3.1,ACCC_DL_START,262,HD,262,0,262,0,0
ASCT,1.1.3,ACCC_DL_START,51,PKG,51,0,51,0,0
KBRG,7.0,ACCC_APPS_HD_CANCEL,436,HD,436,18,399,20,0
FLPR,19.0,ACCC_DL_START,2362,HD,2362,33,2341,0,0
FLPR,15.1,ACCC_ERROR,11,RIBS,11,0,11,0,0
AICY,13.0,ACCC_APPS_HD_CANCEL,1,HD,1,0,1,0,0
PRLD,7.0.1,ACCC_DL_START,10,HD,10,0,10,0,0
AEFT,15.1.2,ACCC_INSTALL_END,397977,HD,397977,51,397945,0,0
KBRG,9.0,ACCC_INSTALL_END,10942,HD,10942,146,10633,198,0
IDSN,8.0,ACCC_DL_START,1111,RIBS,1111,0,1111,0,0
MUSE,2017.0.1,ACCC_INSTALL_END,4,HD,4,0,4,0,0
PRLD,1.0,ACCC_DL_START,689,RIBS,689,0,689,0,0
IDSN,14.1,ACCC_DL_START,29,HD,29,22,7,0,0
AEFT,13.0,ACCC_DL_START,614,RIBS,614,0,614,0,0
ILST,20.0.0,ACCC_DL_START,571,HD,571,0,571,0,0
APRO,17.0,ACCC_DL_START,2,APP,2,0,2,0,0
CHAR,1.1.1,ACCC_INSTALL_END,42,HD,42,0,42,0,0
MUSE,2015.0.2,ACCC_APPS_INSTALL_CANCEL,1,RIBS,1,0,1,0,0
KBRG,6.3,ACCC_APPS_HD_CANCEL,1,HD,1,0,1,0,0
ILST,21.0.2,ACCC_DL_START,196,HD,196,0,196,0,0
AEFT,13.5,ACCC_ERROR,49,RIBS,49,0,49,0,0
RUSH,1.0,ACCC_DL_START,2251,HD,2251,28,2228,0,0
PHSP,16.0,ACCC_INSTALL_END,1638,RIBS,1638,0,1638,0,0
PHSP,18.0,ACCC_DL_START,3318,HD,3318,0,3318,0,0
DRWV,17.5.0,ACCC_DL_START,1550,HD,1550,7,1543,0,0
FLPR,15.0,ACCC_APPS_INSTALL_CANCEL,1,RIBS,1,0,1,0,0
ESHR,1.1.1,ACCC_APPS_HD_CANCEL,2910,HD,2910,1,2909,0,0
EDGE,4.0.1,ACCC_INSTALL_END,6,RIBS,6,0,6,0,0
ILST,22.0.0,ACCC_APPS_HD_CANCEL,40,HD,40,0,40,0,0
PHSP,16.0,ACCC_ERROR,191,RIBS,191,0,191,0,0
LTRM,6.0,ACCC_INSTALL_END,6185,RIBS,6185,0,6185,0,0
PHSP,17.0.1,ACCC_INSTALL_END,308,HD,308,0,308,0,0
SPRK,0.6.20,ACCC_DL_START,9,HD,9,0,9,0,0
APRO,19.0,ACCC_INSTALL_END,98503,PKG,98503,0,98503,0,0
SHDW,1.5,ACCC_DL_START,61,PKG,61,0,61,0,0
LRCC,1.0,ACCC_DL_START,62,HD,62,1,61,0,0
SPRK,9.1.12,ACCC_DL_START,17,HD,17,0,17,0,0
RFLW,1.0,ACCC_INSTALL_END,1,MSI,1,0,1,0,0
ILST,17.0,ACCC_INSTALL_END,338,RIBS,338,0,338,0,0
RUSH,0.1.0,ACCC_APPS_HD_CANCEL,3,HD,3,0,3,0,0
LRCC,1.4,ACCC_APPS_HD_CANCEL,55,HD,55,1,54,0,0
MUSE,2015.0.2,ACCC_INSTALL_END,7,RIBS,7,0,7,0,0
ESHR,1.1,ACCC_ERROR,4,HD,4,0,4,0,0
PHSP,17.0.1,ACCC_APPS_HD_CANCEL,75,HD,75,0,75,0,0
LTRM,7.0,ACCC_DL_START,184,HD,184,1,183,0,0
ILST,19.0,ACCC_INSTALL_END,6,HD,6,0,6,0,0
PPRO,7.0,ACCC_APPS_INSTALL_CANCEL,103,RIBS,103,0,103,0,0
KBRG,8.0.1,ACCC_ERROR,4,HD,4,0,3,1,0
PHSP,16.0,ACCC_DL_START,2171,RIBS,2171,0,2171,0,0
APRO,11.0.0,ACCC_INSTALL_END,51,RIBS,51,0,51,0,0
KBRG,6.3.1,ACCC_APPS_HD_CANCEL,95,HD,95,6,87,2,0
PHSP,19.1.3,ACCC_APPS_HD_CANCEL,25,HD,25,0,25,0,0
PRLD,7.1,ACCC_DL_START,22,HD,22,0,22,0,0
CHAR,1.1.0,ACCC_DL_START,30,HD,30,0,30,0,0
AUDT,11.0.1,ACCC_INSTALL_END,30,HD,30,0,30,0,0
AUDT,5.0,ACCC_APPS_DL_CANCEL,106,RIBS,106,0,106,0,0
ILST,23.0,ACCC_DL_START,25500,HD,25500,74,25440,0,0
MUSE,2018.0,ACCC_ERROR,1,HD,1,0,1,0,0
DRWV,17.0.2,ACCC_INSTALL_END,3,HD,3,0,3,0,0
ILST,19.2.0,ACCC_APPS_HD_CANCEL,1,HD,1,0,1,0,0
PHSP,14.0,ACCC_INSTALL_END,445,RIBS,445,0,445,0,0
DRWV,18.2,ACCC_DL_START,138927,HD,138927,37,138905,0,0
AME,12.1.2,ACCC_INSTALL_END,652751,HD,652751,71,652700,0,0
SPRK,12.0.12,ACCC_ERROR,4499,HD,4499,0,4499,0,0
AEFT,11.0,ACCC_DL_START,854,RIBS,854,0,854,0,0
AUDT,12.0,ACCC_APPS_HD_CANCEL,36,HD,36,2,34,0,0
IDSN,9.0,ACCC_APPS_INSTALL_CANCEL,29,RIBS,29,0,29,0,0
ESHR,1.1.1,ACCC_DL_START,58045,HD,58045,20,58035,0,0
ILST,20.1.0,ACCC_APPS_HD_CANCEL,124,HD,124,0,124,0,0
AICY,14.0,ACCC_APPS_HD_CANCEL,23,HD,23,5,18,0,0
PHSP,13.0,ACCC_ERROR,175,RIBS,175,0,175,0,0
PPRO,12.0.0,ACCC_APPS_HD_CANCEL,84,HD,84,0,84,0,0
ILST,19.1.0,ACCC_APPS_HD_CANCEL,4,HD,4,0,4,0,0
ILST,16.0,ACCC_APPS_INSTALL_CANCEL,118,RIBS,118,0,118,0,0
FLPR,18.0,ACCC_INSTALL_END,76,HD,76,0,76,0,0
AME,12.1.2,ACCC_ERROR,15791,HD,15791,0,15791,0,0
KBRG,7.0,ACCC_INSTALL_END,4893,HD,4893,229,4527,149,0
ILST,20.0.0,ACCC_INSTALL_END,376,HD,376,0,376,0,0
MUSE,2017.0.4,ACCC_INSTALL_END,1,HD,1,0,1,0,0
PPRO,12.1.2,ACCC_APPS_HD_CANCEL,40690,HD,40690,4,40686,0,0
CHAR,2.0,ACCC_ERROR,21,HD,21,1,20,0,0
CHAR,2.0,ACCC_INSTALL_END,1335,HD,1335,29,1308,0,0
AUDT,11.1.1,ACCC_ERROR,1549,HD,1549,0,1549,0,0
MUSE,2015.1.1,ACCC_INSTALL_END,1,RIBS,1,0,1,0,0
SPRK,0.6.8,ACCC_ERROR,2,HD,2,0,2,0,0
DRWV,18.2,ACCC_ERROR,2210,HD,2210,0,2210,0,0
PHSP,14.0,ACCC_ERROR,62,RIBS,62,0,62,0,0
LRCC,1.2,ACCC_INSTALL_END,34,HD,34,0,34,0,0
ADUMMY,2.0,ACCC_APPS_HD_CANCEL,1,HD,1,0,1,0,0
LTRM,8.0,ACCC_DL_START,996,HD,996,27,981,0,0
LRCC,1.0,ACCC_INSTALL_END,45,HD,45,1,44,0,0
PHSP,18.1.6,ACCC_ERROR,1244,HD,1244,2,1242,0,0
EDGE,2.0.1,ACCC_DL_START,2,RIBS,2,0,2,0,0
APRO,17.0,ACCC_ERROR,2,PKG,2,0,2,0,0
PPRO,13.0,ACCC_ERROR,126,HD,126,0,126,0,0
AEFT,11.0,ACCC_ERROR,29,RIBS,29,0,29,0,0
PHSP,19.1.6,ACCC_DL_START,1651505,HD,1651505,58,1651461,0,0
PHSP,18.1.1,ACCC_DL_START,76,HD,76,0,76,0,0
PPRO,7.0,ACCC_DL_START,967,RIBS,967,0,967,0,0
PPRO,12.0.0,ACCC_ERROR,45,HD,45,0,45,0,0
ESHR,1.0,ACCC_APPS_HD_CANCEL,5,HD,5,0,5,0,0
LTRM,7.0,ACCC_APPS_HD_CANCEL,16,HD,16,0,16,0,0
MUSE,7.4,ACCC_ERROR,139,RIBS,139,0,139,0,0
LTRM,7.1,ACCC_DL_START,100,HD,100,0,100,0,0
APRO,19.0,ACCC_ERROR,3423,PKG,3423,0,3423,0,0
PPRO,11.1.4,ACCC_APPS_HD_CANCEL,217,HD,217,0,217,0,0
DRWV,19.0,ACCC_DL_START,4691,HD,4691,54,4652,0,0
FUSE,2017.1,ACCC_ERROR,3369,RIBS,3369,0,3369,0,0
FLPR,15.1,ACCC_INSTALL_END,57,RIBS,57,0,57,0,0
PHSP,19.0.1,ACCC_APPS_HD_CANCEL,9,HD,9,0,9,0,0
IDSN,13.0,ACCC_DL_START,680,HD,680,0,680,0,0
AEFT,13.0,ACCC_APPS_DL_CANCEL,22,RIBS,22,0,22,0,0
SPGD,9.0,ACCC_INSTALL_END,414,RIBS,414,0,414,0,0
SPRK,10.0.12,ACCC_INSTALL_END,13,HD,13,4,9,0,0
EDGE,6.0,ACCC_ERROR,21,RIBS,21,0,21,0,0
LRCC,1.1,ACCC_APPS_HD_CANCEL,4,HD,4,0,4,0,0
AICY,10.0,ACCC_DL_START,81,RIBS,81,0,81,0,0
AUDT,10.1.2,ACCC_DL_START,404,HD,404,4,400,0,0
DRWV,15.0.0,ACCC_ERROR,8,RIBS,8,0,8,0,0
SPRK,1.0.12,ACCC_APPS_HD_CANCEL,1,HD,1,0,1,0,0
AUDT,5.0,ACCC_DL_START,2529,RIBS,2529,0,2529,0,0
AME,13.0,ACCC_INSTALL_END,12722,HD,12722,53,12671,0,0
DRWV,16.0.0,ACCC_DL_START,442,RIBS,442,0,442,0,0
PPRO,6.0,ACCC_APPS_INSTALL_CANCEL,428,RIBS,428,0,428,0,0
RUSH,1.0,ACCC_INSTALL_END,1902,HD,1902,25,1881,0,0
FLPR,18.0.1,ACCC_APPS_HD_CANCEL,25,HD,25,0,25,0,0
PRLD,6.1.3,ACCC_INSTALL_END,59,HD,59,0,59,0,0
DRWV,12.0.0,ACCC_APPS_INSTALL_CANCEL,26,RIBS,26,0,26,0,0
SPRK,0.6.20,ACCC_ERROR,2,HD,2,0,2,0,0
ILST,19.1.1,ACCC_DL_START,9,HD,9,0,9,0,0
AUDT,11.0.1,ACCC_DL_START,32,HD,32,0,32,0,0
SPRK,0.6.8,ACCC_INSTALL_END,1,HD,1,0,1,0,0
IDSN,10.0,ACCC_APPS_INSTALL_CANCEL,8,RIBS,8,0,8,0,0
SPGD,9.0,ACCC_DL_START,440,RIBS,440,0,440,0,0
LRCC,1.5,ACCC_INSTALL_END,322176,HD,322176,19,322167,0,1
IDSN,12.1.0,ACCC_APPS_HD_CANCEL,477,HD,477,0,477,0,0
FLBR,4.7,ACCC_ERROR,12,RIBS,12,0,12,0,0
PHSP,18.1.6,ACCC_INSTALL_END,27404,HD,27404,3,27401,0,0
PPRO,11.1.4,ACCC_ERROR,96,HD,96,0,96,0,0
FLBR,4.7,ACCC_INSTALL_END,152,RIBS,152,0,152,0,0
SPRK,0.6.34,ACCC_ERROR,3,HD,3,0,3,0,0
KBRG,6.0,ACCC_DL_START,241,RIBS,241,0,241,0,0
PPRO,12.1,ACCC_INSTALL_END,965,HD,965,0,965,0,0
MUSE,7.4,ACCC_APPS_INSTALL_CANCEL,6,RIBS,6,0,6,0,0
LRCC,1.0,ACCC_APPS_HD_CANCEL,11,HD,11,0,11,0,0
AICY,9.0,ACCC_ERROR,2,RIBS,2,0,2,0,0
IDSN,8.0,ACCC_APPS_DL_CANCEL,58,RIBS,58,0,58,0,0
PHSP,20.0,ACCC_DL_START,44413,HD,44413,70,44361,0,0
AUDT,11.1.1,ACCC_INSTALL_END,119286,HD,119286,34,119267,0,0
DRWV,16.0.0,ACCC_APPS_INSTALL_CANCEL,8,RIBS,8,0,8,0,0
CHAR,1.5,ACCC_DL_START,54332,HD,54332,36,54312,0,0
DRWV,19.0,ACCC_APPS_HD_CANCEL,84,HD,84,5,79,0,0
LRCC,1.0,ACCC_ERROR,7,HD,7,0,7,0,0
AEFT,15.0.0,ACCC_APPS_HD_CANCEL,34,HD,34,0,34,0,0
PHSP,18.1,ACCC_INSTALL_END,38,HD,38,0,38,0,0
AEFT,16.0,ACCC_DL_START,8639,HD,8639,46,8597,0,0
MUSE,2017.1.0,ACCC_APPS_HD_CANCEL,8,HD,8,0,8,0,0
IDSN,13.1,ACCC_INSTALL_END,435377,HD,435377,33,435358,0,0
APRO,18.0,ACCC_DL_START,143907,APP,143907,0,143907,0,0
AUDT,11.1,ACCC_ERROR,438,HD,438,0,438,0,0
SPRK,0.6.20,ACCC_INSTALL_END,6,HD,6,0,6,0,0
PHSP,19.1.1,ACCC_INSTALL_END,105,HD,105,0,105,0,0
AEFT,15.0.1,ACCC_INSTALL_END,541,HD,541,0,541,0,0
PPRO,9.0,ACCC_ERROR,11,RIBS,11,0,11,0,0
AICY,11.0,ACCC_INSTALL_END,242,RIBS,242,0,242,0,0
SPGD,8.0,ACCC_APPS_DL_CANCEL,2,RIBS,2,0,2,0,0
KBRG,6.0,ACCC_APPS_INSTALL_CANCEL,1,RIBS,1,0,1,0,0
IDSN,14.0,ACCC_DL_START,17678,HD,17678,58,17630,0,0
IDSN,11.0,ACCC_DL_START,2395,RIBS,2395,0,2395,0,0
FLPR,18.0.2,ACCC_INSTALL_END,89068,HD,89068,19,89059,0,0
TAPI,1.0,ACCC_DL_START,279,RIBS,279,0,279,0,0
PPRO,6.0,ACCC_APPS_DL_CANCEL,1602,RIBS,1602,0,1602,0,0
KBRG,8.0.1,ACCC_DL_START,90,HD,90,6,80,5,0
PHSP,19.1,ACCC_APPS_HD_CANCEL,10,HD,10,0,10,0,0
MUSE,7.4,ACCC_INSTALL_END,3,RIBS,3,0,3,0,0
PPRO,12.0.0,ACCC_DL_START,1195,HD,1195,0,1195,0,0
FLPR,18.0.1,ACCC_INSTALL_END,147,HD,147,1,146,0,0
PPRO,12.1.2,ACCC_ERROR,14286,HD,14286,0,14286,0,0
LRCC,1.4,ACCC_ERROR,33,HD,33,0,33,0,0
AEFT,15.1,ACCC_INSTALL_END,431,HD,431,0,431,0,0
FLPR,18.0.2,ACCC_APPS_HD_CANCEL,5087,HD,5087,1,5086,0,0
PHSP,17.0.1,ACCC_ERROR,20,HD,20,0,20,0,0
ILST,18.0,ACCC_INSTALL_END,688,RIBS,688,0,688,0,0
MUSE,2014.3.2,ACCC_ERROR,1,RIBS,1,0,1,0,0
PPRO,11.0.2,ACCC_INSTALL_END,2,HD,2,0,2,0,0
GSDK,1.2,ACCC_DL_START,1,MSI,1,0,1,0,0
KBRG,8.0.1,ACCC_INSTALL_END,83,HD,83,6,74,4,0
MUSE,2015.1.2,ACCC_INSTALL_END,4,RIBS,4,0,4,0,0
PHSP,19.1.2,ACCC_DL_START,177,HD,177,0,177,0,0
APRO,19.0,ACCC_DL_START,244888,APP,244888,0,244888,0,0
DRWV,18.2,ACCC_INSTALL_END,132541,HD,132541,35,132519,0,0
PPRO,12.1.2,ACCC_INSTALL_END,603638,HD,603638,53,603604,0,0
IDSN,8.0,ACCC_APPS_INSTALL_CANCEL,85,RIBS,85,0,85,0,0
PPRO,12.1.1,ACCC_DL_START,2668,HD,2668,2,2666,0,0
AME,12.0.1,ACCC_DL_START,280,HD,280,0,280,0,0
MUSE,2014.2.1,ACCC_INSTALL_END,1,MSI,1,0,1,0,0
KBRG,6.3,ACCC_DL_START,15,HD,15,0,14,1,0
PHSP,16.0,ACCC_APPS_INSTALL_CANCEL,68,RIBS,68,0,68,0,0
ILST,22.1,ACCC_ERROR,11975,HD,11975,0,11975,0,0
LTRM,7.3,ACCC_DL_START,166,HD,166,0,166,0,0
DRWV,18.0,ACCC_ERROR,9,HD,9,0,9,0,0
PHSP,20.0,ACCC_APPS_HD_CANCEL,1252,HD,1252,12,1240,0,0
LTRM,7.0.1,ACCC_INSTALL_END,82,HD,82,0,82,0,0
SPRK,10.0.12,ACCC_DL_START,12,HD,12,4,8,0,0
GSDK,1.4,ACCC_ERROR,13,MSI,13,0,13,0,0
GSDK,1.4,ACCC_ERROR,2,PKG,2,0,2,0,0
FLPR,12.0,ACCC_INSTALL_END,1338,RIBS,1338,0,1338,0,0
PRLD,7.1.1,ACCC_APPS_HD_CANCEL,841,HD,841,0,841,0,0
AICY,12.0.0,ACCC_DL_START,696,HD,696,0,696,0,0
