product,vers,code,ecount,etype
DRWV,17.0.1,ACCC_INSTALL_END,5,HD
ILST,19.0,ACCC_APPS_DL_CANCEL,1,RIBS
ILST,16.0,ACCC_APPS_DL_CANCEL,65,RIBS
ILST,20.0.0,ACCC_DL_START,119,HD
PHSP,17.0,ACCC_INSTALL_END,107,HD
ESHR,1.1,ACCC_DL_START,35,HD
ILST,18.0,ACCC_APPS_INSTALL_CANCEL,4,RIBS
AME,11.1.4,ACCC_DL_START,6549,HD
MUSE,2014.3.2,ACCC_DL_START,1,RIBS
ASCT,1.1.3,ACCC_ERROR,2,MSI
KBRG,6.3.1,ACCC_INSTALL_END,570,HD
KBRG,6.3,ACCC_INSTALL_END,9,HD
AUDT,11.0.1,ACCC_ERROR,3,HD
DRWV,12.0.0,ACCC_INSTALL_END,219,RIBS
PHSP,14.0,ACCC_APPS_DL_CANCEL,21,RIBS
FLBR,4.7,ACCC_DL_START,142,RIBS
ILST,19.0,ACCC_INSTALL_END,15,RIBS
MUSE,2015.2.0,ACCC_INSTALL_END,2,HD
MUSE,2014.3.0,ACCC_DL_START,1,RIBS
APRO,17.0,ACCC_INSTALL_END,98,PKG
RFLW,2.0,ACCC_DL_START,15,MSI
ACR,11.0,ACCC_INSTALL_END,1,HD
AEFT,15.1,ACCC_DL_START,203,HD
SHDW,1.5,ACCC_INSTALL_END,54,PKG
ILST,16.0,ACCC_INSTALL_END,1180,RIBS
AICY,9.0,ACCC_INSTALL_END,9,RIBS
LTRM,5.7.1,ACCC_APPS_INSTALL_CANCEL,3,PKG
PHSP,18.0.1,ACCC_ERROR,29,HD
DRWV,16.0.0,ACCC_APPS_DL_CANCEL,8,RIBS
SPRK,5.0.12,ACCC_INSTALL_END,11,HD
DRWV,17.1.0,ACCC_INSTALL_END,2,HD
AICY,13.0,ACCC_APPS_HD_CANCEL,1,HD
DRWV,13.0.0,ACCC_DL_START,52,RIBS
SPRK,0.5.22,ACCC_ERROR,2,HD
AICY,11.0,ACCC_INSTALL_END,125,RIBS
AEFT,15.0.1,ACCC_INSTALL_END,268,HD
PPRO,9.0,ACCC_ERROR,5,RIBS
SPGD,8.0,ACCC_APPS_DL_CANCEL,1,RIBS
AICY,13.0,ACCC_INSTALL_END,13,HD
ANMLBETA,1.0.6,ACCC_APPS_HD_CANCEL,289,HD
PRLD,7.1.1,ACCC_INSTALL_END,13873,HD
MUSE,2018.0,ACCC_INSTALL_END,38,HD
PHSP,17.0.2,ACCC_APPS_HD_CANCEL,181,HD
APRO,10.1.1,ACCC_APPS_INSTALL_CANCEL,1,RIBS
APRO,18.0,ACCC_INSTALL_END,31910,PKG
DRWV,18.1,ACCC_ERROR,6,HD
GSDK,1.3,ACCC_ERROR,1,MSI
AICY,9.0,ACCC_DL_START,11,RIBS
ILST,19.0.1,ACCC_DL_START,3,HD
AUDT,11.0.0,ACCC_DL_START,28,HD
MUSE,2017.0.0,ACCC_INSTALL_END,1,HD
PRLD,2.0,ACCC_INSTALL_END,11,RIBS
IDSN,9.0,ACCC_ERROR,11,RIBS
ILST,17.0,ACCC_ERROR,18,RIBS
GSDK,1.4,ACCC_ERROR,2,PKG
ILST,19.2.1,ACCC_APPS_HD_CANCEL,75,HD
ILST,19.1.1,ACCC_APPS_HD_CANCEL,1,HD
MUSE,2017.1.0,ACCC_ERROR,1,HD
PHSP,18.1.1,ACCC_INSTALL_END,38,HD
AUDT,10.1.2,ACCC_ERROR,6,HD
ILST,20.0.0,ACCC_ERROR,4,HD
FLPR,15.0,ACCC_APPS_DL_CANCEL,6,RIBS
AEFT,15.0.1,ACCC_DL_START,279,HD
PPRO,12.0.1,ACCC_ERROR,23,HD
FUSE,2015.1,ACCC_ERROR,5,RIBS
KBRG,6.3.1,ACCC_ERROR,28,HD
TAPI,1.0,ACCC_ERROR,3,RIBS
LTRM,8.0,ACCC_DL_START,41756,HD
LRCC,1.0,ACCC_INSTALL_END,40,HD
LTRM,7.0.1,ACCC_APPS_HD_CANCEL,8,HD
EDGE,6.0,ACCC_APPS_DL_CANCEL,6,RIBS
PRLD,7.0.1,ACCC_INSTALL_END,8,HD
LRCC,1.2,ACCC_APPS_HD_CANCEL,8,HD
AEFT,14.0.0,ACCC_DL_START,1,HD
FLPR,16.2,ACCC_DL_START,1,HD
AEFT,12.0,ACCC_APPS_DL_CANCEL,17,RIBS
LTRM,6.0,ACCC_APPS_INSTALL_CANCEL,65,RIBS
ILST,21.0.0,ACCC_APPS_HD_CANCEL,1,HD
PHSP,19.1.3,ACCC_ERROR,9,HD
ILST,16.0,ACCC_ERROR,66,RIBS
ILST,19.2.1,ACCC_ERROR,20,HD
SHDW,1.5,ACCC_ERROR,2,MSI
ILST,19.2.0,ACCC_APPS_HD_CANCEL,1,HD
FLPR,15.2.1,ACCC_APPS_HD_CANCEL,13,HD
IDSN,9.0,ACCC_APPS_INSTALL_CANCEL,28,RIBS
AICY,13.0.1,ACCC_INSTALL_END,64,HD
KBRG,8.0,ACCC_INSTALL_END,35,HD
PHSP,18.1,ACCC_DL_START,23,HD
ASCT,1.1.3,ACCC_ERROR,3,PKG
AICY,8.0,ACCC_DL_START,26,RIBS
AUDT,6.0,ACCC_ERROR,5,RIBS
LTRM,7.3.1,ACCC_DL_START,164,HD
ASCT,1.1.3,ACCC_DL_START,47,PKG
LRCC,1.4,ACCC_DL_START,316,HD
EDGE,3.0,ACCC_DL_START,2,RIBS
DRWV,18.1,ACCC_INSTALL_END,85,HD
FLPR,13.0,ACCC_DL_START,25,RIBS
ESHR,2.0,ACCC_APPS_HD_CANCEL,322,HD
KBRG,6.0,ACCC_APPS_DL_CANCEL,7,RIBS
RUSH,0.1.0,ACCC_DL_START,14,HD
FLPR,14.0,ACCC_DL_START,43,RIBS
IDSN,11.0,ACCC_ERROR,109,RIBS
ESHR,2.0,ACCC_INSTALL_END,10287,HD
SPRK,8.1.22,ACCC_INSTALL_END,2,HD
ILST,19.0,ACCC_APPS_HD_CANCEL,1,HD
EDGE,6.0,ACCC_INSTALL_END,389,RIBS
AICY,10.0,ACCC_ERROR,2,RIBS
GSDK,1.4,ACCC_DL_START,29,PKG
AME,11.0.2,ACCC_INSTALL_END,3,HD
PHSP,19.1.5,ACCC_INSTALL_END,1386,HD
PRLD,1.0,ACCC_ERROR,8,RIBS
APRO,18.0,ACCC_INSTALL_END,55438,APP
AICY,10.0,ACCC_INSTALL_END,28,RIBS
PHSP,19.1.4,ACCC_DL_START,438,HD
ILST,19.2.0,ACCC_DL_START,8,HD
SPRK,13.0.12,ACCC_INSTALL_END,97166,HD
PHSP,18.0,ACCC_APPS_HD_CANCEL,55,HD
LRCC,2.0,ACCC_INSTALL_END,34659,HD
MUSE,2015.0.2,ACCC_ERROR,3,RIBS
AME,12.0.0,ACCC_INSTALL_END,198,HD
LRCC,2.0,ACCC_APPS_HD_CANCEL,2242,HD
SHDW,1.5,ACCC_INSTALL_END,117,MSI
MUSE,2015.1.2,ACCC_INSTALL_END,6,RIBS
GSDK,1.4,ACCC_ERROR,8,MSI
LRCC,1.1,ACCC_INSTALL_END,17,HD
TAPI,1.0,ACCC_INSTALL_END,203,RIBS
PHSP,19.0.1,ACCC_ERROR,5,HD
LRCC,1.3,ACCC_APPS_HD_CANCEL,10,HD
AUDT,5.0,ACCC_INSTALL_END,326,RIBS
APRO,18.0,ACCC_ERROR,1232,PKG
PPRO,12.1,ACCC_APPS_HD_CANCEL,51,HD
AME,8.0,ACCC_ERROR,1,RIBS
FUSE,2017.1,ACCC_INSTALL_END,21918,RIBS
IDSN,13.1,ACCC_APPS_HD_CANCEL,5261,HD
RUSH,0.1.0,ACCC_INSTALL_END,14,HD
TAPI,1.0,ACCC_APPS_DL_CANCEL,1,RIBS
ILST,22.0.1,ACCC_INSTALL_END,1095,HD
AEFT,12.0,ACCC_ERROR,10,RIBS
KBRG,8.0,ACCC_APPS_HD_CANCEL,1,HD
PPRO,6.0,ACCC_APPS_DL_CANCEL,234,RIBS
APRO,19.0,ACCC_APPS_INSTALL_CANCEL,461,PKG
PHSP,19.1,ACCC_DL_START,108,HD
ILST,20.1.0,ACCC_ERROR,48,HD
PHSP,17.0.2,ACCC_DL_START,2214,HD
ILST,21.0.1,ACCC_DL_START,4,HD
APRO,10.1.1,ACCC_DL_START,2,RIBS
AICY,8.0,ACCC_APPS_DL_CANCEL,2,RIBS
AEFT,13.5,ACCC_APPS_DL_CANCEL,44,RIBS
DRWV,17.0.1,ACCC_DL_START,5,HD
SPRK,7.0.12,ACCC_DL_START,4,HD
EDGE,5.0,ACCC_ERROR,2,RIBS
PHSP,19.1.2,ACCC_APPS_HD_CANCEL,3,HD
SPGD,9.0,ACCC_APPS_INSTALL_CANCEL,1,RIBS
AEFT,15.1.1,ACCC_INSTALL_END,821,HD
PHSP,13.0,ACCC_APPS_INSTALL_CANCEL,97,RIBS
SPRK,8.1.22,ACCC_DL_START,2,HD
KBRG,7.0,ACCC_ERROR,46,HD
DRWV,17.0.2,ACCC_INSTALL_END,2,HD
GSDK,1.4,ACCC_INSTALL_END,87,MSI
AEFT,15.1,ACCC_APPS_HD_CANCEL,14,HD
RFLW,2.0,ACCC_INSTALL_END,13,MSI
AME,11.0.2,ACCC_DL_START,3,HD
LTRM,7.3,ACCC_INSTALL_END,84,HD
FLPR,18.0,ACCC_INSTALL_END,29,HD
ILST,16.0,ACCC_APPS_INSTALL_CANCEL,88,RIBS
IDSN,10.0,ACCC_APPS_DL_CANCEL,17,RIBS
PHSP,19.1,ACCC_ERROR,6,HD
ANMLBETA,1.0.5,ACCC_DL_START,3,HD
LTRM,5.7.1,ACCC_ERROR,133,MSI
LTRM,7.4,ACCC_DL_START,772,HD
AUDT,11.0.0,ACCC_ERROR,2,HD
AME,8.0,ACCC_DL_START,1,RIBS
MUSE,2017.0.0,ACCC_DL_START,1,HD
AEFT,15.1.2,ACCC_ERROR,2070,HD
KBRG,9.0,ACCC_ERROR,2597,HD
ILST,17.0,ACCC_INSTALL_END,357,RIBS
KBRG,6.0,ACCC_ERROR,8,RIBS
SPGD,8.0,ACCC_INSTALL_END,13,RIBS
ILST,21.1.0,ACCC_ERROR,107,HD
AEFT,14.0.0,ACCC_INSTALL_END,1,HD
APRO,11.0.0,ACCC_APPS_INSTALL_CANCEL,1,RIBS
IDSN,11.0,ACCC_APPS_INSTALL_CANCEL,16,RIBS
APRO,15.0,ACCC_INSTALL_END,4,PKG
AME,12.1,ACCC_INSTALL_END,82,HD
ILST,22.0.1,ACCC_ERROR,58,HD
ILST,21.0.0,ACCC_INSTALL_END,25,HD
FUSE,2015.1,ACCC_DL_START,53,RIBS
SPRK,5.0.12,ACCC_APPS_HD_CANCEL,2,HD
IDSN,13.0.1,ACCC_ERROR,28,HD
PRLD,2.0,ACCC_ERROR,3,RIBS
SPRK,10.0.12,ACCC_ERROR,1,HD
PHSP,18.1.5,ACCC_APPS_HD_CANCEL,4,HD
MUSE,2014.2.1,ACCC_ERROR,1,PKG
APRO,18.0,ACCC_ERROR,2670,APP
APRO,19.0,ACCC_APPS_INSTALL_CANCEL,3611,APP
FLPR,16.1,ACCC_INSTALL_END,1,HD
CHAR,1.5,ACCC_INSTALL_END,25390,HD
KBRG,6.3.1,ACCC_DL_START,640,HD
LTRM,7.1,ACCC_ERROR,2,HD
PPRO,7.0,ACCC_APPS_DL_CANCEL,82,RIBS
AICY,8.0,ACCC_ERROR,3,RIBS
ILST,19.1.0,ACCC_DL_START,2,HD
AME,12.0.1,ACCC_APPS_HD_CANCEL,9,HD
APRO,18.0,ACCC_APPS_DL_CANCEL,1043,APP
SPGD,8.0,ACCC_DL_START,14,RIBS
PHSP,19.1.4,ACCC_APPS_HD_CANCEL,29,HD
PHSP,14.0,ACCC_INSTALL_END,286,RIBS
LRCC,1.5,ACCC_ERROR,1409,HD
AEFT,13.5,ACCC_APPS_INSTALL_CANCEL,11,RIBS
FLPR,15.1,ACCC_APPS_INSTALL_CANCEL,1,RIBS
SPRK,5.0.12,ACCC_DL_START,13,HD
PRLD,7.1,ACCC_DL_START,21,HD
CHAR,1.1.0,ACCC_DL_START,15,HD
MUSE,2015.2.1,ACCC_DL_START,30,HD
TAPI,1.0,ACCC_APPS_INSTALL_CANCEL,10,RIBS
APRO,10.1.1,ACCC_INSTALL_END,1,RIBS
PHSP,19.0.1,ACCC_DL_START,91,HD
LRCC,1.3,ACCC_DL_START,67,HD
AUDT,6.0,ACCC_APPS_DL_CANCEL,4,RIBS
AUDT,11.1.1,ACCC_DL_START,37395,HD
SPRK,13.0.12,ACCC_APPS_HD_CANCEL,1759,HD
PHSP,19.1.5,ACCC_APPS_HD_CANCEL,136,HD
RUSH,1.0,ACCC_INSTALL_END,82119,HD
GSDK,1.4,ACCC_DL_START,93,MSI
SPRK,8.0.22,ACCC_INSTALL_END,2,HD
FWKS,12.0.0,ACCC_APPS_DL_CANCEL,5,RIBS
DRWV,18.1,ACCC_DL_START,98,HD
FLPR,16.1,ACCC_APPS_HD_CANCEL,1,HD
DRWV,15.0.0,ACCC_APPS_INSTALL_CANCEL,2,RIBS
PHSP,18.1.4,ACCC_INSTALL_END,1,HD
AEFT,13.5,ACCC_INSTALL_END,542,RIBS
AME,12.1.2,ACCC_INSTALL_END,230026,HD
DRWV,18.2,ACCC_DL_START,53727,HD
FLPR,18.0.1,ACCC_DL_START,99,HD
SPRK,9.0.12,ACCC_DL_START,1,HD
PPRO,12.0.1,ACCC_APPS_HD_CANCEL,41,HD
PRLD,6.1.3,ACCC_DL_START,115,HD
CHAR,1.1.1,ACCC_DL_START,30,HD
PHSP,18.1.1,ACCC_ERROR,1,HD
AEFT,15.1,ACCC_INSTALL_END,183,HD
PPRO,8.0,ACCC_ERROR,3,RIBS
SPRK,7.0.12,ACCC_INSTALL_END,3,HD
PHSP,13.0,ACCC_ERROR,95,RIBS
PPRO,12.0.0,ACCC_APPS_HD_CANCEL,44,HD
PHSP,13.0,ACCC_DL_START,1415,RIBS
PHSP,13.0,ACCC_INSTALL_END,1200,RIBS
AEFT,16.0,ACCC_APPS_HD_CANCEL,4848,HD
PRLD,2.0,ACCC_DL_START,15,RIBS
FLPR,13.0,ACCC_INSTALL_END,21,RIBS
PHSP,19.1.1,ACCC_APPS_HD_CANCEL,4,HD
ILST,18.0,ACCC_INSTALL_END,661,RIBS
MUSE,2014.3.2,ACCC_ERROR,1,RIBS
DRWV,18.0,ACCC_APPS_HD_CANCEL,3,HD
LTRM,5.7.1,ACCC_DL_START,1479,MSI
MUSE,2015.2.1,ACCC_APPS_HD_CANCEL,3,HD
PHSP,19.0,ACCC_APPS_HD_CANCEL,25,HD
LRCC,1.3,ACCC_INSTALL_END,55,HD
FLPR,15.2,ACCC_ERROR,1,HD
AME,12.1,ACCC_DL_START,100,HD
ILST,21.0.0,ACCC_DL_START,26,HD
FLPR,16.5,ACCC_DL_START,4,HD
MUSE,7.4,ACCC_DL_START,37,RIBS
KEMN,7.0,ACCC_APPS_DL_CANCEL,14,RIBS
DRWV,15.0.0,ACCC_APPS_DL_CANCEL,4,RIBS
PHSP,14.0,ACCC_DL_START,336,RIBS
AME,13.0,ACCC_INSTALL_END,387848,HD
DRWV,18.2,ACCC_INSTALL_END,52134,HD
LRCC,1.2,ACCC_DL_START,35,HD
SPRK,0.5.22,ACCC_DL_START,183,HD
AICY,13.0,ACCC_DL_START,14,HD
PRLD,6.1.3,ACCC_APPS_HD_CANCEL,3,HD
CHAR,1.1.1,ACCC_APPS_HD_CANCEL,1,HD
DRWV,19.0,ACCC_APPS_HD_CANCEL,1454,HD
LRCC,1.0,ACCC_ERROR,5,HD
IDSN,13.0,ACCC_APPS_HD_CANCEL,17,HD
IDSN,12.1.0,ACCC_DL_START,6114,HD
PHSP,15.0,ACCC_APPS_INSTALL_CANCEL,30,RIBS
FLPR,13.0,ACCC_ERROR,2,RIBS
IDSN,12.0.0,ACCC_APPS_HD_CANCEL,7,HD
AUDT,11.0.2,ACCC_APPS_HD_CANCEL,1,HD
SHDW,1.5,ACCC_DL_START,118,MSI
PRLD,8.0,ACCC_ERROR,408,HD
FLPR,15.2,ACCC_INSTALL_END,20,HD
IDSN,13.0.1,ACCC_APPS_HD_CANCEL,55,HD
IDSN,12.1.0,ACCC_ERROR,70,HD
EDGE,5.0,ACCC_INSTALL_END,14,RIBS
EDGE,1.5,ACCC_INSTALL_END,1,RIBS
AUDT,11.0.2,ACCC_INSTALL_END,53,HD
LTRM,7.0,ACCC_APPS_HD_CANCEL,9,HD
AME,12.0.1,ACCC_INSTALL_END,158,HD
MUSE,2015.2.1,ACCC_INSTALL_END,23,HD
SPRK,0.6.32,ACCC_DL_START,1,HD
SPRK,9.0.12,ACCC_ERROR,1,HD
FLPR,18.0.1,ACCC_ERROR,2,HD
GSDK,1.3,ACCC_DL_START,18,PKG
FLPR,15.2,ACCC_DL_START,25,HD
PRLD,6.1.3,ACCC_ERROR,1,HD
AICY,11.0,ACCC_APPS_INSTALL_CANCEL,1,RIBS
PPRO,12.1.1,ACCC_ERROR,88,HD
AME,12.0.1,ACCC_ERROR,4,HD
AME,12.0.0,ACCC_DL_START,207,HD
AICY,12.0.0,ACCC_APPS_HD_CANCEL,12,HD
AUDT,6.0,ACCC_APPS_INSTALL_CANCEL,6,RIBS
PHSP,19.1.3,ACCC_DL_START,152,HD
DRWV,15.0.0,ACCC_INSTALL_END,87,RIBS
PRLD,1.0,ACCC_APPS_DL_CANCEL,6,RIBS
DRWV,16.0.0,ACCC_INSTALL_END,347,RIBS
AME,12.0.0,ACCC_APPS_HD_CANCEL,12,HD
LRCC,2.0.1,ACCC_INSTALL_END,31188,HD
AME,11.1.4,ACCC_APPS_HD_CANCEL,546,HD
ILST,18.0,ACCC_DL_START,737,RIBS
DRWV,13.0.0,ACCC_APPS_DL_CANCEL,3,RIBS
FLPR,16.5,ACCC_INSTALL_END,4,HD
LTRM,5.7.1,ACCC_APPS_DL_CANCEL,33,PKG
AME,12.1.1,ACCC_INSTALL_END,240,HD
PHSP,18.1.6,ACCC_APPS_HD_CANCEL,1046,HD
PHSP,18.0.1,ACCC_DL_START,293,HD
LRCC,1.3,ACCC_ERROR,8,HD
LTRM,7.1,ACCC_APPS_HD_CANCEL,3,HD
MUSE,2015.1.2,ACCC_DL_START,6,RIBS
IDSN,8.0,ACCC_APPS_DL_CANCEL,33,RIBS
RFLW,2.0,ACCC_ERROR,2,PKG
KBRG,8.1,ACCC_INSTALL_END,130834,HD
KEMN,7.0,ACCC_DL_START,619,RIBS
PHSP,19.1.4,ACCC_ERROR,49,HD
LRCC,1.0.1,ACCC_APPS_HD_CANCEL,3,HD
PPRO,12.0.1,ACCC_INSTALL_END,600,HD
CODE,1.0,ACCC_DL_START,9,MSI
LTRM,7.0.1,ACCC_DL_START,66,HD
KEMN,7.0,ACCC_APPS_INSTALL_CANCEL,3,RIBS
SPGD,6.0,ACCC_INSTALL_END,1,RIBS
SPRK,1.0.12,ACCC_INSTALL_END,12,HD
PHSP,19.1.2,ACCC_ERROR,9,HD
AICY,13.1,ACCC_ERROR,229,HD
PHSP,19.1,ACCC_INSTALL_END,93,HD
AICY,14.1,ACCC_DL_START,9,HD
AEFT,13.5,ACCC_DL_START,617,RIBS
FLPR,15.1,ACCC_DL_START,31,RIBS
AICY,10.0,ACCC_DL_START,28,RIBS
FLPR,18.0,ACCC_DL_START,41,HD
MUSE,2018.1.0,ACCC_APPS_HD_CANCEL,186,HD
AME,11.1.4,ACCC_ERROR,69,HD
FLPR,16.5.1,ACCC_DL_START,641,HD
PPRO,12.1.2,ACCC_INSTALL_END,205954,HD
IDSN,8.0,ACCC_APPS_INSTALL_CANCEL,56,RIBS
ILST,17.0,ACCC_DL_START,448,RIBS
EDGE,6.0,ACCC_DL_START,408,RIBS
CHAR,1.5,ACCC_DL_START,26307,HD
CHAR,2.0,ACCC_INSTALL_END,58561,HD
AICY,12.0.0,ACCC_DL_START,386,HD
PRLD,7.1.1,ACCC_APPS_HD_CANCEL,241,HD
AUDT,6.0,ACCC_INSTALL_END,76,RIBS
DRWV,18.2,ACCC_APPS_HD_CANCEL,1156,HD
SPRK,0.6.34,ACCC_DL_START,7,HD
PPRO,11.1.1,ACCC_DL_START,1,HD
LTRM,7.3,ACCC_APPS_HD_CANCEL,10,HD
MUSE,2015.1.0,ACCC_DL_START,1,RIBS
LTRM,7.5,ACCC_DL_START,142545,HD
PPRO,12.1.1,ACCC_APPS_HD_CANCEL,121,HD
LTRM,7.2,ACCC_DL_START,95,HD
LRCC,1.0.1,ACCC_DL_START,11,HD
LRCC,1.4,ACCC_APPS_HD_CANCEL,32,HD
MUSE,2015.0.2,ACCC_INSTALL_END,4,RIBS
ESHR,1.1,ACCC_ERROR,2,HD
ESHR,1.0,ACCC_DL_START,43,HD
PRLD,7.0.0,ACCC_DL_START,5,HD
AME,11.1.4,ACCC_INSTALL_END,5876,HD
FLPR,15.0,ACCC_INSTALL_END,40,RIBS
ILST,19.2.0,ACCC_INSTALL_END,7,HD
GSDK,1.3,ACCC_APPS_DL_CANCEL,3,PKG
DRWV,17.1.0,ACCC_DL_START,2,HD
SPRK,12.0.12,ACCC_APPS_HD_CANCEL,3475,HD
AEFT,15.1,ACCC_ERROR,11,HD
APRO,19.0,ACCC_APPS_DL_CANCEL,2993,APP
ILST,22.0.0,ACCC_ERROR,45,HD
GSDK,1.4,ACCC_APPS_DL_CANCEL,1,PKG
SPRK,0.6.14,ACCC_DL_START,1,HD
FLPR,15.2.1,ACCC_DL_START,146,HD
IDSN,10.0,ACCC_INSTALL_END,512,RIBS
DRWV,17.0.2,ACCC_DL_START,2,HD
SPRK,11.0.22,ACCC_APPS_HD_CANCEL,39,HD
MUSE,2017.1.0,ACCC_DL_START,41,HD
FLPR,12.0,ACCC_APPS_DL_CANCEL,30,RIBS
FLPR,14.0,ACCC_ERROR,2,RIBS
PHSP,19.1.2,ACCC_DL_START,103,HD
EDGE,6.0,ACCC_ERROR,20,RIBS
LRCC,1.1,ACCC_APPS_HD_CANCEL,3,HD
PHSP,19.1.6,ACCC_INSTALL_END,540652,HD
LRCC,2.0,ACCC_DL_START,37096,HD
SPRK,13.0.10,ACCC_ERROR,2,HD
PHSP,18.1.4,ACCC_DL_START,1,HD
ILST,19.2.1,ACCC_DL_START,783,HD
AEFT,11.0,ACCC_APPS_DL_CANCEL,33,RIBS
GSDK,1.3,ACCC_APPS_INSTALL_CANCEL,1,PKG
PHSP,19.1.2,ACCC_INSTALL_END,89,HD
AUDT,11.1.1,ACCC_INSTALL_END,36715,HD
DRWV,16.0.0,ACCC_APPS_INSTALL_CANCEL,4,RIBS
ESHR,1.1.1,ACCC_DL_START,28173,HD
AICY,14.0,ACCC_APPS_HD_CANCEL,532,HD
ILST,20.1.0,ACCC_APPS_HD_CANCEL,84,HD
ASCT,1.1.3,ACCC_INSTALL_END,99,MSI
AICY,13.0.1,ACCC_ERROR,1,HD
IDSN,13.0,ACCC_INSTALL_END,351,HD
IDSN,14.0,ACCC_INSTALL_END,407121,HD
FLPR,13.0,ACCC_APPS_INSTALL_CANCEL,1,RIBS
FLPR,12.0,ACCC_APPS_INSTALL_CANCEL,40,RIBS
CHAR,1.1.0,ACCC_INSTALL_END,14,HD
KETK,4.0,ACCC_ERROR,9,RIBS
PRLD,7.1,ACCC_INSTALL_END,20,HD
SPGD,9.0,ACCC_INSTALL_END,386,RIBS
SPRK,10.0.12,ACCC_INSTALL_END,6,HD
IDSN,11.0,ACCC_APPS_DL_CANCEL,47,RIBS
PHSP,18.1,ACCC_APPS_HD_CANCEL,4,HD
LTRM,7.0,ACCC_INSTALL_END,104,HD
AEFT,14.2.2,ACCC_APPS_HD_CANCEL,187,HD
ILST,23.0,ACCC_ERROR,5183,HD
ILST,20.0.0,ACCC_APPS_HD_CANCEL,32,HD
SPGD,9.0,ACCC_APPS_DL_CANCEL,2,RIBS
LTRM,8.0,ACCC_ERROR,690,HD
SPRK,1.0.12,ACCC_DL_START,12,HD
SPRK,12.0.12,ACCC_DL_START,131909,HD
IDSN,11.0,ACCC_INSTALL_END,1718,RIBS
LTRM,7.1,ACCC_INSTALL_END,62,HD
ILST,22.0.0,ACCC_APPS_HD_CANCEL,22,HD
SPRK,13.0.12,ACCC_ERROR,665,HD
PHSP,19.1.5,ACCC_ERROR,131,HD
PRLD,7.1.1,ACCC_ERROR,211,HD
AUDT,10.1.2,ACCC_INSTALL_END,462,HD
FLPR,18.0,ACCC_APPS_HD_CANCEL,4,HD
SPRK,11.0.22,ACCC_DL_START,332,HD
AEFT,15.1.1,ACCC_DL_START,914,HD
APRO,15.0,ACCC_DL_START,4,PKG
AME,13.0,ACCC_DL_START,407373,HD
GSDK,1.3,ACCC_INSTALL_END,14,PKG
PHSP,15.0,ACCC_ERROR,142,RIBS
PHSP,19.1.6,ACCC_APPS_HD_CANCEL,21374,HD
PPRO,8.0,ACCC_DL_START,3,RIBS
PHSP,15.0,ACCC_DL_START,1439,RIBS
KBRG,7.0,ACCC_APPS_HD_CANCEL,148,HD
PRLD,7.0.1,ACCC_DL_START,9,HD
FLPR,16.5.1,ACCC_ERROR,12,HD
AUDT,10.1.2,ACCC_APPS_HD_CANCEL,18,HD
PHSP,19.1.4,ACCC_INSTALL_END,350,HD
MUSE,2014.2.1,ACCC_DL_START,1,PKG
AME,12.1,ACCC_APPS_HD_CANCEL,4,HD
IDSN,13.1,ACCC_DL_START,206524,HD
KBRG,8.1,ACCC_ERROR,1660,HD
AUDT,11.0.1,ACCC_INSTALL_END,19,HD
FLPR,13.0,ACCC_APPS_DL_CANCEL,2,RIBS
LRCC,1.4,ACCC_INSTALL_END,263,HD
LTRM,7.0,ACCC_ERROR,6,HD
FLPR,15.2.1,ACCC_INSTALL_END,123,HD
PHSP,16.0,ACCC_APPS_DL_CANCEL,70,RIBS
PHSP,19.1.1,ACCC_ERROR,3,HD
MUSE,2014.3.0,ACCC_INSTALL_END,1,RIBS
AUDT,11.0.2,ACCC_ERROR,4,HD
SPRK,0.6.14,ACCC_ERROR,1,HD
PPRO,11.1.4,ACCC_DL_START,4219,HD
FLPR,15.0,ACCC_ERROR,1,RIBS
DRWV,17.0.0,ACCC_INSTALL_END,3,HD
ESHR,1.0.1,ACCC_DL_START,121,HD
LTRM,7.4,ACCC_ERROR,36,HD
SPRK,0.6.34,ACCC_INSTALL_END,7,HD
RUSH,1.0,ACCC_APPS_HD_CANCEL,3377,HD
FLPR,19.0,ACCC_ERROR,702,HD
IDSN,14.0,ACCC_ERROR,3801,HD
AME,12.1,ACCC_ERROR,7,HD
AEFT,12.0,ACCC_APPS_INSTALL_CANCEL,21,RIBS
ILST,17.0,ACCC_APPS_DL_CANCEL,32,RIBS
AME,12.1.2,ACCC_ERROR,2784,HD
KBRG,7.0,ACCC_INSTALL_END,2564,HD
ILST,20.0.0,ACCC_INSTALL_END,83,HD
ILST,22.1,ACCC_INSTALL_END,312918,HD
PPRO,6.0,ACCC_INSTALL_END,4275,RIBS
PPRO,13.0,ACCC_INSTALL_END,320700,HD
DRWV,16.0.0,ACCC_ERROR,22,RIBS
AME,11.1.0,ACCC_DL_START,1,HD
AEFT,14.1.0,ACCC_DL_START,3,HD
ESHR,2.0,ACCC_DL_START,10796,HD
FLBR,4.7,ACCC_INSTALL_END,120,RIBS
PHSP,18.1.6,ACCC_INSTALL_END,10837,HD
PPRO,11.1.4,ACCC_ERROR,84,HD
IDSN,12.0.0,ACCC_DL_START,139,HD
PHSP,17.0,ACCC_APPS_HD_CANCEL,17,HD
PRLD,1.0,ACCC_APPS_INSTALL_CANCEL,13,RIBS
PHSP,20.0,ACCC_INSTALL_END,906951,HD
KBRG,6.3.1,ACCC_APPS_HD_CANCEL,47,HD
FLPR,15.2,ACCC_APPS_HD_CANCEL,2,HD
LTRM,5.7.1,ACCC_APPS_INSTALL_CANCEL,36,MSI
SPRK,0.6.32,ACCC_APPS_HD_CANCEL,1,HD
AEFT,14.2.2,ACCC_ERROR,52,HD
FLBR,4.7,ACCC_APPS_DL_CANCEL,3,RIBS
PRLD,7.1.1,ACCC_DL_START,14404,HD
SPRK,13.0.12,ACCC_DL_START,99555,HD
PHSP,19.1.5,ACCC_DL_START,1668,HD
MUSE,7.4,ACCC_ERROR,33,RIBS
LTRM,7.1,ACCC_DL_START,68,HD
KBRG,7.0,ACCC_DL_START,2810,HD
DRWV,18.1,ACCC_APPS_HD_CANCEL,8,HD
PRLD,8.0,ACCC_APPS_HD_CANCEL,297,HD
DRWV,13.0.0,ACCC_ERROR,3,RIBS
PHSP,17.0.2,ACCC_ERROR,105,HD
PRLD,1.0,ACCC_INSTALL_END,76,RIBS
DRWV,13.0.0,ACCC_APPS_INSTALL_CANCEL,3,RIBS
AICY,14.1,ACCC_INSTALL_END,9,HD
PHSP,19.1.3,ACCC_APPS_HD_CANCEL,12,HD
EDGE,4.0.1,ACCC_DL_START,3,RIBS
LTRM,5.7.1,ACCC_ERROR,6,PKG
KBRG,9.0,ACCC_DL_START,347937,HD
FWKS,12.0.0,ACCC_DL_START,738,RIBS
CHAR,2.0,ACCC_APPS_HD_CANCEL,618,HD
AEFT,15.1.2,ACCC_DL_START,143239,HD
MUSE,2018.0,ACCC_DL_START,41,HD
PRLD,7.0.0,ACCC_INSTALL_END,4,HD
CHAR,1.1.1,ACCC_INSTALL_END,28,HD
KBRG,6.3,ACCC_APPS_HD_CANCEL,2,HD
PRLD,6.1.3,ACCC_INSTALL_END,109,HD
FLPR,18.0.1,ACCC_APPS_HD_CANCEL,12,HD
IDSN,12.0.0,ACCC_INSTALL_END,126,HD
ESHR,1.1,ACCC_APPS_HD_CANCEL,1,HD
FLPR,18.0.2,ACCC_ERROR,411,HD
CHAR,1.5,ACCC_ERROR,239,HD
AICY,11.0,ACCC_APPS_DL_CANCEL,1,RIBS
KBRG,8.0.1,ACCC_DL_START,70,HD
PHSP,19.1,ACCC_APPS_HD_CANCEL,5,HD
MUSE,7.4,ACCC_INSTALL_END,3,RIBS
IDSN,9.0,ACCC_DL_START,255,RIBS
FLPR,16.5.1,ACCC_APPS_HD_CANCEL,45,HD
PRLD,2.0,ACCC_APPS_INSTALL_CANCEL,1,RIBS
AEFT,16.0,ACCC_ERROR,2468,HD
FUSE,2017.1,ACCC_APPS_DL_CANCEL,1329,RIBS
ILST,21.0.2,ACCC_APPS_HD_CANCEL,9,HD
ILST,22.1,ACCC_APPS_HD_CANCEL,7584,HD
ILST,21.0.2,ACCC_INSTALL_END,86,HD
PHSP,15.0,ACCC_APPS_DL_CANCEL,112,RIBS
PPRO,12.0.1,ACCC_DL_START,640,HD
AICY,14.0,ACCC_DL_START,48961,HD
KBRG,9.0,ACCC_INSTALL_END,338471,HD
AEFT,15.1.2,ACCC_INSTALL_END,136054,HD
ESHR,1.0.1,ACCC_ERROR,1,HD
ILST,23.0,ACCC_INSTALL_END,586379,HD
APRO,18.0,ACCC_DL_START,33237,PKG
IDSN,10.0,ACCC_ERROR,14,RIBS
ILST,16.0,ACCC_DL_START,1345,RIBS
ACR,11.0,ACCC_DL_START,1,HD
PHSP,16.0,ACCC_APPS_INSTALL_CANCEL,21,RIBS
RFLW,2.0,ACCC_ERROR,2,MSI
ESHR,1.1.1,ACCC_INSTALL_END,26829,HD
IDSN,10.0,ACCC_APPS_INSTALL_CANCEL,5,RIBS
LRCC,1.5,ACCC_INSTALL_END,152299,HD
IDSN,12.1.0,ACCC_APPS_HD_CANCEL,282,HD
IDSN,9.0,ACCC_APPS_DL_CANCEL,14,RIBS
MUSE,2018.0,ACCC_APPS_HD_CANCEL,2,HD
AME,13.0,ACCC_ERROR,4193,HD
SPRK,8.0.22,ACCC_DL_START,3,HD
PPRO,11.0.2,ACCC_DL_START,2,HD
CHAR,1.1.0,ACCC_ERROR,1,HD
LTRM,7.2,ACCC_APPS_HD_CANCEL,5,HD
PPRO,13.0,ACCC_DL_START,331604,HD
PPRO,6.0,ACCC_DL_START,4767,RIBS
MUSE,2017.0.2,ACCC_INSTALL_END,1,HD
AICY,9.0,ACCC_APPS_DL_CANCEL,1,RIBS
PPRO,9.0,ACCC_DL_START,5,RIBS
ILST,22.0.0,ACCC_INSTALL_END,327,HD
AME,12.1.2,ACCC_APPS_HD_CANCEL,20096,HD
AEFT,14.1.0,ACCC_INSTALL_END,3,HD
ASCT,1.1.3,ACCC_DL_START,100,MSI
MUSE,7.4,ACCC_APPS_DL_CANCEL,2,RIBS
DRWV,12.0.0,ACCC_APPS_INSTALL_CANCEL,14,RIBS
SPRK,0.5.10,ACCC_INSTALL_END,1,HD
PRLD,8.0,ACCC_INSTALL_END,42981,HD
PPRO,12.0.0,ACCC_INSTALL_END,605,HD
AME,12.1.1,ACCC_APPS_HD_CANCEL,25,HD
PRLD,8.0,ACCC_DL_START,43778,HD
IDSN,9.0,ACCC_INSTALL_END,220,RIBS
FLPR,15.1,ACCC_INSTALL_END,23,RIBS
PHSP,19.0.1,ACCC_APPS_HD_CANCEL,2,HD
ILST,17.0,ACCC_APPS_INSTALL_CANCEL,48,RIBS
IDSN,10.0,ACCC_DL_START,543,RIBS
DRWV,17.5.0,ACCC_APPS_HD_CANCEL,23,HD
SPRK,0.8.22,ACCC_DL_START,2,HD
LTRM,7.4,ACCC_INSTALL_END,696,HD
ILST,19.2.1,ACCC_INSTALL_END,698,HD
PPRO,12.1,ACCC_DL_START,600,HD
FUSE,2015.1,ACCC_APPS_DL_CANCEL,14,RIBS
AUDT,5.0,ACCC_ERROR,20,RIBS
ILST,19.1.1,ACCC_INSTALL_END,4,HD
FLPR,15.1,ACCC_ERROR,1,RIBS
AEFT,16.0,ACCC_INSTALL_END,232286,HD
ASCT,1.1.3,ACCC_APPS_DL_CANCEL,1,MSI
IDSN,12.1.0,ACCC_INSTALL_END,5797,HD
PPRO,6.0,ACCC_ERROR,280,RIBS
SPRK,0.5.22,ACCC_APPS_HD_CANCEL,9,HD
FLPR,15.1,ACCC_APPS_DL_CANCEL,8,RIBS
AME,11.1.0,ACCC_INSTALL_END,1,HD
LTRM,7.3,ACCC_ERROR,5,HD
FLPR,16.1,ACCC_DL_START,2,HD
LTRM,5.7.1,ACCC_INSTALL_END,99,PKG
AEFT,15.0.0,ACCC_INSTALL_END,284,HD
PHSP,15.0,ACCC_INSTALL_END,1119,RIBS
SPRK,13.0.10,ACCC_APPS_HD_CANCEL,5,HD
SPGD,7.0,ACCC_INSTALL_END,1,RIBS
EDGE,5.0,ACCC_DL_START,16,RIBS
EDGE,1.5,ACCC_DL_START,1,RIBS
MUSE,7.4,ACCC_APPS_INSTALL_CANCEL,2,RIBS
LRCC,1.0,ACCC_APPS_HD_CANCEL,6,HD
AICY,9.0,ACCC_ERROR,2,RIBS
ILST,19.0,ACCC_APPS_INSTALL_CANCEL,1,RIBS
FWKS,12.0.0,ACCC_ERROR,18,RIBS
ILST,19.0.1,ACCC_INSTALL_END,3,HD
PPRO,12.1.2,ACCC_DL_START,213677,HD
LTRM,5.7.1,ACCC_APPS_DL_CANCEL,65,MSI
AICY,8.0,ACCC_INSTALL_END,23,RIBS
AUDT,12.0,ACCC_INSTALL_END,135545,HD
FLPR,18.0,ACCC_ERROR,2,HD
FLBR,4.7,ACCC_ERROR,9,RIBS
SPGD,9.0,ACCC_DL_START,406,RIBS
ILST,22.0.1,ACCC_APPS_HD_CANCEL,58,HD
SPRK,9.1.12,ACCC_INSTALL_END,14,HD
APRO,19.0,ACCC_APPS_DL_CANCEL,1553,PKG
DRWV,16.0.0,ACCC_DL_START,364,RIBS
PPRO,6.0,ACCC_APPS_INSTALL_CANCEL,346,RIBS
PHSP,18.1.5,ACCC_INSTALL_END,78,HD
SPGD,6.0,ACCC_DL_START,1,RIBS
AICY,11.0,ACCC_ERROR,12,RIBS
CODE,1.0,ACCC_INSTALL_END,9,MSI
PPRO,11.1.1,ACCC_INSTALL_END,1,HD
AUDT,11.0.0,ACCC_INSTALL_END,26,HD
AEFT,15.1.1,ACCC_APPS_HD_CANCEL,60,HD
AME,12.1.2,ACCC_DL_START,254666,HD
CHAR,1.5,ACCC_APPS_HD_CANCEL,610,HD
LTRM,7.5,ACCC_INSTALL_END,137110,HD
LTRM,7.2,ACCC_INSTALL_END,87,HD
LRCC,1.0.1,ACCC_INSTALL_END,8,HD
ILST,19.0,ACCC_DL_START,18,RIBS
ANMLBETA,1.0.6,ACCC_ERROR,18,HD
MUSE,2015.2.0,ACCC_DL_START,2,HD
APRO,11.0.0,ACCC_DL_START,47,RIBS
APRO,17.0,ACCC_ERROR,2,PKG
PPRO,11.0.2,ACCC_INSTALL_END,2,HD
IDSN,13.0,ACCC_DL_START,380,HD
AEFT,13.0,ACCC_APPS_DL_CANCEL,18,RIBS
IDSN,14.0,ACCC_DL_START,415836,HD
FWKS,12.0.0,ACCC_APPS_INSTALL_CANCEL,38,RIBS
ILST,21.0.2,ACCC_ERROR,3,HD
SPRK,4.0.12,ACCC_INSTALL_END,3,HD
AICY,13.0.1,ACCC_DL_START,70,HD
KBRG,8.0,ACCC_DL_START,37,HD
AUDT,11.1,ACCC_APPS_HD_CANCEL,391,HD
KEMN,7.0,ACCC_ERROR,18,RIBS
DRWV,17.0.0,ACCC_DL_START,3,HD
PRLD,1.0,ACCC_DL_START,105,RIBS
IDSN,14.1,ACCC_DL_START,27,HD
AEFT,11.0,ACCC_APPS_INSTALL_CANCEL,47,RIBS
PHSP,19.0.1,ACCC_INSTALL_END,84,HD
LRCC,2.0.1,ACCC_APPS_HD_CANCEL,2015,HD
ESHR,2.0,ACCC_ERROR,116,HD
IDSN,8.0,ACCC_DL_START,898,RIBS
ILST,22.1,ACCC_DL_START,318712,HD
RFLW,2.0,ACCC_DL_START,99,PKG
DRWV,18.0,ACCC_DL_START,54,HD
FUSE,2017.1,ACCC_APPS_INSTALL_CANCEL,70,RIBS
IDSN,13.1,ACCC_ERROR,1820,HD
ANMLBETA,1.0.6,ACCC_INSTALL_END,2244,HD
MUSE,2015.2.1,ACCC_ERROR,1,HD
APRO,19.0,ACCC_DL_START,165947,APP
LTRM,8.0,ACCC_APPS_HD_CANCEL,1691,HD
AICY,13.1,ACCC_INSTALL_END,15659,HD
LTRM,7.4,ACCC_APPS_HD_CANCEL,52,HD
PPRO,7.0,ACCC_ERROR,65,RIBS
PHSP,19.1.1,ACCC_INSTALL_END,55,HD
IDSN,11.0,ACCC_DL_START,1807,RIBS
PHSP,18.1.6,ACCC_DL_START,12291,HD
KBRG,6.0,ACCC_APPS_INSTALL_CANCEL,1,RIBS
PHSP,19.0,ACCC_INSTALL_END,355,HD
PHSP,18.1.5,ACCC_ERROR,6,HD
AICY,12.0.0,ACCC_INSTALL_END,357,HD
FLPR,18.0.2,ACCC_INSTALL_END,36223,HD
TAPI,1.0,ACCC_DL_START,217,RIBS
PHSP,20.0,ACCC_ERROR,10006,HD
ESHR,1.0,ACCC_INSTALL_END,39,HD
AME,12.1.1,ACCC_ERROR,15,HD
APRO,19.0,ACCC_INSTALL_END,85561,PKG
LRCC,1.0,ACCC_DL_START,49,HD
SHDW,1.5,ACCC_DL_START,58,PKG
SPRK,9.1.12,ACCC_DL_START,15,HD
PPRO,7.0,ACCC_APPS_INSTALL_CANCEL,107,RIBS
KBRG,8.0.1,ACCC_ERROR,3,HD
LTRM,6.0,ACCC_INSTALL_END,2539,RIBS
PHSP,16.0,ACCC_ERROR,56,RIBS
PHSP,17.0.1,ACCC_INSTALL_END,91,HD
FUSE,2015.1,ACCC_INSTALL_END,37,RIBS
LTRM,7.0.1,ACCC_ERROR,3,HD
GSDK,1.4,ACCC_APPS_INSTALL_CANCEL,1,MSI
AUDT,12.0,ACCC_DL_START,137175,HD
PHSP,17.0.1,ACCC_DL_START,114,HD
ILST,19.1.1,ACCC_DL_START,5,HD
ESHR,1.1.1,ACCC_ERROR,309,HD
MUSE,2017.1.0,ACCC_INSTALL_END,39,HD
AEFT,14.2.2,ACCC_INSTALL_END,2779,HD
PHSP,19.1.3,ACCC_INSTALL_END,130,HD
ILST,22.0.1,ACCC_DL_START,1196,HD
IDSN,14.1,ACCC_APPS_HD_CANCEL,2,HD
DRWV,19.0,ACCC_DL_START,144093,HD
FUSE,2017.1,ACCC_ERROR,1700,RIBS
LRCC,2.0,ACCC_ERROR,300,HD
AICY,11.0,ACCC_DL_START,131,RIBS
FLPR,18.0.2,ACCC_APPS_HD_CANCEL,1323,HD
PHSP,17.0.1,ACCC_ERROR,7,HD
AUDT,11.0.1,ACCC_DL_START,21,HD
AICY,13.1,ACCC_APPS_HD_CANCEL,393,HD
DRWV,18.0,ACCC_INSTALL_END,49,HD
AUDT,11.1,ACCC_DL_START,28469,HD
FLPR,19.0,ACCC_DL_START,88649,HD
SPRK,0.5.10,ACCC_DL_START,1,HD
MUSE,2018.1.0,ACCC_INSTALL_END,9631,HD
FWKS,12.0.0,ACCC_INSTALL_END,705,RIBS
PHSP,18.1.5,ACCC_DL_START,91,HD
AICY,14.0,ACCC_INSTALL_END,47875,HD
DRWV,17.5.0,ACCC_ERROR,11,HD
PHSP,18.0,ACCC_ERROR,12,HD
ILST,20.1.0,ACCC_INSTALL_END,1569,HD
SPGD,7.0,ACCC_DL_START,1,RIBS
KETK,4.0,ACCC_DL_START,1073,RIBS
APRO,18.0,ACCC_APPS_DL_CANCEL,460,PKG
LTRM,7.3.1,ACCC_APPS_HD_CANCEL,12,HD
EDGE,2.0.1,ACCC_DL_START,1,RIBS
PPRO,11.1.4,ACCC_INSTALL_END,3902,HD
LTRM,6.0,ACCC_APPS_DL_CANCEL,116,RIBS
FLPR,12.0,ACCC_DL_START,503,RIBS
SPRK,12.0.12,ACCC_ERROR,1304,HD
AEFT,11.0,ACCC_DL_START,645,RIBS
AUDT,12.0,ACCC_APPS_HD_CANCEL,976,HD
DRWV,19.0,ACCC_INSTALL_END,141471,HD
FLPR,19.0,ACCC_APPS_HD_CANCEL,1206,HD
KBRG,6.0,ACCC_DL_START,190,RIBS
PPRO,12.1,ACCC_INSTALL_END,532,HD
SPRK,13.0.10,ACCC_DL_START,15,HD
LTRM,5.7.1,ACCC_DL_START,138,PKG
ESHR,1.0.1,ACCC_INSTALL_END,106,HD
FLPR,15.2.1,ACCC_ERROR,8,HD
PHSP,19.1.6,ACCC_ERROR,6183,HD
AUDT,11.0.2,ACCC_DL_START,55,HD
LRCC,1.1,ACCC_DL_START,21,HD
DRWV,17.0.1,ACCC_APPS_HD_CANCEL,1,HD
SPRK,1.0.12,ACCC_APPS_HD_CANCEL,1,HD
PPRO,12.1,ACCC_ERROR,40,HD
GSDK,1.3,ACCC_DL_START,1,MSI
GSDK,1.4,ACCC_APPS_DL_CANCEL,1,MSI
ILST,23.0,ACCC_DL_START,597127,HD
MUSE,2018.0,ACCC_ERROR,1,HD
KBRG,6.0,ACCC_INSTALL_END,178,RIBS
AEFT,15.1.1,ACCC_ERROR,32,HD
APRO,15.0,ACCC_ERROR,1,PKG
APRO,18.0,ACCC_APPS_INSTALL_CANCEL,1100,APP
KETK,4.0,ACCC_APPS_DL_CANCEL,14,RIBS
AEFT,14.2.2,ACCC_DL_START,2986,HD
KETK,4.0,ACCC_APPS_INSTALL_CANCEL,29,RIBS
KETK,4.0,ACCC_INSTALL_END,1028,RIBS
ILST,21.1.0,ACCC_APPS_HD_CANCEL,528,HD
PHSP,18.1.1,ACCC_APPS_HD_CANCEL,9,HD
MUSE,2018.1.0,ACCC_ERROR,67,HD
ESHR,1.0.1,ACCC_APPS_HD_CANCEL,3,HD
MUSE,2014.3.2,ACCC_INSTALL_END,1,RIBS
ILST,19.1.0,ACCC_INSTALL_END,3,HD
ILST,19.0.1,ACCC_APPS_HD_CANCEL,1,HD
LTRM,7.0,ACCC_DL_START,115,HD
PHSP,17.0.1,ACCC_APPS_HD_CANCEL,19,HD
ILST,19.0,ACCC_INSTALL_END,2,HD
LTRM,5.7.1,ACCC_INSTALL_END,1292,MSI
RFLW,2.0,ACCC_INSTALL_END,99,PKG
DRWV,15.0.0,ACCC_DL_START,94,RIBS
SPRK,0.5.22,ACCC_INSTALL_END,171,HD
APRO,17.0,ACCC_DL_START,99,PKG
PHSP,19.1.1,ACCC_DL_START,65,HD
AUDT,11.1.1,ACCC_ERROR,289,HD
DRWV,17.5.0,ACCC_DL_START,419,HD
PHSP,18.0,ACCC_DL_START,365,HD
FLPR,15.0,ACCC_APPS_INSTALL_CANCEL,2,RIBS
LTRM,7.3.1,ACCC_INSTALL_END,140,HD
ASCT,1.1.3,ACCC_INSTALL_END,44,PKG
LRCC,2.0.1,ACCC_ERROR,479,HD
FLPR,14.0,ACCC_INSTALL_END,33,RIBS
ILST,19.0,ACCC_DL_START,3,HD
AEFT,13.5,ACCC_ERROR,48,RIBS
ILST,21.0.2,ACCC_DL_START,94,HD
PHSP,19.1.6,ACCC_DL_START,562035,HD
PPRO,13.0,ACCC_ERROR,3210,HD
AEFT,11.0,ACCC_ERROR,26,RIBS
PPRO,7.0,ACCC_DL_START,821,RIBS
PPRO,12.0.0,ACCC_ERROR,27,HD
PHSP,18.1.1,ACCC_DL_START,46,HD
ESHR,1.0,ACCC_APPS_HD_CANCEL,2,HD
PPRO,12.1.2,ACCC_APPS_HD_CANCEL,8333,HD
CHAR,2.0,ACCC_ERROR,517,HD
FLPR,12.0,ACCC_ERROR,35,RIBS
EDGE,6.0,ACCC_APPS_INSTALL_CANCEL,3,RIBS
LTRM,7.3.1,ACCC_ERROR,12,HD
IDSN,13.0.1,ACCC_INSTALL_END,1053,HD
DRWV,13.0.0,ACCC_INSTALL_END,44,RIBS
IDSN,13.0.1,ACCC_DL_START,1115,HD
PHSP,18.1.6,ACCC_ERROR,292,HD
SPRK,12.0.12,ACCC_INSTALL_END,127559,HD
SPRK,11.0.22,ACCC_ERROR,162,HD
FLBR,4.7,ACCC_APPS_INSTALL_CANCEL,10,RIBS
PHSP,20.0,ACCC_APPS_HD_CANCEL,27701,HD
LTRM,7.0.1,ACCC_INSTALL_END,56,HD
SPRK,10.0.12,ACCC_DL_START,6,HD
PHSP,13.0,ACCC_APPS_DL_CANCEL,87,RIBS
APRO,18.0,ACCC_DL_START,59019,APP
AUDT,11.1,ACCC_ERROR,180,HD
AUDT,5.0,ACCC_APPS_DL_CANCEL,6,RIBS
PPRO,12.0.0,ACCC_DL_START,662,HD
FLPR,18.0.1,ACCC_INSTALL_END,88,HD
ILST,18.0,ACCC_APPS_DL_CANCEL,55,RIBS
PHSP,19.0,ACCC_DL_START,395,HD
FLPR,15.0,ACCC_DL_START,50,RIBS
PRLD,7.1,ACCC_ERROR,1,HD
AEFT,15.0.0,ACCC_APPS_HD_CANCEL,15,HD
PHSP,17.0.2,ACCC_INSTALL_END,1930,HD
ILST,21.0.1,ACCC_INSTALL_END,4,HD
DRWV,19.0,ACCC_ERROR,943,HD
KBRG,8.0.1,ACCC_INSTALL_END,65,HD
KEMN,7.0,ACCC_INSTALL_END,589,RIBS
MUSE,2017.0.2,ACCC_DL_START,1,HD
ANMLBETA,1.0.5,ACCC_INSTALL_END,3,HD
AUDT,5.0,ACCC_DL_START,360,RIBS
AEFT,11.0,ACCC_INSTALL_END,571,RIBS
AEFT,15.1.2,ACCC_APPS_HD_CANCEL,5517,HD
APRO,18.0,ACCC_APPS_INSTALL_CANCEL,160,PKG
AEFT,12.0,ACCC_INSTALL_END,230,RIBS
KBRG,8.1,ACCC_DL_START,138633,HD
RUSH,1.0,ACCC_ERROR,1114,HD
DRWV,12.0.0,ACCC_DL_START,233,RIBS
PPRO,12.1.1,ACCC_INSTALL_END,1483,HD
PPRO,7.0,ACCC_INSTALL_END,606,RIBS
SPGD,9.0,ACCC_ERROR,15,RIBS
ILST,21.1.0,ACCC_INSTALL_END,8314,HD
CODE,1.0,ACCC_ERROR,142,PKG
FLPR,14.0,ACCC_APPS_DL_CANCEL,8,RIBS
AEFT,16.0,ACCC_DL_START,243492,HD
ESHR,1.1.1,ACCC_APPS_HD_CANCEL,957,HD
EDGE,4.0.1,ACCC_INSTALL_END,3,RIBS
AEFT,15.0.0,ACCC_ERROR,7,HD
SPRK,0.8.22,ACCC_INSTALL_END,2,HD
PHSP,18.0,ACCC_INSTALL_END,316,HD
APRO,19.0,ACCC_INSTALL_END,155288,APP
AEFT,15.0.1,ACCC_ERROR,6,HD
GSDK,1.4,ACCC_INSTALL_END,25,PKG
PHSP,17.0,ACCC_DL_START,130,HD
AEFT,13.0,ACCC_INSTALL_END,437,RIBS
PHSP,18.0.1,ACCC_INSTALL_END,227,HD
FLPR,18.0.2,ACCC_DL_START,38496,HD
IDSN,8.0,ACCC_INSTALL_END,804,RIBS
DRWV,18.2,ACCC_ERROR,536,HD
PHSP,14.0,ACCC_ERROR,30,RIBS
LRCC,1.2,ACCC_INSTALL_END,25,HD
ILST,22.1,ACCC_ERROR,2781,HD
LTRM,7.3,ACCC_DL_START,101,HD
DRWV,18.0,ACCC_ERROR,2,HD
PHSP,20.0,ACCC_DL_START,944495,HD
AUDT,10.1.2,ACCC_DL_START,481,HD
DRWV,15.0.0,ACCC_ERROR,5,RIBS
AEFT,13.0,ACCC_DL_START,463,RIBS
FLPR,12.0,ACCC_INSTALL_END,396,RIBS
LTRM,6.0,ACCC_ERROR,260,RIBS
FLPR,19.0,ACCC_INSTALL_END,85204,HD
IDSN,14.0,ACCC_APPS_HD_CANCEL,7257,HD
SHDW,1.5,ACCC_ERROR,4,PKG
AEFT,13.0,ACCC_APPS_INSTALL_CANCEL,7,RIBS
SPRK,9.1.12,ACCC_ERROR,1,HD
MUSE,2018.1.0,ACCC_DL_START,9878,HD
AEFT,15.0.0,ACCC_DL_START,299,HD
AICY,12.0.0,ACCC_ERROR,5,HD
AME,12.1.1,ACCC_DL_START,276,HD
ILST,23.0,ACCC_APPS_HD_CANCEL,9236,HD
AICY,14.0,ACCC_ERROR,455,HD
AUDT,12.0,ACCC_ERROR,1040,HD
SPRK,11.0.22,ACCC_INSTALL_END,205,HD
LTRM,7.5,ACCC_ERROR,1347,HD
DRWV,17.5.0,ACCC_INSTALL_END,391,HD
LTRM,7.2,ACCC_ERROR,1,HD
PPRO,12.1.1,ACCC_DL_START,1661,HD
AME,12.0.1,ACCC_DL_START,171,HD
KBRG,6.3,ACCC_DL_START,9,HD
APRO,19.0,ACCC_DL_START,89079,PKG
FLPR,16.5.1,ACCC_INSTALL_END,533,HD
AUDT,5.0,ACCC_APPS_INSTALL_CANCEL,17,RIBS
ILST,18.0,ACCC_ERROR,29,RIBS
ILST,20.1.0,ACCC_DL_START,1671,HD
LTRM,7.5,ACCC_APPS_HD_CANCEL,5686,HD
DRWV,12.0.0,ACCC_APPS_DL_CANCEL,4,RIBS
PPRO,12.1.2,ACCC_ERROR,2821,HD
LRCC,1.4,ACCC_ERROR,20,HD
KBRG,9.0,ACCC_APPS_HD_CANCEL,4223,HD
ILST,19.0,ACCC_ERROR,1,RIBS
PPRO,13.0,ACCC_APPS_HD_CANCEL,8632,HD
ESHR,1.1,ACCC_INSTALL_END,32,HD
APRO,19.0,ACCC_ERROR,8408,APP
AUDT,11.1,ACCC_INSTALL_END,28073,HD
RUSH,1.0,ACCC_DL_START,86844,HD
PHSP,16.0,ACCC_INSTALL_END,748,RIBS
PHSP,18.1,ACCC_INSTALL_END,20,HD
AICY,13.1,ACCC_DL_START,16353,HD
ILST,22.0.0,ACCC_DL_START,382,HD
IDSN,8.0,ACCC_ERROR,35,RIBS
FUSE,2017.1,ACCC_DL_START,24967,RIBS
PHSP,19.0,ACCC_ERROR,17,HD
LTRM,8.0,ACCC_INSTALL_END,39618,HD
AUDT,6.0,ACCC_DL_START,86,RIBS
APRO,19.0,ACCC_ERROR,3708,PKG
CODE,1.0,ACCC_DL_START,142,PKG
LRCC,2.0.1,ACCC_DL_START,33571,HD
PHSP,18.0.1,ACCC_APPS_HD_CANCEL,37,HD
PRLD,7.0.1,ACCC_ERROR,1,HD
PHSP,16.0,ACCC_DL_START,891,RIBS
APRO,11.0.0,ACCC_INSTALL_END,30,RIBS
IDSN,13.1,ACCC_INSTALL_END,201748,HD
CODE,1.0,ACCC_APPS_INSTALL_CANCEL,1,PKG
AEFT,13.0,ACCC_ERROR,26,RIBS
ANMLBETA,1.0.6,ACCC_DL_START,2533,HD
EDGE,2.0.1,ACCC_INSTALL_END,1,RIBS
SPRK,13.0.10,ACCC_INSTALL_END,12,HD
IDSN,12.0.0,ACCC_ERROR,2,HD
SPRK,4.0.12,ACCC_DL_START,3,HD
MUSE,2015.0.2,ACCC_DL_START,7,RIBS
CHAR,1.1.1,ACCC_ERROR,1,HD
IDSN,13.0,ACCC_ERROR,15,HD
EDGE,3.0,ACCC_INSTALL_END,2,RIBS
SPRK,0.6.34,ACCC_APPS_HD_CANCEL,1,HD
PPRO,11.1.4,ACCC_APPS_HD_CANCEL,311,HD
PHSP,14.0,ACCC_APPS_INSTALL_CANCEL,8,RIBS
IDSN,14.1,ACCC_INSTALL_END,25,HD
AME,13.0,ACCC_APPS_HD_CANCEL,14771,HD
LRCC,1.5,ACCC_APPS_HD_CANCEL,9573,HD
CHAR,2.0,ACCC_DL_START,59819,HD
LRCC,1.5,ACCC_DL_START,161916,HD
KBRG,8.1,ACCC_APPS_HD_CANCEL,4967,HD
DRWV,12.0.0,ACCC_ERROR,10,RIBS
AEFT,12.0,ACCC_DL_START,268,RIBS
ILST,21.1.0,ACCC_DL_START,8861,HD
AUDT,11.1.1,ACCC_APPS_HD_CANCEL,656,HD
AEFT,15.0.1,ACCC_APPS_HD_CANCEL,11,HD
LTRM,6.0,ACCC_DL_START,2908,RIBS
APRO,11.0.0,ACCC_ERROR,16,RIBS
AICY,13.0.1,ACCC_APPS_HD_CANCEL,4,HD
