product,vers,code,ecount,etype
DRWV,18.1,ACCC_APPS_UPDATE_INSTALL_START,2,HD
LTRM,7.3.1,ACCC_APPS_UPDATE_INSTALL_CANCEL,1,HD
AUDT,12.0,ACCC_APPS_UPDATE_DL_CANCEL,1,HD
PHSP,19.1.5,ACCC_APPS_UPDATE_DL_START,76,HD
PRLD,1.0,ACCC_APPS_UPDATE_INSTALL_CANCEL,9,RIBS
SPRK,6.0.12,ACCC_APPS_UPDATE_FAIL,94,HD
ILST,18.0,ACCC_APPS_UPDATE_FAIL,40,RIBS
PHSP,18.0.1,ACCC_APPS_UPDATE_SUCCESS,73,HD
EDGE,5.0,ACCC_APPS_UPDATE_FAIL,2,RIBS
LRCC,1.5,ACCC_APPS_UPDATE_DL_CANCEL,4986,HD
AICY,8.0,ACCC_APPS_UPDATE_ERROR,9,RIBS
FWKS,12.0.0,ACCC_APPS_UPDATE_INSTALL_START,3527,RIBS
FLPR,15.2.1,ACCC_APPS_UPDATE_SUCCESS,74,HD
AEFT,13.8.1,ACCC_APPS_UPDATE_DL_CANCEL,6,HD
FWKS,12.0.0,ACCC_APPS_UPDATE_SUCCESS,3168,RIBS
LTRM,6.0,ACCC_APPS_UPDATE_ERROR,705,RIBS
AUDT,11.1,ACCC_APPS_UPDATE_FAIL,47,HD
MUSE,2018.1.0,ACCC_APPS_UPDATE_INSTALL_START,10925,HD
DRWV,19.0,ACCC_APPS_UPDATE_INSTALL_START,109,HD
AICY,14.0,ACCC_APPS_UPDATE_SUCCESS,48,HD
SPRK,6.0.12,ACCC_APPS_UPDATE_ERROR,1,HD
IDSN,8.0,ACCC_APPS_UPDATE_INSTALL_CANCEL,132,RIBS
SPRK,4.0.12,ACCC_APPS_UPDATE_DL_END,95,HD
AEFT,13.5,ACCC_APPS_UPDATE_DL_CANCEL,179,RIBS
AICY,11.0,ACCC_APPS_UPDATE_SUCCESS,121,RIBS
MUSE,2018.1.0,ACCC_APPS_UPDATE_FAIL,79,HD
DRWV,19.0,ACCC_APPS_UPDATE_SUCCESS,107,HD
PRLD,6.1.3,ACCC_APPS_UPDATE_DL_END,313,HD
MUSE,2015.2.1,ACCC_APPS_UPDATE_DL_START,45,HD
SPRK,13.0.10,ACCC_APPS_UPDATE_DL_END,14,HD
SPRK,0.6.24,ACCC_APPS_UPDATE_FAIL,1,HD
LRCC,1.4,ACCC_APPS_UPDATE_INSTALL_START,8,HD
PHSP,18.1.3,ACCC_APPS_UPDATE_INSTALL_START,2,HD
SPRK,9.0.12,ACCC_APPS_UPDATE_DL_CANCEL,3,HD
LRCC,1.4,ACCC_APPS_UPDATE_DL_END,7,HD
PRLD,4.0,ACCC_APPS_UPDATE_INSTALL_START,47,RIBS
AICY,14.0,ACCC_APPS_UPDATE_DL_CANCEL,1,HD
AEFT,16.0,ACCC_APPS_UPDATE_DL_START,140,HD
PHSP,17.0,ACCC_APPS_UPDATE_INSTALL_CANCEL,1,HD
FLPR,18.0.2,ACCC_APPS_UPDATE_INSTALL_CANCEL,744,HD
FLPR,19.0,ACCC_APPS_UPDATE_INSTALL_CANCEL,5,HD
SPRK,7.0.12,ACCC_APPS_UPDATE_INSTALL_CANCEL,6,HD
ILST,19.2.1,ACCC_APPS_UPDATE_INSTALL_CANCEL,10,HD
EDGE,5.0,ACCC_APPS_UPDATE_DL_CANCEL,1,RIBS
ACR,10.0,ACCC_APPS_UPDATE_INSTALL_START,2,HD
ILST,18.0,ACCC_APPS_UPDATE_DL_CANCEL,29,RIBS
PHSP,19.1.6,ACCC_APPS_UPDATE_DL_START,678333,HD
LTRM,8.0,ACCC_APPS_UPDATE_DL_END,572384,HD
RUSH,0.1.0,ACCC_APPS_UPDATE_SUCCESS,1,HD
DRWV,18.2,ACCC_APPS_UPDATE_FAIL,337,HD
AUDT,10.1.2,ACCC_APPS_UPDATE_INSTALL_START,1360,HD
PPRO,7.0,ACCC_APPS_UPDATE_DL_START,635,RIBS
PHSP,18.1.6,ACCC_APPS_UPDATE_FAIL,1198,HD
SPGD,6.0,ACCC_APPS_UPDATE_DL_CANCEL,26,RIBS
SPRK,0.5.22,ACCC_APPS_UPDATE_INSTALL_START,52,HD
ILST,22.1,ACCC_APPS_UPDATE_SUCCESS,60035,HD
PHSP,20.0,ACCC_APPS_UPDATE_DL_START,242,HD
SPRK,11.0.22,ACCC_APPS_UPDATE_ERROR,1,HD
SPRK,0.5.22,ACCC_APPS_UPDATE_SUCCESS,53,HD
PRLD,1.0,ACCC_APPS_UPDATE_INSTALL_START,1284,RIBS
RUSH,1.0,ACCC_APPS_UPDATE_SUCCESS,844,HD
AUDT,7.0,ACCC_APPS_UPDATE_INSTALL_START,37,RIBS
ACR,10.5,ACCC_APPS_UPDATE_ERROR,1402,HD
IDSN,12.1.0,ACCC_APPS_UPDATE_DL_END,2726,HD
ILST,17.0,ACCC_APPS_UPDATE_SUCCESS,349,RIBS
IDSN,12.1.0,ACCC_APPS_UPDATE_DL_START,3964,HD
LTRM,7.4,ACCC_APPS_UPDATE_ERROR,1,HD
AUDT,6.0,ACCC_APPS_UPDATE_FAIL,2,RIBS
PRLD,2.0,ACCC_APPS_UPDATE_DL_END,14,RIBS
ESHR,1.0.1,ACCC_APPS_UPDATE_DL_END,38,HD
AME,11.1.4,ACCC_APPS_UPDATE_FAIL,57,HD
AICY,12.0.0,ACCC_APPS_UPDATE_SUCCESS,102,HD
LRCC,2.0.1,ACCC_APPS_UPDATE_INSTALL_CANCEL,4511,HD
LRCC,1.4,ACCC_APPS_UPDATE_DL_START,8,HD
PHSP,19.1,ACCC_APPS_UPDATE_DL_CANCEL,1,HD
KEMN,7.0,ACCC_APPS_UPDATE_DL_START,2201,RIBS
PRLD,3.0,ACCC_APPS_UPDATE_DL_START,9,RIBS
PHSP,19.1.1,ACCC_APPS_UPDATE_DL_CANCEL,2,HD
IDSN,14.1,ACCC_APPS_UPDATE_INSTALL_CANCEL,1,HD
FLPR,15.0,ACCC_APPS_UPDATE_ERROR,16,RIBS
PRLD,4.0,ACCC_APPS_UPDATE_DL_CANCEL,2,RIBS
AEFT,15.1.2,ACCC_APPS_UPDATE_ERROR,833,HD
ACR,10.1,ACCC_APPS_UPDATE_DL_END,2,HD
ACR,9.12.1,ACCC_APPS_UPDATE_INSTALL_CANCEL,54,HD
SPGD,7.0,ACCC_APPS_UPDATE_DL_END,18,RIBS
ILST,23.0,ACCC_APPS_UPDATE_INSTALL_START,251,HD
ACR,9.12.1,ACCC_APPS_UPDATE_DL_END,553,HD
AME,8.0,ACCC_APPS_UPDATE_DL_CANCEL,9,RIBS
IDSN,14.0,ACCC_APPS_UPDATE_INSTALL_CANCEL,9,HD
SPGD,7.0,ACCC_APPS_UPDATE_DL_START,19,RIBS
LRCC,1.3,ACCC_APPS_UPDATE_DL_END,4,HD
FLPR,13.0,ACCC_APPS_UPDATE_DL_CANCEL,7,RIBS
PRLD,1.0,ACCC_APPS_UPDATE_DL_END,1346,RIBS
FLPR,15.0,ACCC_APPS_UPDATE_INSTALL_START,233,RIBS
AEFT,13.0,ACCC_APPS_UPDATE_DL_END,769,RIBS
PPRO,12.1.2,ACCC_APPS_UPDATE_DL_CANCEL,8871,HD
PHSP,18.0.1,ACCC_APPS_UPDATE_DL_START,89,HD
AEFT,13.0,ACCC_APPS_UPDATE_DL_START,841,RIBS
LRCC,1.4,ACCC_APPS_UPDATE_DL_CANCEL,1,HD
KBRG,6.0,ACCC_APPS_UPDATE_INSTALL_START,1102,RIBS
SPRK,4.0.12,ACCC_APPS_UPDATE_DL_START,98,HD
FLPR,12.0,ACCC_APPS_UPDATE_DL_CANCEL,339,RIBS
KBRG,9.0,ACCC_APPS_UPDATE_INSTALL_START,52,HD
LRCC,1.3,ACCC_APPS_UPDATE_FAIL,1,HD
RUSH,1.0,ACCC_APPS_UPDATE_DL_CANCEL,22,HD
SPRK,11.0.22,ACCC_APPS_UPDATE_DL_CANCEL,24,HD
AEFT,14.1.0,ACCC_APPS_UPDATE_DL_START,1,HD
MUSE,2018.1.0,ACCC_APPS_UPDATE_ERROR,106,HD
AICY,14.1,ACCC_APPS_UPDATE_DL_CANCEL,2,HD
PRLD,7.1.1,ACCC_APPS_UPDATE_DL_CANCEL,132,HD
PHSP,19.1.5,ACCC_APPS_UPDATE_DL_CANCEL,7,HD
PPRO,8.0,ACCC_APPS_UPDATE_INSTALL_CANCEL,3,RIBS
DRWV,13.0.0,ACCC_APPS_UPDATE_INSTALL_START,58,RIBS
PPRO,12.1,ACCC_APPS_UPDATE_INSTALL_CANCEL,1,HD
ESHR,1.1,ACCC_APPS_UPDATE_INSTALL_START,1,HD
AEFT,15.1,ACCC_APPS_UPDATE_DL_END,3,HD
SPRK,8.0.22,ACCC_APPS_UPDATE_DL_CANCEL,13,HD
PPRO,12.1,ACCC_APPS_UPDATE_INSTALL_START,3,HD
FWKS,12.0.0,ACCC_APPS_UPDATE_ERROR,412,RIBS
PHSP,17.0.2,ACCC_APPS_UPDATE_ERROR,53,HD
SPGD,6.0,ACCC_APPS_UPDATE_DL_END,1168,RIBS
ACR,10.4,ACCC_APPS_UPDATE_INSTALL_CANCEL,3,HD
AME,12.0.1,ACCC_APPS_UPDATE_DL_START,1,HD
AEFT,14.1.0,ACCC_APPS_UPDATE_INSTALL_START,1,HD
SPGD,9.0,ACCC_APPS_UPDATE_DL_START,698,RIBS
AICY,9.0,ACCC_APPS_UPDATE_FAIL,2,RIBS
PHSP,14.0,ACCC_APPS_UPDATE_DL_CANCEL,141,RIBS
ANMLBETA,1.0.6,ACCC_APPS_UPDATE_ERROR,21,HD
PHSP,17.0.2,ACCC_APPS_UPDATE_SUCCESS,2261,HD
PHSP,15.0,ACCC_APPS_UPDATE_DL_START,2099,RIBS
ESHR,1.1.1,ACCC_APPS_UPDATE_INSTALL_START,10162,HD
FLPR,12.0,ACCC_APPS_UPDATE_INSTALL_START,3377,RIBS
LRCC,2.0.1,ACCC_APPS_UPDATE_ERROR,499,HD
PRLD,6.1.3,ACCC_APPS_UPDATE_DL_START,329,HD
PHSP,18.1.3,ACCC_APPS_UPDATE_SUCCESS,2,HD
ACR,11.0,ACCC_APPS_UPDATE_SUCCESS,764894,HD
ILST,16.0,ACCC_APPS_UPDATE_SUCCESS,11251,RIBS
RUSH,1.0,ACCC_APPS_UPDATE_FAIL,10,HD
SPRK,2.0.32,ACCC_APPS_UPDATE_DL_CANCEL,1,HD
PRLD,7.1.1,ACCC_APPS_UPDATE_SUCCESS,12326,HD
AME,12.1.2,ACCC_APPS_UPDATE_FAIL,1042,HD
PHSP,19.1.5,ACCC_APPS_UPDATE_SUCCESS,60,HD
PHSP,18.0.1,ACCC_APPS_UPDATE_DL_CANCEL,8,HD
ILST,23.0,ACCC_APPS_UPDATE_DL_START,251,HD
LRCC,2.0,ACCC_APPS_UPDATE_ERROR,537,HD
AICY,12.0.0,ACCC_APPS_UPDATE_ERROR,1,HD
SPRK,13.0.12,ACCC_APPS_UPDATE_SUCCESS,164732,HD
SPGD,8.0,ACCC_APPS_UPDATE_FAIL,5,RIBS
PPRO,12.1.1,ACCC_APPS_UPDATE_DL_START,22,HD
KBRG,9.0,ACCC_APPS_UPDATE_SUCCESS,50,HD
PRLD,8.0,ACCC_APPS_UPDATE_SUCCESS,3,HD
KBRG,8.1,ACCC_APPS_UPDATE_DL_CANCEL,1837,HD
ILST,20.1.0,ACCC_APPS_UPDATE_ERROR,14,HD
PHSP,19.0.1,ACCC_APPS_UPDATE_INSTALL_START,1,HD
SPRK,8.0.22,ACCC_APPS_UPDATE_ERROR,3,HD
AEFT,13.8.0,ACCC_APPS_UPDATE_SUCCESS,112,HD
SPRK,0.8.22,ACCC_APPS_UPDATE_DL_CANCEL,2,HD
ESHR,1.1,ACCC_APPS_UPDATE_DL_END,1,HD
IDSN,14.0,ACCC_APPS_UPDATE_FAIL,3,HD
AEFT,13.8.0,ACCC_APPS_UPDATE_DL_CANCEL,5,HD
SPRK,9.0.12,ACCC_APPS_UPDATE_SUCCESS,9,HD
SPRK,2.0.32,ACCC_APPS_UPDATE_SUCCESS,7,HD
KBRG,7.0,ACCC_APPS_UPDATE_ERROR,2,HD
FLPR,18.0.1,ACCC_APPS_UPDATE_SUCCESS,1,HD
PHSP,18.0.1,ACCC_APPS_UPDATE_INSTALL_CANCEL,8,HD
SPRK,9.1.12,ACCC_APPS_UPDATE_DL_CANCEL,20,HD
LTRM,7.2,ACCC_APPS_UPDATE_INSTALL_CANCEL,1,HD
FLPR,15.1,ACCC_APPS_UPDATE_DL_CANCEL,6,RIBS
PPRO,7.0,ACCC_APPS_UPDATE_INSTALL_CANCEL,14,RIBS
PHSP,18.1.1,ACCC_APPS_UPDATE_INSTALL_CANCEL,1,HD
LRCC,1.5,ACCC_APPS_UPDATE_SUCCESS,141509,HD
AUDT,11.1.1,ACCC_APPS_UPDATE_FAIL,102,HD
ILST,20.1.0,ACCC_APPS_UPDATE_DL_START,813,HD
DRWV,17.5.0,ACCC_APPS_UPDATE_INSTALL_CANCEL,45,HD
SPRK,5.0.12,ACCC_APPS_UPDATE_INSTALL_CANCEL,4,HD
ACR,10.5,ACCC_APPS_UPDATE_INSTALL_START,297131,HD
PHSP,16.0,ACCC_APPS_UPDATE_INSTALL_START,4975,RIBS
SPRK,2.1.32,ACCC_APPS_UPDATE_DL_CANCEL,2,HD
ILST,21.1.0,ACCC_APPS_UPDATE_SUCCESS,4721,HD
FLPR,14.0,ACCC_APPS_UPDATE_FAIL,13,RIBS
PHSP,18.1.6,ACCC_APPS_UPDATE_ERROR,253,HD
PHSP,19.1.5,ACCC_APPS_UPDATE_INSTALL_START,77,HD
PHSP,16.0,ACCC_APPS_UPDATE_FAIL,665,RIBS
EDGE,5.0,ACCC_APPS_UPDATE_DL_START,17,RIBS
ESHR,1.0.1,ACCC_APPS_UPDATE_DL_START,42,HD
DRWV,15.0.0,ACCC_APPS_UPDATE_SUCCESS,32,RIBS
SPRK,9.1.12,ACCC_APPS_UPDATE_INSTALL_CANCEL,20,HD
SPRK,5.0.12,ACCC_APPS_UPDATE_ERROR,1,HD
AUDT,8.0,ACCC_APPS_UPDATE_FAIL,10,RIBS
ILST,23.0,ACCC_APPS_UPDATE_DL_CANCEL,20,HD
ACR,9.6.1,ACCC_APPS_UPDATE_SUCCESS,9,HD
AEFT,15.1.1,ACCC_APPS_UPDATE_INSTALL_START,8,HD
FLPR,14.0,ACCC_APPS_UPDATE_INSTALL_START,90,RIBS
ACR,10.2,ACCC_APPS_UPDATE_DL_START,2,HD
AEFT,13.8.0,ACCC_APPS_UPDATE_INSTALL_CANCEL,5,HD
AUDT,11.1.1,ACCC_APPS_UPDATE_ERROR,133,HD
SPRK,2.1.32,ACCC_APPS_UPDATE_SUCCESS,22,HD
SPRK,0.5.22,ACCC_APPS_UPDATE_ERROR,0,HD
SPRK,1.0.12,ACCC_APPS_UPDATE_SUCCESS,93,HD
AEFT,16.0,ACCC_APPS_UPDATE_DL_CANCEL,7,HD
LTRM,7.3,ACCC_APPS_UPDATE_DL_END,1,HD
ACR,9.6.1,ACCC_APPS_UPDATE_INSTALL_CANCEL,1,HD
PHSP,19.1.4,ACCC_APPS_UPDATE_INSTALL_START,14,HD
KBRG,9.0,ACCC_APPS_UPDATE_INSTALL_CANCEL,2,HD
SPRK,0.6.24,ACCC_APPS_UPDATE_DL_END,10,HD
AUDT,6.0,ACCC_APPS_UPDATE_ERROR,9,RIBS
ILST,22.1,ACCC_APPS_UPDATE_FAIL,1239,HD
DRWV,18.1,ACCC_APPS_UPDATE_SUCCESS,1,HD
ACR,9.6.1,ACCC_APPS_UPDATE_DL_START,10,HD
ACR,9.12.1,ACCC_APPS_UPDATE_ERROR,4,HD
AICY,10.0,ACCC_APPS_UPDATE_DL_CANCEL,1,RIBS
SPRK,7.0.12,ACCC_APPS_UPDATE_FAIL,263,HD
AUDT,7.0,ACCC_APPS_UPDATE_ERROR,1,RIBS
AICY,14.1,ACCC_APPS_UPDATE_DL_END,7,HD
IDSN,9.0,ACCC_APPS_UPDATE_DL_END,447,RIBS
SPRK,6.0.12,ACCC_APPS_UPDATE_DL_START,105,HD
SPRK,1.0.12,ACCC_APPS_UPDATE_INSTALL_START,102,HD
DRWV,12.0.0,ACCC_APPS_UPDATE_DL_CANCEL,232,RIBS
AICY,13.1,ACCC_APPS_UPDATE_INSTALL_CANCEL,57,HD
PRLD,1.0,ACCC_APPS_UPDATE_SUCCESS,1160,RIBS
IDSN,14.1,ACCC_APPS_UPDATE_SUCCESS,22,HD
KBRG,6.0,ACCC_APPS_UPDATE_DL_CANCEL,56,RIBS
KBRG,8.0.1,ACCC_APPS_UPDATE_INSTALL_START,3,HD
LRCC,1.5,ACCC_APPS_UPDATE_FAIL,766,HD
SPRK,3.1.12,ACCC_APPS_UPDATE_DL_START,125,HD
KBRG,8.0.1,ACCC_APPS_UPDATE_SUCCESS,3,HD
LRCC,1.5,ACCC_APPS_UPDATE_ERROR,539,HD
SPRK,2.1.32,ACCC_APPS_UPDATE_FAIL,46,HD
AICY,14.1,ACCC_APPS_UPDATE_DL_START,9,HD
AICY,12.0.0,ACCC_APPS_UPDATE_INSTALL_CANCEL,1,HD
PPRO,9.0,ACCC_APPS_UPDATE_DL_START,1124,RIBS
PHSP,18.0.1,ACCC_APPS_UPDATE_ERROR,5,HD
PRLD,2.0,ACCC_APPS_UPDATE_SUCCESS,11,RIBS
KEMN,7.0,ACCC_APPS_UPDATE_INSTALL_CANCEL,3,RIBS
SPGD,8.0,ACCC_APPS_UPDATE_DL_START,31,RIBS
LTRM,7.3.1,ACCC_APPS_UPDATE_SUCCESS,4,HD
RUSH,1.0,ACCC_APPS_UPDATE_INSTALL_START,868,HD
PPRO,12.1,ACCC_APPS_UPDATE_DL_START,3,HD
PHSP,19.1.1,ACCC_APPS_UPDATE_SUCCESS,2,HD
SPRK,0.8.22,ACCC_APPS_UPDATE_ERROR,2,HD
DRWV,18.2,ACCC_APPS_UPDATE_DL_CANCEL,686,HD
MUSE,2017.1.0,ACCC_APPS_UPDATE_INSTALL_CANCEL,69,HD
PHSP,13.0,ACCC_APPS_UPDATE_FAIL,17093,RIBS
LTRM,7.4,ACCC_APPS_UPDATE_DL_END,27,HD
PPRO,12.1.1,ACCC_APPS_UPDATE_DL_CANCEL,4,HD
AEFT,13.5,ACCC_APPS_UPDATE_FAIL,188,RIBS
FLPR,15.1,ACCC_APPS_UPDATE_FAIL,7,RIBS
AEFT,14.1.0,ACCC_APPS_UPDATE_DL_END,1,HD
CHAR,2.0,ACCC_APPS_UPDATE_DL_CANCEL,4,HD
PHSP,19.0.1,ACCC_APPS_UPDATE_DL_START,1,HD
SPRK,5.0.12,ACCC_APPS_UPDATE_FAIL,104,HD
PRLD,2.0,ACCC_APPS_UPDATE_FAIL,5,RIBS
PRLD,8.0,ACCC_APPS_UPDATE_DL_START,2,HD
AUDT,10.1.2,ACCC_APPS_UPDATE_FAIL,23,HD
ACR,10.4,ACCC_APPS_UPDATE_INSTALL_START,34,HD
AICY,11.0,ACCC_APPS_UPDATE_DL_CANCEL,4,RIBS
AME,8.0,ACCC_APPS_UPDATE_SUCCESS,82,RIBS
FLPR,18.0.2,ACCC_APPS_UPDATE_ERROR,180,HD
PHSP,20.0,ACCC_APPS_UPDATE_SUCCESS,228,HD
CHAR,1.5,ACCC_APPS_UPDATE_ERROR,15,HD
PHSP,18.1.1,ACCC_APPS_UPDATE_INSTALL_START,2,HD
AICY,12.0.0,ACCC_APPS_UPDATE_DL_CANCEL,1,HD
KEMN,7.0,ACCC_APPS_UPDATE_INSTALL_START,2130,RIBS
FLPR,14.0,ACCC_APPS_UPDATE_DL_CANCEL,2,RIBS
DRWV,13.0.0,ACCC_APPS_UPDATE_INSTALL_CANCEL,1,RIBS
AICY,14.1,ACCC_APPS_UPDATE_SUCCESS,7,HD
SPRK,13.0.10,ACCC_APPS_UPDATE_DL_START,20,HD
AEFT,13.0,ACCC_APPS_UPDATE_FAIL,73,RIBS
SPRK,10.0.12,ACCC_APPS_UPDATE_ERROR,1,HD
SPRK,0.8.22,ACCC_APPS_UPDATE_SUCCESS,276,HD
AME,8.0,ACCC_APPS_UPDATE_DL_END,90,RIBS
IDSN,11.0,ACCC_APPS_UPDATE_FAIL,236,RIBS
PRLD,1.0,ACCC_APPS_UPDATE_ERROR,53,RIBS
FLPR,13.0,ACCC_APPS_UPDATE_SUCCESS,90,RIBS
DRWV,17.5.0,ACCC_APPS_UPDATE_DL_CANCEL,41,HD
PHSP,19.1.4,ACCC_APPS_UPDATE_DL_START,14,HD
SPRK,5.0.12,ACCC_APPS_UPDATE_DL_CANCEL,4,HD
SPGD,9.0,ACCC_APPS_UPDATE_INSTALL_START,665,RIBS
PPRO,7.0,ACCC_APPS_UPDATE_INSTALL_START,526,RIBS
PHSP,18.1.1,ACCC_APPS_UPDATE_DL_START,2,HD
SPRK,1.0.12,ACCC_APPS_UPDATE_DL_START,103,HD
AUDT,6.0,ACCC_APPS_UPDATE_INSTALL_CANCEL,1,RIBS
ILST,16.0,ACCC_APPS_UPDATE_INSTALL_START,13547,RIBS
PHSP,17.0.2,ACCC_APPS_UPDATE_DL_END,2275,HD
SPRK,7.0.12,ACCC_APPS_UPDATE_DL_START,283,HD
SPRK,9.1.12,ACCC_APPS_UPDATE_SUCCESS,40,HD
SPRK,8.0.22,ACCC_APPS_UPDATE_INSTALL_CANCEL,15,HD
SPRK,3.0.12,ACCC_APPS_UPDATE_FAIL,11,HD
AUDT,5.0,ACCC_APPS_UPDATE_DL_END,2971,RIBS
AME,13.0,ACCC_APPS_UPDATE_DL_END,78,HD
FLPR,13.0,ACCC_APPS_UPDATE_INSTALL_CANCEL,1,RIBS
ILST,18.0,ACCC_APPS_UPDATE_INSTALL_START,424,RIBS
AEFT,13.0,ACCC_APPS_UPDATE_DL_CANCEL,71,RIBS
AICY,13.1,ACCC_APPS_UPDATE_DL_CANCEL,52,HD
PPRO,8.0,ACCC_APPS_UPDATE_DL_CANCEL,19,RIBS
PHSP,19.1,ACCC_APPS_UPDATE_SUCCESS,2,HD
PHSP,17.0.2,ACCC_APPS_UPDATE_DL_START,2712,HD
ILST,19.0,ACCC_APPS_UPDATE_INSTALL_START,698,RIBS
IDSN,9.0,ACCC_APPS_UPDATE_DL_CANCEL,42,RIBS
SPRK,0.8.22,ACCC_APPS_UPDATE_FAIL,2,HD
LRCC,2.0,ACCC_APPS_UPDATE_INSTALL_START,230042,HD
SPRK,11.0.22,ACCC_APPS_UPDATE_FAIL,106,HD
SPRK,4.0.12,ACCC_APPS_UPDATE_DL_CANCEL,1,HD
SPRK,0.6.24,ACCC_APPS_UPDATE_DL_START,10,HD
AUDT,6.0,ACCC_APPS_UPDATE_INSTALL_START,59,RIBS
IDSN,12.1.0,ACCC_APPS_UPDATE_FAIL,41,HD
KEMN,7.0,ACCC_APPS_UPDATE_FAIL,256,RIBS
AUDT,6.0,ACCC_APPS_UPDATE_SUCCESS,52,RIBS
PHSP,18.1.5,ACCC_APPS_UPDATE_DL_END,3,HD
AME,11.1.4,ACCC_APPS_UPDATE_INSTALL_START,4484,HD
MUSE,2017.1.0,ACCC_APPS_UPDATE_DL_START,1695,HD
PRLD,4.0,ACCC_APPS_UPDATE_SUCCESS,42,RIBS
ACR,10.0,ACCC_APPS_UPDATE_DL_START,2,HD
AEFT,13.0,ACCC_APPS_UPDATE_INSTALL_CANCEL,3,RIBS
LRCC,1.3,ACCC_APPS_UPDATE_INSTALL_START,4,HD
SPGD,7.0,ACCC_APPS_UPDATE_INSTALL_START,18,RIBS
PRLD,8.0,ACCC_APPS_UPDATE_ERROR,190,HD
ESHR,1.1.1,ACCC_APPS_UPDATE_FAIL,97,HD
PHSP,18.1.5,ACCC_APPS_UPDATE_DL_START,3,HD
AUDT,11.1,ACCC_APPS_UPDATE_ERROR,35,HD
PHSP,19.1.6,ACCC_APPS_UPDATE_DL_END,637021,HD
FLPR,12.0,ACCC_APPS_UPDATE_SUCCESS,3114,RIBS
KBRG,6.0,ACCC_APPS_UPDATE_FAIL,112,RIBS
KBRG,9.0,ACCC_APPS_UPDATE_DL_END,50,HD
SPRK,12.0.12,ACCC_APPS_UPDATE_DL_CANCEL,1045,HD
DRWV,19.0,ACCC_APPS_UPDATE_ERROR,711,HD
AME,8.0,ACCC_APPS_UPDATE_ERROR,2,RIBS
AEFT,14.1.0,ACCC_APPS_UPDATE_SUCCESS,1,HD
IDSN,14.1,ACCC_APPS_UPDATE_DL_CANCEL,1,HD
SPRK,8.0.22,ACCC_APPS_UPDATE_FAIL,502,HD
PHSP,14.0,ACCC_APPS_UPDATE_INSTALL_CANCEL,11,RIBS
AICY,14.0,ACCC_APPS_UPDATE_DL_END,18,HD
PPRO,8.0,ACCC_APPS_UPDATE_ERROR,46,RIBS
AICY,8.0,ACCC_APPS_UPDATE_DL_END,66,RIBS
AME,12.1.1,ACCC_APPS_UPDATE_SUCCESS,13,HD
PPRO,9.0,ACCC_APPS_UPDATE_INSTALL_CANCEL,6,RIBS
PHSP,18.1.3,ACCC_APPS_UPDATE_DL_END,2,HD
KBRG,6.0,ACCC_APPS_UPDATE_DL_END,1114,RIBS
AEFT,12.0,ACCC_APPS_UPDATE_SUCCESS,389,RIBS
PRLD,7.1.1,ACCC_APPS_UPDATE_INSTALL_CANCEL,134,HD
PHSP,19.0.1,ACCC_APPS_UPDATE_DL_END,1,HD
ESHR,1.1,ACCC_APPS_UPDATE_DL_START,1,HD
PHSP,17.0,ACCC_APPS_UPDATE_INSTALL_START,1,HD
PRLD,3.0,ACCC_APPS_UPDATE_INSTALL_START,9,RIBS
PHSP,18.0.1,ACCC_APPS_UPDATE_FAIL,7,HD
AUDT,8.0,ACCC_APPS_UPDATE_DL_START,171,RIBS
PHSP,16.0,ACCC_APPS_UPDATE_INSTALL_CANCEL,74,RIBS
ACR,10.1,ACCC_APPS_UPDATE_SUCCESS,4,HD
SPRK,5.0.12,ACCC_APPS_UPDATE_INSTALL_START,205,HD
SPRK,10.0.12,ACCC_APPS_UPDATE_INSTALL_CANCEL,17,HD
MUSE,2015.2.1,ACCC_APPS_UPDATE_INSTALL_CANCEL,1,HD
ILST,19.2.1,ACCC_APPS_UPDATE_FAIL,9,HD
PHSP,19.1.4,ACCC_APPS_UPDATE_FAIL,2,HD
FLPR,13.0,ACCC_APPS_UPDATE_FAIL,12,RIBS
PPRO,12.1.1,ACCC_APPS_UPDATE_INSTALL_CANCEL,4,HD
PRLD,3.0,ACCC_APPS_UPDATE_SUCCESS,9,RIBS
PHSP,18.1.3,ACCC_APPS_UPDATE_DL_START,2,HD
AUDT,11.1.1,ACCC_APPS_UPDATE_DL_CANCEL,406,HD
IDSN,10.0,ACCC_APPS_UPDATE_DL_END,733,RIBS
SPRK,7.0.12,ACCC_APPS_UPDATE_INSTALL_START,283,HD
DRWV,15.0.0,ACCC_APPS_UPDATE_INSTALL_START,32,RIBS
LTRM,7.3.1,ACCC_APPS_UPDATE_INSTALL_START,6,HD
AUDT,5.0,ACCC_APPS_UPDATE_INSTALL_CANCEL,31,RIBS
AME,12.1.1,ACCC_APPS_UPDATE_INSTALL_CANCEL,1,HD
ILST,19.0,ACCC_APPS_UPDATE_FAIL,118,RIBS
SPRK,13.0.10,ACCC_APPS_UPDATE_SUCCESS,16,HD
MUSE,2015.2.1,ACCC_APPS_UPDATE_SUCCESS,41,HD
ILST,23.0,ACCC_APPS_UPDATE_INSTALL_CANCEL,20,HD
ILST,23.0,ACCC_APPS_UPDATE_ERROR,2841,HD
ILST,21.1.0,ACCC_APPS_UPDATE_INSTALL_START,5143,HD
ESHR,1.1.1,ACCC_APPS_UPDATE_DL_START,10157,HD
FLPR,12.0,ACCC_APPS_UPDATE_DL_START,4037,RIBS
EDGE,5.0,ACCC_APPS_UPDATE_DL_END,14,RIBS
IDSN,10.0,ACCC_APPS_UPDATE_INSTALL_CANCEL,1,RIBS
AME,12.0.1,ACCC_APPS_UPDATE_INSTALL_START,1,HD
IDSN,8.0,ACCC_APPS_UPDATE_INSTALL_START,10021,RIBS
PHSP,18.1.4,ACCC_APPS_UPDATE_DL_END,1,HD
MUSE,2015.2.1,ACCC_APPS_UPDATE_ERROR,3,HD
PRLD,7.1.1,ACCC_APPS_UPDATE_ERROR,127,HD
PRLD,2.0,ACCC_APPS_UPDATE_DL_CANCEL,1,RIBS
PPRO,6.0,ACCC_APPS_UPDATE_DL_END,11575,RIBS
PPRO,13.0,ACCC_APPS_UPDATE_DL_END,110,HD
CHAR,2.0,ACCC_APPS_UPDATE_INSTALL_CANCEL,4,HD
SPRK,6.0.12,ACCC_APPS_UPDATE_DL_END,101,HD
DRWV,12.0.0,ACCC_APPS_UPDATE_ERROR,486,RIBS
IDSN,14.0,ACCC_APPS_UPDATE_DL_CANCEL,8,HD
ACR,10.1,ACCC_APPS_UPDATE_INSTALL_START,4,HD
DRWV,17.5.0,ACCC_APPS_UPDATE_FAIL,14,HD
ILST,17.0,ACCC_APPS_UPDATE_FAIL,46,RIBS
AEFT,13.8.0,ACCC_APPS_UPDATE_DL_START,119,HD
AME,12.1.2,ACCC_APPS_UPDATE_DL_CANCEL,4253,HD
SPRK,13.0.10,ACCC_APPS_UPDATE_INSTALL_CANCEL,1,HD
MUSE,2017.1.0,ACCC_APPS_UPDATE_ERROR,11,HD
FLPR,15.2.1,ACCC_APPS_UPDATE_ERROR,1,HD
FLPR,14.0,ACCC_APPS_UPDATE_DL_START,97,RIBS
PHSP,20.0,ACCC_APPS_UPDATE_DL_CANCEL,13,HD
SPRK,6.0.12,ACCC_APPS_UPDATE_SUCCESS,8,HD
CHAR,2.0,ACCC_APPS_UPDATE_DL_START,72,HD
CHAR,2.0,ACCC_APPS_UPDATE_INSTALL_START,72,HD
KBRG,8.0.1,ACCC_APPS_UPDATE_DL_START,3,HD
PHSP,15.0,ACCC_APPS_UPDATE_DL_CANCEL,191,RIBS
ILST,19.2.1,ACCC_APPS_UPDATE_DL_START,173,HD
ACR,10.4,ACCC_APPS_UPDATE_DL_END,8,HD
AEFT,12.0,ACCC_APPS_UPDATE_DL_START,511,RIBS
PPRO,12.1.1,ACCC_APPS_UPDATE_DL_END,19,HD
AME,12.0.1,ACCC_APPS_UPDATE_DL_END,1,HD
AEFT,11.0,ACCC_APPS_UPDATE_INSTALL_CANCEL,82,RIBS
LTRM,7.3.1,ACCC_APPS_UPDATE_DL_START,6,HD
FLPR,15.2.1,ACCC_APPS_UPDATE_INSTALL_CANCEL,5,HD
SPRK,9.1.12,ACCC_APPS_UPDATE_DL_START,653,HD
KEMN,7.0,ACCC_APPS_UPDATE_DL_CANCEL,20,RIBS
SPRK,0.5.22,ACCC_APPS_UPDATE_DL_CANCEL,1,HD
DRWV,15.0.0,ACCC_APPS_UPDATE_FAIL,3,RIBS
FWKS,12.0.0,ACCC_APPS_UPDATE_INSTALL_CANCEL,11,RIBS
ESHR,1.1.1,ACCC_APPS_UPDATE_DL_CANCEL,222,HD
PPRO,12.1,ACCC_APPS_UPDATE_DL_END,3,HD
IDSN,10.0,ACCC_APPS_UPDATE_INSTALL_START,726,RIBS
AEFT,13.5,ACCC_APPS_UPDATE_INSTALL_START,1398,RIBS
PHSP,16.0,ACCC_APPS_UPDATE_DL_CANCEL,625,RIBS
FLPR,15.1,ACCC_APPS_UPDATE_INSTALL_START,64,RIBS
LTRM,8.0,ACCC_APPS_UPDATE_INSTALL_START,584634,HD
PPRO,12.1.2,ACCC_APPS_UPDATE_FAIL,1922,HD
FLPR,15.2.1,ACCC_APPS_UPDATE_DL_END,50,HD
PHSP,20.0,ACCC_APPS_UPDATE_INSTALL_START,244,HD
AUDT,11.1,ACCC_APPS_UPDATE_INSTALL_CANCEL,135,HD
IDSN,13.1,ACCC_APPS_UPDATE_ERROR,464,HD
AICY,14.0,ACCC_APPS_UPDATE_DL_START,48,HD
FLPR,19.0,ACCC_APPS_UPDATE_DL_CANCEL,4,HD
PPRO,11.1.4,ACCC_APPS_UPDATE_ERROR,66,HD
AICY,12.0.0,ACCC_APPS_UPDATE_DL_END,25,HD
SPRK,1.0.12,ACCC_APPS_UPDATE_FAIL,7,HD
AICY,13.1,ACCC_APPS_UPDATE_DL_START,3207,HD
SPRK,9.1.12,ACCC_APPS_UPDATE_DL_END,645,HD
SPRK,7.0.12,ACCC_APPS_UPDATE_DL_CANCEL,6,HD
ESHR,1.0.1,ACCC_APPS_UPDATE_INSTALL_CANCEL,2,HD
LRCC,2.0.1,ACCC_APPS_UPDATE_INSTALL_START,189295,HD
ILST,19.0,ACCC_APPS_UPDATE_DL_END,700,RIBS
LTRM,7.5,ACCC_APPS_UPDATE_INSTALL_CANCEL,7854,HD
CHAR,1.5,ACCC_APPS_UPDATE_DL_END,4192,HD
FWKS,12.0.0,ACCC_APPS_UPDATE_DL_CANCEL,123,RIBS
FLPR,15.0,ACCC_APPS_UPDATE_DL_CANCEL,17,RIBS
IDSN,10.0,ACCC_APPS_UPDATE_SUCCESS,709,RIBS
KBRG,8.0.1,ACCC_APPS_UPDATE_DL_END,3,HD
AME,12.0.1,ACCC_APPS_UPDATE_SUCCESS,1,HD
AEFT,11.0,ACCC_APPS_UPDATE_INSTALL_START,5063,RIBS
ACR,10.4,ACCC_APPS_UPDATE_DL_CANCEL,3,HD
SPRK,0.8.22,ACCC_APPS_UPDATE_DL_START,278,HD
AEFT,15.1,ACCC_APPS_UPDATE_DL_START,3,HD
LRCC,2.0.1,ACCC_APPS_UPDATE_SUCCESS,184151,HD
FLPR,16.5.1,ACCC_APPS_UPDATE_DL_END,395,HD
LTRM,7.4,ACCC_APPS_UPDATE_SUCCESS,26,HD
PHSP,18.1.5,ACCC_APPS_UPDATE_INSTALL_START,3,HD
ILST,16.0,ACCC_APPS_UPDATE_DL_START,14995,RIBS
DRWV,16.0.0,ACCC_APPS_UPDATE_ERROR,6,RIBS
SPRK,13.0.12,ACCC_APPS_UPDATE_DL_START,166052,HD
AEFT,15.1.2,ACCC_APPS_UPDATE_SUCCESS,107843,HD
AEFT,15.1.2,ACCC_APPS_UPDATE_INSTALL_START,117368,HD
LRCC,2.0,ACCC_APPS_UPDATE_DL_END,225993,HD
PPRO,8.0,ACCC_APPS_UPDATE_FAIL,18,RIBS
LTRM,7.5,ACCC_APPS_UPDATE_INSTALL_START,253845,HD
PHSP,13.0,ACCC_APPS_UPDATE_DL_CANCEL,3524,RIBS
ILST,19.0,ACCC_APPS_UPDATE_DL_START,812,RIBS
LRCC,2.0,ACCC_APPS_UPDATE_DL_START,230011,HD
KBRG,6.3.1,ACCC_APPS_UPDATE_ERROR,4,HD
IDSN,8.0,ACCC_APPS_UPDATE_DL_START,10880,RIBS
CHAR,2.0,ACCC_APPS_UPDATE_DL_END,70,HD
ESHR,2.0,ACCC_APPS_UPDATE_INSTALL_START,112798,HD
KBRG,8.1,ACCC_APPS_UPDATE_INSTALL_CANCEL,1921,HD
AME,9.0,ACCC_APPS_UPDATE_INSTALL_START,747,RIBS
MUSE,2017.1.0,ACCC_APPS_UPDATE_INSTALL_START,1695,HD
CHAR,2.0,ACCC_APPS_UPDATE_SUCCESS,69,HD
AUDT,6.0,ACCC_APPS_UPDATE_DL_END,59,RIBS
RUSH,0.1.0,ACCC_APPS_UPDATE_DL_START,1,HD
PPRO,12.0.1,ACCC_APPS_UPDATE_INSTALL_CANCEL,1,HD
SPRK,13.0.12,ACCC_APPS_UPDATE_ERROR,685,HD
PHSP,19.0.1,ACCC_APPS_UPDATE_SUCCESS,1,HD
LTRM,8.0,ACCC_APPS_UPDATE_FAIL,4360,HD
PPRO,12.1.1,ACCC_APPS_UPDATE_SUCCESS,19,HD
PPRO,7.0,ACCC_APPS_UPDATE_FAIL,98,RIBS
ANMLBETA,1.0.6,ACCC_APPS_UPDATE_SUCCESS,3202,HD
AUDT,7.0,ACCC_APPS_UPDATE_DL_END,38,RIBS
DRWV,13.0.0,ACCC_APPS_UPDATE_ERROR,10,RIBS
ILST,21.1.0,ACCC_APPS_UPDATE_INSTALL_CANCEL,277,HD
FLPR,19.0,ACCC_APPS_UPDATE_ERROR,482,HD
PRLD,4.0,ACCC_APPS_UPDATE_DL_START,51,RIBS
SPGD,8.0,ACCC_APPS_UPDATE_ERROR,1,RIBS
AICY,11.0,ACCC_APPS_UPDATE_FAIL,31,RIBS
FLPR,19.0,ACCC_APPS_UPDATE_DL_END,41,HD
DRWV,13.0.0,ACCC_APPS_UPDATE_DL_START,64,RIBS
SPRK,13.0.10,ACCC_APPS_UPDATE_DL_CANCEL,1,HD
FLPR,19.0,ACCC_APPS_UPDATE_DL_START,47,HD
AEFT,13.5,ACCC_APPS_UPDATE_INSTALL_CANCEL,20,RIBS
AUDT,11.1,ACCC_APPS_UPDATE_SUCCESS,6960,HD
SPGD,9.0,ACCC_APPS_UPDATE_FAIL,89,RIBS
ACR,10.3,ACCC_APPS_UPDATE_INSTALL_START,11,HD
FLPR,16.5.1,ACCC_APPS_UPDATE_ERROR,2,HD
AEFT,13.8.1,ACCC_APPS_UPDATE_FAIL,5,HD
AEFT,13.5,ACCC_APPS_UPDATE_ERROR,30,RIBS
FLPR,15.1,ACCC_APPS_UPDATE_ERROR,1,RIBS
PRLD,4.0,ACCC_APPS_UPDATE_FAIL,7,RIBS
MUSE,2015.2.1,ACCC_APPS_UPDATE_DL_END,42,HD
ILST,20.1.0,ACCC_APPS_UPDATE_INSTALL_CANCEL,28,HD
ILST,19.2.1,ACCC_APPS_UPDATE_SUCCESS,148,HD
FLPR,15.0,ACCC_APPS_UPDATE_INSTALL_CANCEL,4,RIBS
SPRK,13.0.10,ACCC_APPS_UPDATE_INSTALL_START,20,HD
MUSE,2017.1.0,ACCC_APPS_UPDATE_DL_CANCEL,67,HD
FLPR,15.2.1,ACCC_APPS_UPDATE_DL_CANCEL,5,HD
SPGD,9.0,ACCC_APPS_UPDATE_SUCCESS,603,RIBS
PHSP,18.0.1,ACCC_APPS_UPDATE_DL_END,76,HD
FLPR,18.0.2,ACCC_APPS_UPDATE_INSTALL_START,26322,HD
IDSN,13.1,ACCC_APPS_UPDATE_DL_CANCEL,1605,HD
ACR,11.0,ACCC_APPS_UPDATE_DL_CANCEL,7494,HD
PRLD,2.0,ACCC_APPS_UPDATE_DL_START,16,RIBS
PRLD,8.0,ACCC_APPS_UPDATE_DL_END,3,HD
ESHR,1.1,ACCC_APPS_UPDATE_SUCCESS,1,HD
AME,9.0,ACCC_APPS_UPDATE_DL_END,746,RIBS
LTRM,7.3,ACCC_APPS_UPDATE_DL_START,1,HD
AEFT,13.8.0,ACCC_APPS_UPDATE_FAIL,2,HD
AICY,13.1,ACCC_APPS_UPDATE_FAIL,21,HD
AUDT,11.1,ACCC_APPS_UPDATE_DL_CANCEL,130,HD
ESHR,1.0.1,ACCC_APPS_UPDATE_SUCCESS,39,HD
SPRK,0.5.22,ACCC_APPS_UPDATE_INSTALL_CANCEL,1,HD
SPRK,0.5.22,ACCC_APPS_UPDATE_DL_END,52,HD
PRLD,4.0,ACCC_APPS_UPDATE_DL_END,47,RIBS
PRLD,6.1.3,ACCC_APPS_UPDATE_DL_CANCEL,6,HD
ILST,22.1,ACCC_APPS_UPDATE_ERROR,876,HD
PHSP,20.0,ACCC_APPS_UPDATE_FAIL,2,HD
LRCC,2.0.1,ACCC_APPS_UPDATE_DL_CANCEL,4356,HD
AEFT,15.1.2,ACCC_APPS_UPDATE_DL_START,117353,HD
PPRO,12.1.2,ACCC_APPS_UPDATE_INSTALL_START,173497,HD
ILST,19.2.1,ACCC_APPS_UPDATE_DL_END,153,HD
SPRK,3.0.12,ACCC_APPS_UPDATE_DL_START,15,HD
ESHR,2.0,ACCC_APPS_UPDATE_DL_END,110771,HD
PHSP,15.0,ACCC_APPS_UPDATE_ERROR,52,RIBS
FLPR,15.1,ACCC_APPS_UPDATE_DL_START,72,RIBS
AICY,14.0,ACCC_APPS_UPDATE_INSTALL_CANCEL,1,HD
PPRO,9.0,ACCC_APPS_UPDATE_FAIL,153,RIBS
SPRK,4.0.12,ACCC_APPS_UPDATE_SUCCESS,34,HD
MUSE,2015.2.1,ACCC_APPS_UPDATE_INSTALL_START,45,HD
AEFT,12.0,ACCC_APPS_UPDATE_FAIL,62,RIBS
IDSN,12.1.0,ACCC_APPS_UPDATE_ERROR,18,HD
SPRK,9.0.12,ACCC_APPS_UPDATE_INSTALL_START,122,HD
SPRK,5.0.12,ACCC_APPS_UPDATE_SUCCESS,96,HD
PHSP,19.1.2,ACCC_APPS_UPDATE_DL_END,2,HD
AME,11.1.4,ACCC_APPS_UPDATE_DL_START,4483,HD
PHSP,19.1.6,ACCC_APPS_UPDATE_DL_CANCEL,30818,HD
ACR,10.5,ACCC_APPS_UPDATE_FAIL,2182,HD
IDSN,14.0,ACCC_APPS_UPDATE_SUCCESS,186,HD
ILST,21.1.0,ACCC_APPS_UPDATE_FAIL,87,HD
PPRO,12.1,ACCC_APPS_UPDATE_SUCCESS,3,HD
ESHR,1.0.1,ACCC_APPS_UPDATE_DL_CANCEL,2,HD
PHSP,19.1.5,ACCC_APPS_UPDATE_ERROR,1,HD
PPRO,13.0,ACCC_APPS_UPDATE_DL_CANCEL,5,HD
LRCC,1.4,ACCC_APPS_UPDATE_SUCCESS,7,HD
SPRK,0.8.22,ACCC_APPS_UPDATE_INSTALL_START,278,HD
AEFT,15.1,ACCC_APPS_UPDATE_INSTALL_START,3,HD
FLPR,15.1,ACCC_APPS_UPDATE_SUCCESS,61,RIBS
PPRO,12.0.1,ACCC_APPS_UPDATE_INSTALL_START,1,HD
ACR,10.0,ACCC_APPS_UPDATE_FAIL,1,HD
SPRK,6.0.12,ACCC_APPS_UPDATE_DL_CANCEL,2,HD
IDSN,14.1,ACCC_APPS_UPDATE_DL_END,23,HD
IDSN,9.0,ACCC_APPS_UPDATE_FAIL,55,RIBS
AME,9.0,ACCC_APPS_UPDATE_ERROR,18,RIBS
FLPR,13.0,ACCC_APPS_UPDATE_INSTALL_START,94,RIBS
AICY,8.0,ACCC_APPS_UPDATE_DL_START,68,RIBS
PHSP,19.1.1,ACCC_APPS_UPDATE_DL_END,2,HD
IDSN,8.0,ACCC_APPS_UPDATE_SUCCESS,9259,RIBS
AUDT,10.1.2,ACCC_APPS_UPDATE_DL_END,1268,HD
SPGD,9.0,ACCC_APPS_UPDATE_ERROR,4,RIBS
AEFT,13.8.1,ACCC_APPS_UPDATE_ERROR,6,HD
KBRG,6.0,ACCC_APPS_UPDATE_SUCCESS,1049,RIBS
PHSP,15.0,ACCC_APPS_UPDATE_DL_END,1868,RIBS
PPRO,13.0,ACCC_APPS_UPDATE_DL_START,165,HD
ILST,19.2.1,ACCC_APPS_UPDATE_INSTALL_START,173,HD
PHSP,17.0.2,ACCC_APPS_UPDATE_INSTALL_START,2706,HD
ACR,10.5,ACCC_APPS_UPDATE_DL_CANCEL,4959,HD
AEFT,15.1.2,ACCC_APPS_UPDATE_FAIL,1678,HD
FWKS,12.0.0,ACCC_APPS_UPDATE_DL_END,3595,RIBS
AME,9.0,ACCC_APPS_UPDATE_SUCCESS,688,RIBS
AUDT,11.1.1,ACCC_APPS_UPDATE_INSTALL_START,10941,HD
ACR,10.4,ACCC_APPS_UPDATE_DL_START,34,HD
PHSP,17.0,ACCC_APPS_UPDATE_DL_CANCEL,1,HD
KBRG,8.1,ACCC_APPS_UPDATE_ERROR,623,HD
LRCC,2.0,ACCC_APPS_UPDATE_SUCCESS,224527,HD
AEFT,13.0,ACCC_APPS_UPDATE_ERROR,13,RIBS
AME,13.0,ACCC_APPS_UPDATE_DL_START,82,HD
ILST,20.1.0,ACCC_APPS_UPDATE_DL_END,536,HD
LTRM,8.0,ACCC_APPS_UPDATE_ERROR,1995,HD
PHSP,18.1.2,ACCC_APPS_UPDATE_INSTALL_START,3,HD
SPRK,13.0.12,ACCC_APPS_UPDATE_INSTALL_START,166081,HD
AUDT,11.1.1,ACCC_APPS_UPDATE_INSTALL_CANCEL,417,HD
PRLD,7.1.1,ACCC_APPS_UPDATE_FAIL,72,HD
SPRK,11.0.22,ACCC_APPS_UPDATE_SUCCESS,1328,HD
IDSN,11.0,ACCC_APPS_UPDATE_INSTALL_CANCEL,27,RIBS
ILST,20.1.0,ACCC_APPS_UPDATE_INSTALL_START,814,HD
ILST,17.0,ACCC_APPS_UPDATE_ERROR,120,RIBS
AEFT,15.1.1,ACCC_APPS_UPDATE_DL_END,8,HD
FLPR,12.0,ACCC_APPS_UPDATE_ERROR,427,RIBS
EDGE,5.0,ACCC_APPS_UPDATE_SUCCESS,14,RIBS
ILST,19.0,ACCC_APPS_UPDATE_INSTALL_CANCEL,1,RIBS
SPRK,1.0.12,ACCC_APPS_UPDATE_DL_END,100,HD
AEFT,15.1.1,ACCC_APPS_UPDATE_DL_START,8,HD
RUSH,1.0,ACCC_APPS_UPDATE_INSTALL_CANCEL,24,HD
PPRO,13.0,ACCC_APPS_UPDATE_SUCCESS,160,HD
SPRK,0.6.24,ACCC_APPS_UPDATE_SUCCESS,10,HD
FLPR,18.0.2,ACCC_APPS_UPDATE_FAIL,215,HD
PHSP,17.0,ACCC_APPS_UPDATE_DL_START,1,HD
PPRO,7.0,ACCC_APPS_UPDATE_DL_CANCEL,80,RIBS
PHSP,18.1.1,ACCC_APPS_UPDATE_DL_CANCEL,1,HD
AICY,8.0,ACCC_APPS_UPDATE_SUCCESS,59,RIBS
DRWV,13.0.0,ACCC_APPS_UPDATE_FAIL,8,RIBS
PHSP,19.1,ACCC_APPS_UPDATE_INSTALL_START,2,HD
ACR,10.2,ACCC_APPS_UPDATE_INSTALL_START,2,HD
SPRK,0.6.24,ACCC_APPS_UPDATE_INSTALL_START,10,HD
SPRK,9.0.12,ACCC_APPS_UPDATE_INSTALL_CANCEL,4,HD
DRWV,16.0.0,ACCC_APPS_UPDATE_DL_START,374,RIBS
ACR,9.6.1,ACCC_APPS_UPDATE_INSTALL_START,10,HD
PRLD,3.0,ACCC_APPS_UPDATE_DL_END,9,RIBS
MUSE,2015.2.1,ACCC_APPS_UPDATE_FAIL,4,HD
AME,11.1.4,ACCC_APPS_UPDATE_INSTALL_CANCEL,234,HD
PHSP,14.0,ACCC_APPS_UPDATE_DL_START,1422,RIBS
AUDT,10.1.2,ACCC_APPS_UPDATE_ERROR,14,HD
PHSP,19.1.4,ACCC_APPS_UPDATE_SUCCESS,12,HD
ESHR,1.1.1,ACCC_APPS_UPDATE_DL_END,9809,HD
PHSP,19.1.6,ACCC_APPS_UPDATE_INSTALL_CANCEL,32150,HD
DRWV,17.5.0,ACCC_APPS_UPDATE_INSTALL_START,558,HD
FLPR,12.0,ACCC_APPS_UPDATE_FAIL,750,RIBS
PHSP,20.0,ACCC_APPS_UPDATE_INSTALL_CANCEL,16,HD
DRWV,12.0.0,ACCC_APPS_UPDATE_SUCCESS,3315,RIBS
ILST,19.2.1,ACCC_APPS_UPDATE_DL_CANCEL,9,HD
AEFT,16.0,ACCC_APPS_UPDATE_FAIL,1,HD
SPRK,2.0.32,ACCC_APPS_UPDATE_DL_START,25,HD
FLPR,18.0.1,ACCC_APPS_UPDATE_DL_START,1,HD
ILST,21.1.0,ACCC_APPS_UPDATE_DL_START,5144,HD
AEFT,12.0,ACCC_APPS_UPDATE_DL_CANCEL,58,RIBS
SPGD,8.0,ACCC_APPS_UPDATE_DL_END,29,RIBS
IDSN,14.1,ACCC_APPS_UPDATE_DL_START,24,HD
PPRO,6.0,ACCC_APPS_UPDATE_DL_CANCEL,1024,RIBS
AME,12.1.2,ACCC_APPS_UPDATE_ERROR,932,HD
ILST,22.1,ACCC_APPS_UPDATE_DL_END,60943,HD
PHSP,19.1.6,ACCC_APPS_UPDATE_ERROR,3984,HD
AME,12.1.2,ACCC_APPS_UPDATE_INSTALL_CANCEL,4508,HD
PHSP,19.1.1,ACCC_APPS_UPDATE_INSTALL_START,4,HD
ILST,20.1.0,ACCC_APPS_UPDATE_SUCCESS,785,HD
ACR,9.12.1,ACCC_APPS_UPDATE_DL_START,1003,HD
AME,11.1.4,ACCC_APPS_UPDATE_DL_CANCEL,222,HD
ACR,10.2,ACCC_APPS_UPDATE_SUCCESS,2,HD
LRCC,2.0,ACCC_APPS_UPDATE_DL_CANCEL,3816,HD
ACR,10.4,ACCC_APPS_UPDATE_SUCCESS,31,HD
KBRG,8.1,ACCC_APPS_UPDATE_INSTALL_START,121914,HD
DRWV,16.0.0,ACCC_APPS_UPDATE_DL_END,360,RIBS
ESHR,2.0,ACCC_APPS_UPDATE_SUCCESS,110475,HD
AICY,9.0,ACCC_APPS_UPDATE_SUCCESS,21,RIBS
ILST,18.0,ACCC_APPS_UPDATE_SUCCESS,396,RIBS
IDSN,13.1,ACCC_APPS_UPDATE_SUCCESS,44295,HD
ANMLBETA,1.0.6,ACCC_APPS_UPDATE_DL_END,3216,HD
DRWV,18.2,ACCC_APPS_UPDATE_SUCCESS,24910,HD
SPRK,6.0.12,ACCC_APPS_UPDATE_INSTALL_START,105,HD
LTRM,8.0,ACCC_APPS_UPDATE_DL_CANCEL,10080,HD
ANMLBETA,1.0.6,ACCC_APPS_UPDATE_DL_START,3310,HD
AEFT,14.2.2,ACCC_APPS_UPDATE_FAIL,90,HD
IDSN,10.0,ACCC_APPS_UPDATE_DL_CANCEL,35,RIBS
SPRK,10.0.12,ACCC_APPS_UPDATE_FAIL,92,HD
MUSE,2018.1.0,ACCC_APPS_UPDATE_INSTALL_CANCEL,189,HD
PHSP,14.0,ACCC_APPS_UPDATE_ERROR,44,RIBS
DRWV,12.0.0,ACCC_APPS_UPDATE_INSTALL_CANCEL,42,RIBS
SPRK,7.0.12,ACCC_APPS_UPDATE_SUCCESS,15,HD
ILST,16.0,ACCC_APPS_UPDATE_DL_CANCEL,1353,RIBS
ANMLBETA,1.0.6,ACCC_APPS_UPDATE_INSTALL_CANCEL,84,HD
SPRK,3.0.12,ACCC_APPS_UPDATE_SUCCESS,3,HD
LRCC,2.0.1,ACCC_APPS_UPDATE_DL_START,189283,HD
ESHR,2.0,ACCC_APPS_UPDATE_ERROR,352,HD
AICY,11.0,ACCC_APPS_UPDATE_INSTALL_START,142,RIBS
DRWV,13.0.0,ACCC_APPS_UPDATE_DL_END,61,RIBS
ESHR,1.1.1,ACCC_APPS_UPDATE_ERROR,21,HD
KBRG,6.3.1,ACCC_APPS_UPDATE_INSTALL_CANCEL,3,HD
ILST,21.1.0,ACCC_APPS_UPDATE_DL_CANCEL,269,HD
PPRO,11.1.4,ACCC_APPS_UPDATE_DL_CANCEL,579,HD
LRCC,1.4,ACCC_APPS_UPDATE_INSTALL_CANCEL,1,HD
AUDT,7.0,ACCC_APPS_UPDATE_SUCCESS,36,RIBS
PHSP,19.1.1,ACCC_APPS_UPDATE_INSTALL_CANCEL,2,HD
FLPR,15.0,ACCC_APPS_UPDATE_DL_START,265,RIBS
PHSP,18.1.2,ACCC_APPS_UPDATE_DL_START,3,HD
LTRM,7.5,ACCC_APPS_UPDATE_FAIL,1786,HD
PHSP,19.1,ACCC_APPS_UPDATE_INSTALL_CANCEL,1,HD
FLPR,13.0,ACCC_APPS_UPDATE_DL_END,98,RIBS
SPRK,0.8.22,ACCC_APPS_UPDATE_INSTALL_CANCEL,2,HD
LTRM,7.3,ACCC_APPS_UPDATE_SUCCESS,1,HD
KBRG,8.1,ACCC_APPS_UPDATE_DL_START,121895,HD
KBRG,8.1,ACCC_APPS_UPDATE_DL_END,117994,HD
AEFT,11.0,ACCC_APPS_UPDATE_SUCCESS,4678,RIBS
ILST,20.1.0,ACCC_APPS_UPDATE_DL_CANCEL,27,HD
PHSP,19.1.2,ACCC_APPS_UPDATE_DL_START,2,HD
AUDT,11.1.1,ACCC_APPS_UPDATE_DL_END,10487,HD
AEFT,13.8.1,ACCC_APPS_UPDATE_DL_END,189,HD
DRWV,19.0,ACCC_APPS_UPDATE_DL_CANCEL,4,HD
SPRK,12.0.12,ACCC_APPS_UPDATE_FAIL,2149,HD
ILST,19.0,ACCC_APPS_UPDATE_DL_CANCEL,88,RIBS
PHSP,18.1.5,ACCC_APPS_UPDATE_SUCCESS,3,HD
KBRG,6.3.1,ACCC_APPS_UPDATE_DL_START,156,HD
AICY,13.1,ACCC_APPS_UPDATE_ERROR,54,HD
AUDT,11.1.1,ACCC_APPS_UPDATE_DL_START,10941,HD
AICY,8.0,ACCC_APPS_UPDATE_DL_CANCEL,1,RIBS
PHSP,19.1,ACCC_APPS_UPDATE_DL_END,2,HD
IDSN,14.0,ACCC_APPS_UPDATE_ERROR,1832,HD
IDSN,11.0,ACCC_APPS_UPDATE_ERROR,39,RIBS
LTRM,7.3,ACCC_APPS_UPDATE_INSTALL_START,1,HD
PHSP,19.1,ACCC_APPS_UPDATE_DL_START,2,HD
AME,9.0,ACCC_APPS_UPDATE_INSTALL_CANCEL,1,RIBS
AEFT,13.8.1,ACCC_APPS_UPDATE_INSTALL_START,251,HD
AEFT,13.8.1,ACCC_APPS_UPDATE_DL_START,251,HD
AEFT,14.2.2,ACCC_APPS_UPDATE_DL_CANCEL,357,HD
IDSN,13.1,ACCC_APPS_UPDATE_DL_END,44950,HD
ILST,19.0,ACCC_APPS_UPDATE_SUCCESS,603,RIBS
RUSH,0.1.0,ACCC_APPS_UPDATE_INSTALL_START,1,HD
FLPR,15.0,ACCC_APPS_UPDATE_DL_END,231,RIBS
AME,13.0,ACCC_APPS_UPDATE_INSTALL_CANCEL,4,HD
ACR,11.0,ACCC_APPS_UPDATE_INSTALL_START,775667,HD
SPRK,2.1.32,ACCC_APPS_UPDATE_DL_START,72,HD
PHSP,17.0.2,ACCC_APPS_UPDATE_DL_CANCEL,196,HD
PHSP,19.1.1,ACCC_APPS_UPDATE_DL_START,4,HD
SPRK,13.0.12,ACCC_APPS_UPDATE_DL_CANCEL,1295,HD
SPRK,0.8.22,ACCC_APPS_UPDATE_DL_END,190,HD
ILST,23.0,ACCC_APPS_UPDATE_FAIL,4,HD
LTRM,8.0,ACCC_APPS_UPDATE_DL_START,584567,HD
IDSN,9.0,ACCC_APPS_UPDATE_ERROR,98,RIBS
DRWV,18.1,ACCC_APPS_UPDATE_DL_END,2,HD
KBRG,6.0,ACCC_APPS_UPDATE_ERROR,11,RIBS
DRWV,18.1,ACCC_APPS_UPDATE_DL_START,2,HD
DRWV,17.5.0,ACCC_APPS_UPDATE_DL_END,500,HD
AUDT,12.0,ACCC_APPS_UPDATE_DL_START,29,HD
SPRK,4.0.12,ACCC_APPS_UPDATE_INSTALL_CANCEL,1,HD
ACR,10.5,ACCC_APPS_UPDATE_DL_END,45004,HD
DRWV,12.0.0,ACCC_APPS_UPDATE_FAIL,2268,RIBS
SPGD,8.0,ACCC_APPS_UPDATE_SUCCESS,26,RIBS
ACR,10.5,ACCC_APPS_UPDATE_DL_START,297157,HD
PHSP,16.0,ACCC_APPS_UPDATE_DL_END,5395,RIBS
AICY,9.0,ACCC_APPS_UPDATE_DL_CANCEL,3,RIBS
SPRK,12.0.12,ACCC_APPS_UPDATE_INSTALL_START,156099,HD
AICY,13.1,ACCC_APPS_UPDATE_DL_END,3125,HD
IDSN,13.1,ACCC_APPS_UPDATE_DL_START,46852,HD
ILST,18.0,ACCC_APPS_UPDATE_DL_END,425,RIBS
LRCC,2.0.1,ACCC_APPS_UPDATE_FAIL,1448,HD
PHSP,16.0,ACCC_APPS_UPDATE_DL_START,5749,RIBS
DRWV,18.2,ACCC_APPS_UPDATE_DL_END,25463,HD
PHSP,14.0,ACCC_APPS_UPDATE_DL_END,1333,RIBS
LTRM,6.0,ACCC_APPS_UPDATE_FAIL,3538,RIBS
ILST,18.0,ACCC_APPS_UPDATE_DL_START,460,RIBS
AUDT,7.0,ACCC_APPS_UPDATE_FAIL,1,RIBS
AME,11.1.4,ACCC_APPS_UPDATE_DL_END,4108,HD
ACR,9.12.1,ACCC_APPS_UPDATE_SUCCESS,921,HD
AEFT,16.0,ACCC_APPS_UPDATE_DL_END,95,HD
AICY,9.0,ACCC_APPS_UPDATE_DL_END,26,RIBS
LRCC,1.3,ACCC_APPS_UPDATE_SUCCESS,4,HD
ACR,11.0,ACCC_APPS_UPDATE_ERROR,2599,HD
AICY,9.0,ACCC_APPS_UPDATE_ERROR,5,RIBS
AUDT,6.0,ACCC_APPS_UPDATE_DL_START,60,RIBS
FLPR,13.0,ACCC_APPS_UPDATE_DL_START,102,RIBS
AME,8.0,ACCC_APPS_UPDATE_INSTALL_START,90,RIBS
PPRO,7.0,ACCC_APPS_UPDATE_DL_END,587,RIBS
PHSP,18.1.1,ACCC_APPS_UPDATE_DL_END,1,HD
EDGE,5.0,ACCC_APPS_UPDATE_INSTALL_START,14,RIBS
SPRK,11.0.22,ACCC_APPS_UPDATE_INSTALL_START,1460,HD
SPRK,2.0.32,ACCC_APPS_UPDATE_INSTALL_START,25,HD
FLPR,18.0.1,ACCC_APPS_UPDATE_INSTALL_START,1,HD
FLPR,18.0.2,ACCC_APPS_UPDATE_DL_START,26323,HD
PPRO,9.0,ACCC_APPS_UPDATE_DL_CANCEL,131,RIBS
FLPR,15.0,ACCC_APPS_UPDATE_FAIL,24,RIBS
AEFT,13.0,ACCC_APPS_UPDATE_SUCCESS,721,RIBS
FLPR,16.5.1,ACCC_APPS_UPDATE_INSTALL_START,523,HD
AUDT,8.0,ACCC_APPS_UPDATE_INSTALL_START,159,RIBS
PRLD,6.1.3,ACCC_APPS_UPDATE_SUCCESS,310,HD
AEFT,14.2.2,ACCC_APPS_UPDATE_ERROR,40,HD
SPRK,9.1.12,ACCC_APPS_UPDATE_ERROR,1,HD
SPRK,9.0.12,ACCC_APPS_UPDATE_FAIL,108,HD
AICY,14.1,ACCC_APPS_UPDATE_INSTALL_CANCEL,2,HD
ACR,9.12.1,ACCC_APPS_UPDATE_DL_CANCEL,50,HD
SPRK,8.0.22,ACCC_APPS_UPDATE_DL_START,549,HD
ACR,9.12.1,ACCC_APPS_UPDATE_FAIL,7,HD
IDSN,10.0,ACCC_APPS_UPDATE_FAIL,47,RIBS
PHSP,15.0,ACCC_APPS_UPDATE_INSTALL_CANCEL,17,RIBS
FLPR,16.5.1,ACCC_APPS_UPDATE_SUCCESS,450,HD
ACR,10.4,ACCC_APPS_UPDATE_ERROR,1,HD
PPRO,12.1.2,ACCC_APPS_UPDATE_DL_START,173495,HD
ESHR,1.0.1,ACCC_APPS_UPDATE_INSTALL_START,42,HD
PPRO,12.1.2,ACCC_APPS_UPDATE_DL_END,162984,HD
AUDT,8.0,ACCC_APPS_UPDATE_SUCCESS,150,RIBS
ILST,22.1,ACCC_APPS_UPDATE_INSTALL_START,64225,HD
AEFT,13.5,ACCC_APPS_UPDATE_DL_START,1608,RIBS
PHSP,20.0,ACCC_APPS_UPDATE_DL_END,143,HD
AME,12.1.1,ACCC_APPS_UPDATE_DL_END,14,HD
ESHR,2.0,ACCC_APPS_UPDATE_DL_CANCEL,1305,HD
AEFT,16.0,ACCC_APPS_UPDATE_SUCCESS,133,HD
DRWV,16.0.0,ACCC_APPS_UPDATE_FAIL,30,RIBS
PPRO,6.0,ACCC_APPS_UPDATE_SUCCESS,10575,RIBS
AUDT,5.0,ACCC_APPS_UPDATE_FAIL,369,RIBS
DRWV,13.0.0,ACCC_APPS_UPDATE_DL_CANCEL,5,RIBS
SPRK,11.0.22,ACCC_APPS_UPDATE_DL_START,1460,HD
AME,13.0,ACCC_APPS_UPDATE_SUCCESS,79,HD
AME,12.1.2,ACCC_APPS_UPDATE_DL_START,143234,HD
PHSP,15.0,ACCC_APPS_UPDATE_INSTALL_START,1842,RIBS
SPRK,13.0.12,ACCC_APPS_UPDATE_FAIL,2059,HD
AME,12.1.1,ACCC_APPS_UPDATE_INSTALL_START,14,HD
AEFT,13.8.1,ACCC_APPS_UPDATE_INSTALL_CANCEL,6,HD
PHSP,19.1.5,ACCC_APPS_UPDATE_FAIL,4,HD
SPRK,9.1.12,ACCC_APPS_UPDATE_INSTALL_START,653,HD
AICY,8.0,ACCC_APPS_UPDATE_FAIL,8,RIBS
ACR,11.0,ACCC_APPS_UPDATE_INSTALL_CANCEL,7743,HD
PPRO,6.0,ACCC_APPS_UPDATE_ERROR,1511,RIBS
ILST,16.0,ACCC_APPS_UPDATE_INSTALL_CANCEL,258,RIBS
PRLD,1.0,ACCC_APPS_UPDATE_FAIL,341,RIBS
SPGD,7.0,ACCC_APPS_UPDATE_SUCCESS,16,RIBS
AEFT,11.0,ACCC_APPS_UPDATE_ERROR,915,RIBS
PHSP,19.1.5,ACCC_APPS_UPDATE_INSTALL_CANCEL,7,HD
ILST,16.0,ACCC_APPS_UPDATE_DL_END,14033,RIBS
DRWV,17.5.0,ACCC_APPS_UPDATE_SUCCESS,486,HD
AME,13.0,ACCC_APPS_UPDATE_INSTALL_START,82,HD
ACR,11.0,ACCC_APPS_UPDATE_DL_END,117047,HD
AEFT,14.2.2,ACCC_APPS_UPDATE_DL_START,4043,HD
SPRK,13.0.12,ACCC_APPS_UPDATE_DL_END,164866,HD
PHSP,18.1.6,ACCC_APPS_UPDATE_INSTALL_CANCEL,2452,HD
PHSP,19.1.5,ACCC_APPS_UPDATE_DL_END,62,HD
SPGD,9.0,ACCC_APPS_UPDATE_DL_CANCEL,13,RIBS
PHSP,19.1.3,ACCC_APPS_UPDATE_DL_START,13,HD
PHSP,16.0,ACCC_APPS_UPDATE_SUCCESS,4664,RIBS
AICY,9.0,ACCC_APPS_UPDATE_DL_START,28,RIBS
PPRO,8.0,ACCC_APPS_UPDATE_INSTALL_START,180,RIBS
RUSH,0.1.0,ACCC_APPS_UPDATE_DL_END,1,HD
ACR,11.0,ACCC_APPS_UPDATE_DL_START,775656,HD
SPRK,13.0.12,ACCC_APPS_UPDATE_INSTALL_CANCEL,1328,HD
ILST,16.0,ACCC_APPS_UPDATE_FAIL,3470,RIBS
SPGD,6.0,ACCC_APPS_UPDATE_ERROR,1,RIBS
MUSE,2015.2.1,ACCC_APPS_UPDATE_DL_CANCEL,1,HD
LRCC,2.0,ACCC_APPS_UPDATE_INSTALL_CANCEL,3914,HD
ANMLBETA,1.0.6,ACCC_APPS_UPDATE_DL_CANCEL,78,HD
LTRM,7.5,ACCC_APPS_UPDATE_ERROR,1382,HD
PHSP,19.1.6,ACCC_APPS_UPDATE_FAIL,7111,HD
PRLD,8.0,ACCC_APPS_UPDATE_INSTALL_START,3,HD
SPRK,3.0.12,ACCC_APPS_UPDATE_DL_END,14,HD
ILST,21.1.0,ACCC_APPS_UPDATE_ERROR,43,HD
AICY,11.0,ACCC_APPS_UPDATE_DL_END,141,RIBS
ACR,9.12.1,ACCC_APPS_UPDATE_INSTALL_START,1002,HD
LTRM,7.3.1,ACCC_APPS_UPDATE_DL_CANCEL,1,HD
AUDT,8.0,ACCC_APPS_UPDATE_DL_END,158,RIBS
DRWV,18.2,ACCC_APPS_UPDATE_ERROR,187,HD
SPRK,2.1.32,ACCC_APPS_UPDATE_INSTALL_START,71,HD
DRWV,19.0,ACCC_APPS_UPDATE_INSTALL_CANCEL,4,HD
PHSP,15.0,ACCC_APPS_UPDATE_SUCCESS,1739,RIBS
AEFT,15.1.2,ACCC_APPS_UPDATE_DL_CANCEL,4740,HD
AICY,12.0.0,ACCC_APPS_UPDATE_DL_START,103,HD
ILST,19.0,ACCC_APPS_UPDATE_ERROR,19,RIBS
DRWV,15.0.0,ACCC_APPS_UPDATE_DL_END,32,RIBS
FLPR,12.0,ACCC_APPS_UPDATE_DL_END,3742,RIBS
PPRO,13.0,ACCC_APPS_UPDATE_INSTALL_CANCEL,5,HD
ACR,10.3,ACCC_APPS_UPDATE_DL_START,11,HD
SPGD,6.0,ACCC_APPS_UPDATE_SUCCESS,1138,RIBS
FLPR,16.5.1,ACCC_APPS_UPDATE_INSTALL_CANCEL,30,HD
IDSN,11.0,ACCC_APPS_UPDATE_INSTALL_START,2262,RIBS
SPRK,4.0.12,ACCC_APPS_UPDATE_INSTALL_START,98,HD
IDSN,8.0,ACCC_APPS_UPDATE_ERROR,1868,RIBS
AEFT,11.0,ACCC_APPS_UPDATE_DL_END,5262,RIBS
AUDT,5.0,ACCC_APPS_UPDATE_DL_CANCEL,175,RIBS
IDSN,8.0,ACCC_APPS_UPDATE_FAIL,996,RIBS
AEFT,14.2.2,ACCC_APPS_UPDATE_INSTALL_START,4044,HD
PHSP,19.1.3,ACCC_APPS_UPDATE_INSTALL_START,13,HD
AME,9.0,ACCC_APPS_UPDATE_DL_CANCEL,40,RIBS
AICY,9.0,ACCC_APPS_UPDATE_INSTALL_START,25,RIBS
SPRK,3.1.12,ACCC_APPS_UPDATE_DL_END,123,HD
ESHR,1.1.1,ACCC_APPS_UPDATE_INSTALL_CANCEL,230,HD
FLPR,12.0,ACCC_APPS_UPDATE_INSTALL_CANCEL,49,RIBS
AEFT,15.1,ACCC_APPS_UPDATE_SUCCESS,3,HD
LTRM,8.0,ACCC_APPS_UPDATE_SUCCESS,569464,HD
PHSP,13.0,ACCC_APPS_UPDATE_ERROR,6947,RIBS
AME,13.0,ACCC_APPS_UPDATE_ERROR,1426,HD
PHSP,17.0.2,ACCC_APPS_UPDATE_INSTALL_CANCEL,202,HD
AUDT,7.0,ACCC_APPS_UPDATE_DL_CANCEL,1,RIBS
AICY,14.1,ACCC_APPS_UPDATE_INSTALL_START,9,HD
AUDT,5.0,ACCC_APPS_UPDATE_SUCCESS,2805,RIBS
PHSP,18.0.1,ACCC_APPS_UPDATE_INSTALL_START,89,HD
FWKS,12.0.0,ACCC_APPS_UPDATE_DL_START,3715,RIBS
DRWV,19.0,ACCC_APPS_UPDATE_DL_END,64,HD
AICY,11.0,ACCC_APPS_UPDATE_DL_START,156,RIBS
ESHR,2.0,ACCC_APPS_UPDATE_DL_START,112789,HD
PPRO,6.0,ACCC_APPS_UPDATE_FAIL,1265,RIBS
AME,9.0,ACCC_APPS_UPDATE_DL_START,809,RIBS
LTRM,7.4,ACCC_APPS_UPDATE_INSTALL_START,27,HD
PPRO,11.1.4,ACCC_APPS_UPDATE_SUCCESS,5114,HD
AEFT,14.2.2,ACCC_APPS_UPDATE_INSTALL_CANCEL,380,HD
DRWV,17.5.0,ACCC_APPS_UPDATE_ERROR,10,HD
LRCC,1.3,ACCC_APPS_UPDATE_DL_START,4,HD
KEMN,7.0,ACCC_APPS_UPDATE_SUCCESS,1925,RIBS
PPRO,9.0,ACCC_APPS_UPDATE_SUCCESS,869,RIBS
AEFT,12.0,ACCC_APPS_UPDATE_INSTALL_START,436,RIBS
ESHR,1.1.1,ACCC_APPS_UPDATE_SUCCESS,9742,HD
PHSP,19.1.6,ACCC_APPS_UPDATE_INSTALL_START,678455,HD
ILST,23.0,ACCC_APPS_UPDATE_DL_END,160,HD
CHAR,1.5,ACCC_APPS_UPDATE_INSTALL_CANCEL,88,HD
AICY,13.1,ACCC_APPS_UPDATE_SUCCESS,3114,HD
LRCC,1.5,ACCC_APPS_UPDATE_INSTALL_CANCEL,5153,HD
PPRO,8.0,ACCC_APPS_UPDATE_SUCCESS,145,RIBS
PHSP,18.1.6,ACCC_APPS_UPDATE_DL_END,40653,HD
MUSE,2018.1.0,ACCC_APPS_UPDATE_SUCCESS,10605,HD
KBRG,6.3.1,ACCC_APPS_UPDATE_FAIL,1,HD
PHSP,18.1.6,ACCC_APPS_UPDATE_DL_START,45170,HD
DRWV,16.0.0,ACCC_APPS_UPDATE_DL_CANCEL,13,RIBS
SPRK,12.0.12,ACCC_APPS_UPDATE_DL_END,146233,HD
AEFT,15.1.2,ACCC_APPS_UPDATE_INSTALL_CANCEL,4990,HD
IDSN,14.0,ACCC_APPS_UPDATE_DL_END,115,HD
PHSP,19.1.2,ACCC_APPS_UPDATE_SUCCESS,2,HD
SPRK,4.0.12,ACCC_APPS_UPDATE_FAIL,63,HD
ILST,16.0,ACCC_APPS_UPDATE_ERROR,2794,RIBS
AICY,10.0,ACCC_APPS_UPDATE_DL_START,1,RIBS
PHSP,13.0,ACCC_APPS_UPDATE_DL_END,34670,RIBS
LRCC,2.0,ACCC_APPS_UPDATE_FAIL,1139,HD
PHSP,14.0,ACCC_APPS_UPDATE_INSTALL_START,1245,RIBS
FLPR,19.0,ACCC_APPS_UPDATE_INSTALL_START,47,HD
SPRK,0.5.22,ACCC_APPS_UPDATE_DL_START,52,HD
PHSP,13.0,ACCC_APPS_UPDATE_DL_START,36989,RIBS
LRCC,1.5,ACCC_APPS_UPDATE_DL_END,143512,HD
ACR,9.6.1,ACCC_APPS_UPDATE_DL_END,3,HD
AUDT,8.0,ACCC_APPS_UPDATE_DL_CANCEL,11,RIBS
LTRM,7.5,ACCC_APPS_UPDATE_DL_START,253806,HD
AEFT,15.1.1,ACCC_APPS_UPDATE_SUCCESS,8,HD
LTRM,7.2,ACCC_APPS_UPDATE_DL_START,1,HD
LTRM,7.5,ACCC_APPS_UPDATE_DL_END,244838,HD
FLPR,16.5.1,ACCC_APPS_UPDATE_DL_START,520,HD
AEFT,13.5,ACCC_APPS_UPDATE_SUCCESS,1288,RIBS
DRWV,15.0.0,ACCC_APPS_UPDATE_DL_START,34,RIBS
DRWV,18.2,ACCC_APPS_UPDATE_DL_START,26303,HD
KBRG,6.3.1,ACCC_APPS_UPDATE_DL_CANCEL,3,HD
IDSN,9.0,ACCC_APPS_UPDATE_INSTALL_START,427,RIBS
IDSN,13.1,ACCC_APPS_UPDATE_INSTALL_START,46860,HD
AUDT,11.1,ACCC_APPS_UPDATE_DL_END,6989,HD
PRLD,1.0,ACCC_APPS_UPDATE_DL_CANCEL,35,RIBS
AEFT,15.1.2,ACCC_APPS_UPDATE_DL_END,109984,HD
ILST,20.1.0,ACCC_APPS_UPDATE_FAIL,7,HD
KBRG,6.0,ACCC_APPS_UPDATE_DL_START,1199,RIBS
FLPR,18.0.2,ACCC_APPS_UPDATE_SUCCESS,24471,HD
IDSN,14.1,ACCC_APPS_UPDATE_INSTALL_START,24,HD
AUDT,11.1,ACCC_APPS_UPDATE_DL_START,7133,HD
IDSN,12.1.0,ACCC_APPS_UPDATE_SUCCESS,3749,HD
SPRK,7.0.12,ACCC_APPS_UPDATE_DL_END,273,HD
PPRO,12.1.2,ACCC_APPS_UPDATE_ERROR,1170,HD
ESHR,2.0,ACCC_APPS_UPDATE_INSTALL_CANCEL,1370,HD
AEFT,13.8.0,ACCC_APPS_UPDATE_INSTALL_START,119,HD
IDSN,13.1,ACCC_APPS_UPDATE_INSTALL_CANCEL,1756,HD
SPRK,2.1.32,ACCC_APPS_UPDATE_DL_END,69,HD
IDSN,14.0,ACCC_APPS_UPDATE_INSTALL_START,191,HD
FLPR,16.5.1,ACCC_APPS_UPDATE_DL_CANCEL,28,HD
LTRM,7.4,ACCC_APPS_UPDATE_DL_START,28,HD
PHSP,18.1.2,ACCC_APPS_UPDATE_SUCCESS,3,HD
PHSP,16.0,ACCC_APPS_UPDATE_ERROR,231,RIBS
SPRK,12.0.12,ACCC_APPS_UPDATE_DL_START,156021,HD
RUSH,1.0,ACCC_APPS_UPDATE_ERROR,6,HD
AUDT,12.0,ACCC_APPS_UPDATE_ERROR,475,HD
PHSP,17.0.2,ACCC_APPS_UPDATE_FAIL,106,HD
ACR,10.4,ACCC_APPS_UPDATE_FAIL,1,HD
IDSN,14.0,ACCC_APPS_UPDATE_DL_START,191,HD
KBRG,6.3.1,ACCC_APPS_UPDATE_SUCCESS,140,HD
PPRO,13.0,ACCC_APPS_UPDATE_INSTALL_START,165,HD
CHAR,2.0,ACCC_APPS_UPDATE_ERROR,227,HD
PPRO,9.0,ACCC_APPS_UPDATE_INSTALL_START,964,RIBS
PHSP,18.1.2,ACCC_APPS_UPDATE_DL_END,3,HD
AME,8.0,ACCC_APPS_UPDATE_FAIL,8,RIBS
AEFT,12.0,ACCC_APPS_UPDATE_INSTALL_CANCEL,6,RIBS
PPRO,12.0.1,ACCC_APPS_UPDATE_DL_CANCEL,1,HD
AME,11.1.4,ACCC_APPS_UPDATE_ERROR,27,HD
PHSP,19.1.3,ACCC_APPS_UPDATE_DL_END,11,HD
FLPR,14.0,ACCC_APPS_UPDATE_SUCCESS,85,RIBS
KBRG,9.0,ACCC_APPS_UPDATE_DL_START,52,HD
AEFT,14.2.2,ACCC_APPS_UPDATE_SUCCESS,3284,HD
SPRK,10.0.12,ACCC_APPS_UPDATE_DL_END,911,HD
AICY,14.0,ACCC_APPS_UPDATE_ERROR,327,HD
AICY,11.0,ACCC_APPS_UPDATE_ERROR,1,RIBS
PRLD,2.0,ACCC_APPS_UPDATE_INSTALL_START,14,RIBS
AICY,11.0,ACCC_APPS_UPDATE_INSTALL_CANCEL,1,RIBS
PHSP,18.1.4,ACCC_APPS_UPDATE_SUCCESS,1,HD
PRLD,7.1.1,ACCC_APPS_UPDATE_INSTALL_START,12609,HD
SPGD,9.0,ACCC_APPS_UPDATE_DL_END,664,RIBS
PHSP,19.1.3,ACCC_APPS_UPDATE_SUCCESS,11,HD
AUDT,10.1.2,ACCC_APPS_UPDATE_DL_START,1357,HD
ILST,22.1,ACCC_APPS_UPDATE_DL_START,64212,HD
FLPR,18.0.2,ACCC_APPS_UPDATE_DL_END,24825,HD
SPRK,11.0.22,ACCC_APPS_UPDATE_INSTALL_CANCEL,24,HD
ILST,17.0,ACCC_APPS_UPDATE_DL_CANCEL,46,RIBS
PRLD,6.1.3,ACCC_APPS_UPDATE_INSTALL_CANCEL,7,HD
AME,12.1.2,ACCC_APPS_UPDATE_INSTALL_START,143267,HD
DRWV,12.0.0,ACCC_APPS_UPDATE_DL_END,5549,RIBS
DRWV,12.0.0,ACCC_APPS_UPDATE_DL_START,5765,RIBS
PHSP,14.0,ACCC_APPS_UPDATE_SUCCESS,1183,RIBS
KBRG,6.3.1,ACCC_APPS_UPDATE_DL_END,142,HD
SPRK,5.0.12,ACCC_APPS_UPDATE_DL_END,193,HD
SPRK,9.0.12,ACCC_APPS_UPDATE_DL_START,122,HD
SPRK,2.1.32,ACCC_APPS_UPDATE_INSTALL_CANCEL,2,HD
AICY,13.1,ACCC_APPS_UPDATE_INSTALL_START,3206,HD
AUDT,10.1.2,ACCC_APPS_UPDATE_SUCCESS,1263,HD
CHAR,1.5,ACCC_APPS_UPDATE_INSTALL_START,4301,HD
SPRK,3.1.12,ACCC_APPS_UPDATE_INSTALL_START,124,HD
FWKS,12.0.0,ACCC_APPS_UPDATE_FAIL,395,RIBS
AICY,12.0.0,ACCC_APPS_UPDATE_INSTALL_START,104,HD
ACR,10.5,ACCC_APPS_UPDATE_INSTALL_CANCEL,5172,HD
PPRO,11.1.4,ACCC_APPS_UPDATE_INSTALL_START,6164,HD
LTRM,6.0,ACCC_APPS_UPDATE_DL_END,29844,RIBS
PRLD,1.0,ACCC_APPS_UPDATE_DL_START,1516,RIBS
AUDT,7.0,ACCC_APPS_UPDATE_DL_START,38,RIBS
AUDT,12.0,ACCC_APPS_UPDATE_DL_END,28,HD
PPRO,12.1.2,ACCC_APPS_UPDATE_INSTALL_CANCEL,9293,HD
IDSN,11.0,ACCC_APPS_UPDATE_DL_CANCEL,136,RIBS
PPRO,13.0,ACCC_APPS_UPDATE_ERROR,1369,HD
IDSN,8.0,ACCC_APPS_UPDATE_DL_CANCEL,641,RIBS
AEFT,13.0,ACCC_APPS_UPDATE_INSTALL_START,750,RIBS
SPGD,6.0,ACCC_APPS_UPDATE_INSTALL_START,1166,RIBS
LTRM,6.0,ACCC_APPS_UPDATE_DL_START,31548,RIBS
IDSN,12.1.0,ACCC_APPS_UPDATE_DL_CANCEL,130,HD
LRCC,1.5,ACCC_APPS_UPDATE_DL_START,148944,HD
SPRK,12.0.12,ACCC_APPS_UPDATE_ERROR,597,HD
PPRO,9.0,ACCC_APPS_UPDATE_DL_END,967,RIBS
DRWV,13.0.0,ACCC_APPS_UPDATE_SUCCESS,51,RIBS
SPRK,3.0.12,ACCC_APPS_UPDATE_INSTALL_START,15,HD
LTRM,6.0,ACCC_APPS_UPDATE_SUCCESS,26672,RIBS
ACR,10.3,ACCC_APPS_UPDATE_SUCCESS,9,HD
KBRG,9.0,ACCC_APPS_UPDATE_DL_CANCEL,2,HD
IDSN,10.0,ACCC_APPS_UPDATE_ERROR,11,RIBS
DRWV,12.0.0,ACCC_APPS_UPDATE_INSTALL_START,5458,RIBS
AUDT,12.0,ACCC_APPS_UPDATE_SUCCESS,28,HD
AEFT,13.8.0,ACCC_APPS_UPDATE_DL_END,77,HD
FLPR,15.2.1,ACCC_APPS_UPDATE_INSTALL_START,83,HD
IDSN,9.0,ACCC_APPS_UPDATE_INSTALL_CANCEL,10,RIBS
IDSN,12.1.0,ACCC_APPS_UPDATE_INSTALL_START,3959,HD
FLPR,16.5.1,ACCC_APPS_UPDATE_FAIL,11,HD
PHSP,19.1.2,ACCC_APPS_UPDATE_INSTALL_START,2,HD
AEFT,13.5,ACCC_APPS_UPDATE_DL_END,1440,RIBS
PPRO,6.0,ACCC_APPS_UPDATE_INSTALL_CANCEL,147,RIBS
FLPR,15.1,ACCC_APPS_UPDATE_DL_END,64,RIBS
KBRG,8.1,ACCC_APPS_UPDATE_SUCCESS,117157,HD
PPRO,12.0.1,ACCC_APPS_UPDATE_DL_START,1,HD
PHSP,14.0,ACCC_APPS_UPDATE_FAIL,157,RIBS
PPRO,7.0,ACCC_APPS_UPDATE_ERROR,153,RIBS
FLPR,19.0,ACCC_APPS_UPDATE_FAIL,1,HD
IDSN,11.0,ACCC_APPS_UPDATE_DL_END,2336,RIBS
IDSN,11.0,ACCC_APPS_UPDATE_DL_START,2425,RIBS
AUDT,11.1.1,ACCC_APPS_UPDATE_SUCCESS,10449,HD
AEFT,13.8.1,ACCC_APPS_UPDATE_SUCCESS,237,HD
PHSP,20.0,ACCC_APPS_UPDATE_ERROR,5045,HD
AUDT,10.1.2,ACCC_APPS_UPDATE_DL_CANCEL,63,HD
SPGD,6.0,ACCC_APPS_UPDATE_FAIL,226,RIBS
SPRK,2.0.32,ACCC_APPS_UPDATE_FAIL,17,HD
ILST,22.1,ACCC_APPS_UPDATE_DL_CANCEL,2642,HD
AEFT,16.0,ACCC_APPS_UPDATE_INSTALL_START,141,HD
FLPR,15.0,ACCC_APPS_UPDATE_SUCCESS,205,RIBS
PPRO,11.1.4,ACCC_APPS_UPDATE_FAIL,132,HD
PRLD,6.1.3,ACCC_APPS_UPDATE_ERROR,6,HD
MUSE,2017.1.0,ACCC_APPS_UPDATE_SUCCESS,1591,HD
DRWV,16.0.0,ACCC_APPS_UPDATE_INSTALL_START,359,RIBS
ACR,10.0,ACCC_APPS_UPDATE_SUCCESS,1,HD
CHAR,1.5,ACCC_APPS_UPDATE_FAIL,37,HD
AUDT,6.0,ACCC_APPS_UPDATE_DL_CANCEL,1,RIBS
LTRM,7.5,ACCC_APPS_UPDATE_SUCCESS,242390,HD
FLPR,14.0,ACCC_APPS_UPDATE_DL_END,91,RIBS
PHSP,19.1.4,ACCC_APPS_UPDATE_DL_END,14,HD
LTRM,7.3.1,ACCC_APPS_UPDATE_DL_END,4,HD
IDSN,9.0,ACCC_APPS_UPDATE_SUCCESS,374,RIBS
ACR,10.1,ACCC_APPS_UPDATE_DL_START,4,HD
KBRG,9.0,ACCC_APPS_UPDATE_ERROR,1532,HD
LRCC,2.0.1,ACCC_APPS_UPDATE_DL_END,185259,HD
IDSN,11.0,ACCC_APPS_UPDATE_SUCCESS,2145,RIBS
KBRG,6.3.1,ACCC_APPS_UPDATE_INSTALL_START,155,HD
ACR,10.5,ACCC_APPS_UPDATE_SUCCESS,288167,HD
LTRM,8.0,ACCC_APPS_UPDATE_INSTALL_CANCEL,10530,HD
PPRO,12.1.1,ACCC_APPS_UPDATE_INSTALL_START,22,HD
IDSN,8.0,ACCC_APPS_UPDATE_DL_END,10371,RIBS
SPRK,3.1.12,ACCC_APPS_UPDATE_FAIL,95,HD
ILST,23.0,ACCC_APPS_UPDATE_SUCCESS,237,HD
PPRO,6.0,ACCC_APPS_UPDATE_INSTALL_START,11037,RIBS
SPRK,8.0.22,ACCC_APPS_UPDATE_DL_END,542,HD
PRLD,7.1.1,ACCC_APPS_UPDATE_DL_END,12368,HD
SPRK,10.0.12,ACCC_APPS_UPDATE_DL_CANCEL,14,HD
IDSN,12.1.0,ACCC_APPS_UPDATE_INSTALL_CANCEL,137,HD
ILST,17.0,ACCC_APPS_UPDATE_DL_START,455,RIBS
AEFT,16.0,ACCC_APPS_UPDATE_ERROR,1100,HD
PPRO,8.0,ACCC_APPS_UPDATE_DL_START,206,RIBS
AME,12.1.2,ACCC_APPS_UPDATE_DL_END,137022,HD
PRLD,7.1.1,ACCC_APPS_UPDATE_DL_START,12605,HD
SPRK,11.0.22,ACCC_APPS_UPDATE_DL_END,1428,HD
AME,9.0,ACCC_APPS_UPDATE_FAIL,81,RIBS
SPRK,5.0.12,ACCC_APPS_UPDATE_DL_START,205,HD
DRWV,17.5.0,ACCC_APPS_UPDATE_DL_START,560,HD
LTRM,7.2,ACCC_APPS_UPDATE_INSTALL_START,1,HD
FLPR,18.0.2,ACCC_APPS_UPDATE_DL_CANCEL,713,HD
ESHR,2.0,ACCC_APPS_UPDATE_FAIL,687,HD
CHAR,1.5,ACCC_APPS_UPDATE_DL_CANCEL,84,HD
AUDT,5.0,ACCC_APPS_UPDATE_INSTALL_START,2942,RIBS
LTRM,6.0,ACCC_APPS_UPDATE_INSTALL_CANCEL,82,RIBS
RUSH,1.0,ACCC_APPS_UPDATE_DL_END,845,HD
ANMLBETA,1.0.6,ACCC_APPS_UPDATE_INSTALL_START,3311,HD
ILST,17.0,ACCC_APPS_UPDATE_INSTALL_START,401,RIBS
AUDT,12.0,ACCC_APPS_UPDATE_INSTALL_CANCEL,2,HD
PPRO,11.1.4,ACCC_APPS_UPDATE_INSTALL_CANCEL,601,HD
SPRK,10.0.12,ACCC_APPS_UPDATE_INSTALL_START,933,HD
RUSH,1.0,ACCC_APPS_UPDATE_DL_START,868,HD
PPRO,8.0,ACCC_APPS_UPDATE_DL_END,186,RIBS
ILST,17.0,ACCC_APPS_UPDATE_DL_END,427,RIBS
AEFT,11.0,ACCC_APPS_UPDATE_FAIL,489,RIBS
SPRK,10.0.12,ACCC_APPS_UPDATE_SUCCESS,820,HD
SPGD,6.0,ACCC_APPS_UPDATE_INSTALL_CANCEL,2,RIBS
AUDT,5.0,ACCC_APPS_UPDATE_DL_START,3344,RIBS
CHAR,1.5,ACCC_APPS_UPDATE_SUCCESS,4174,HD
AME,12.1.1,ACCC_APPS_UPDATE_DL_START,14,HD
SPRK,3.1.12,ACCC_APPS_UPDATE_SUCCESS,31,HD
PPRO,11.1.4,ACCC_APPS_UPDATE_DL_END,5234,HD
SPRK,8.0.22,ACCC_APPS_UPDATE_SUCCESS,51,HD
ILST,18.0,ACCC_APPS_UPDATE_ERROR,8,RIBS
SPRK,2.0.32,ACCC_APPS_UPDATE_INSTALL_CANCEL,1,HD
PPRO,6.0,ACCC_APPS_UPDATE_DL_START,12291,RIBS
AEFT,11.0,ACCC_APPS_UPDATE_DL_START,5919,RIBS
ANMLBETA,1.0.6,ACCC_APPS_UPDATE_FAIL,15,HD
AUDT,11.1,ACCC_APPS_UPDATE_INSTALL_START,7135,HD
MUSE,2017.1.0,ACCC_APPS_UPDATE_DL_END,1599,HD
PHSP,18.1.6,ACCC_APPS_UPDATE_INSTALL_START,45194,HD
FLPR,15.2.1,ACCC_APPS_UPDATE_DL_START,83,HD
SPRK,8.0.22,ACCC_APPS_UPDATE_INSTALL_START,549,HD
AME,13.0,ACCC_APPS_UPDATE_DL_CANCEL,4,HD
PHSP,13.0,ACCC_APPS_UPDATE_INSTALL_START,33559,RIBS
IDSN,9.0,ACCC_APPS_UPDATE_DL_START,483,RIBS
DRWV,18.2,ACCC_APPS_UPDATE_INSTALL_START,26305,HD
IDSN,13.1,ACCC_APPS_UPDATE_FAIL,355,HD
FLPR,13.0,ACCC_APPS_UPDATE_ERROR,2,RIBS
MUSE,2018.1.0,ACCC_APPS_UPDATE_DL_END,10639,HD
SPRK,6.0.12,ACCC_APPS_UPDATE_INSTALL_CANCEL,2,HD
KEMN,7.0,ACCC_APPS_UPDATE_DL_END,2138,RIBS
SPRK,10.0.12,ACCC_APPS_UPDATE_DL_START,935,HD
KEMN,7.0,ACCC_APPS_UPDATE_ERROR,66,RIBS
AEFT,16.0,ACCC_APPS_UPDATE_INSTALL_CANCEL,7,HD
MUSE,2018.1.0,ACCC_APPS_UPDATE_DL_START,10913,HD
DRWV,19.0,ACCC_APPS_UPDATE_DL_START,110,HD
MUSE,2018.1.0,ACCC_APPS_UPDATE_DL_CANCEL,182,HD
IDSN,10.0,ACCC_APPS_UPDATE_DL_START,770,RIBS
SPRK,12.0.12,ACCC_APPS_UPDATE_SUCCESS,154751,HD
AME,12.1.2,ACCC_APPS_UPDATE_SUCCESS,135869,HD
FLPR,15.2.1,ACCC_APPS_UPDATE_FAIL,1,HD
PHSP,18.1.6,ACCC_APPS_UPDATE_DL_CANCEL,2354,HD
CHAR,1.5,ACCC_APPS_UPDATE_DL_START,4302,HD
AICY,14.0,ACCC_APPS_UPDATE_INSTALL_START,49,HD
PHSP,18.1.6,ACCC_APPS_UPDATE_SUCCESS,39735,HD
AICY,8.0,ACCC_APPS_UPDATE_INSTALL_START,64,RIBS
PPRO,9.0,ACCC_APPS_UPDATE_ERROR,39,RIBS
KBRG,8.1,ACCC_APPS_UPDATE_FAIL,637,HD
AEFT,12.0,ACCC_APPS_UPDATE_ERROR,85,RIBS
PHSP,13.0,ACCC_APPS_UPDATE_SUCCESS,19883,RIBS
AUDT,12.0,ACCC_APPS_UPDATE_INSTALL_START,29,HD
LTRM,6.0,ACCC_APPS_UPDATE_INSTALL_START,29843,RIBS
LRCC,1.5,ACCC_APPS_UPDATE_INSTALL_START,148964,HD
AEFT,12.0,ACCC_APPS_UPDATE_DL_END,467,RIBS
ILST,21.1.0,ACCC_APPS_UPDATE_DL_END,3532,HD
SPGD,8.0,ACCC_APPS_UPDATE_INSTALL_START,29,RIBS
AME,8.0,ACCC_APPS_UPDATE_DL_START,101,RIBS
AUDT,10.1.2,ACCC_APPS_UPDATE_INSTALL_CANCEL,65,HD
ILST,22.1,ACCC_APPS_UPDATE_INSTALL_CANCEL,2736,HD
DRWV,16.0.0,ACCC_APPS_UPDATE_SUCCESS,338,RIBS
AEFT,11.0,ACCC_APPS_UPDATE_DL_CANCEL,717,RIBS
AEFT,14.2.2,ACCC_APPS_UPDATE_DL_END,3378,HD
AUDT,5.0,ACCC_APPS_UPDATE_ERROR,267,RIBS
PPRO,7.0,ACCC_APPS_UPDATE_SUCCESS,459,RIBS
PHSP,18.1.1,ACCC_APPS_UPDATE_SUCCESS,1,HD
PHSP,19.1.6,ACCC_APPS_UPDATE_SUCCESS,627205,HD
PPRO,12.1.2,ACCC_APPS_UPDATE_SUCCESS,160979,HD
PHSP,13.0,ACCC_APPS_UPDATE_INSTALL_CANCEL,479,RIBS
DRWV,18.2,ACCC_APPS_UPDATE_INSTALL_CANCEL,775,HD
SPRK,9.1.12,ACCC_APPS_UPDATE_FAIL,618,HD
ILST,17.0,ACCC_APPS_UPDATE_INSTALL_CANCEL,4,RIBS
ACR,11.0,ACCC_APPS_UPDATE_FAIL,2413,HD
AME,11.1.4,ACCC_APPS_UPDATE_SUCCESS,4045,HD
LTRM,7.5,ACCC_APPS_UPDATE_DL_CANCEL,7550,HD
PPRO,12.1,ACCC_APPS_UPDATE_DL_CANCEL,1,HD
PHSP,15.0,ACCC_APPS_UPDATE_FAIL,199,RIBS
SPGD,7.0,ACCC_APPS_UPDATE_FAIL,3,RIBS
KBRG,6.0,ACCC_APPS_UPDATE_INSTALL_CANCEL,9,RIBS
PPRO,11.1.4,ACCC_APPS_UPDATE_DL_START,6171,HD
PRLD,6.1.3,ACCC_APPS_UPDATE_INSTALL_START,327,HD
SPRK,9.0.12,ACCC_APPS_UPDATE_DL_END,117,HD
SPRK,2.0.32,ACCC_APPS_UPDATE_DL_END,23,HD
MUSE,2017.1.0,ACCC_APPS_UPDATE_FAIL,16,HD
FLPR,18.0.1,ACCC_APPS_UPDATE_DL_END,1,HD
SPGD,6.0,ACCC_APPS_UPDATE_DL_START,1369,RIBS
SPRK,12.0.12,ACCC_APPS_UPDATE_INSTALL_CANCEL,1099,HD
LTRM,6.0,ACCC_APPS_UPDATE_DL_CANCEL,1306,RIBS
FLPR,19.0,ACCC_APPS_UPDATE_SUCCESS,40,HD
