product,vers,code,ecount,etype,ecount__1,bs_de_ee,bs_dd_ed,bs_de_ed,bs_dd_ee
PHSP,18.1.5,ACCC_APPS_HD_CANCEL,4,HD,4,0,4,0,0
FLPR,18.0.1,ACCC_DL_START,90,HD,90,1,89,0,0
SPRK,9.0.12,ACCC_DL_START,1,HD,1,0,1,0,0
LTRM,8.0,ACCC_ERROR,15,HD,15,0,15,0,0
SPRK,1.0.12,ACCC_DL_START,9,HD,9,0,9,0,0
APRO,18.0,ACCC_DL_START,33218,PKG,33218,0,33218,0,0
IDSN,10.0,ACCC_ERROR,12,RIBS,12,0,12,0,0
IDSN,13.0.1,ACCC_ERROR,26,HD,26,0,26,0,0
LRCC,1.3,ACCC_INSTALL_END,40,HD,40,1,39,0,0
PHSP,19.0,ACCC_APPS_HD_CANCEL,22,HD,22,0,22,0,0
AEFT,16.0,ACCC_INSTALL_END,6532,HD,6532,44,6492,0,0
AEFT,15.1.1,ACCC_DL_START,782,HD,782,1,781,0,0
APRO,15.0,ACCC_DL_START,3,PKG,3,0,3,0,0
AICY,13.0,ACCC_DL_START,13,HD,13,0,13,0,0
CHAR,1.1.1,ACCC_ERROR,1,HD,1,0,1,0,0
MUSE,2015.0.2,ACCC_DL_START,3,RIBS,3,0,3,0,0
SPRK,4.0.12,ACCC_DL_START,1,HD,1,0,1,0,0
ILST,21.0.0,ACCC_APPS_HD_CANCEL,1,HD,1,0,1,0,0
AUDT,12.0,ACCC_DL_START,3764,HD,3764,25,3741,0,0
PHSP,17.0.1,ACCC_DL_START,90,HD,90,0,90,0,0
KBRG,9.0,ACCC_DL_START,10727,HD,10727,119,10499,138,0
LTRM,6.0,ACCC_DL_START,2304,RIBS,2304,0,2304,0,0
APRO,11.0.0,ACCC_ERROR,13,RIBS,13,0,13,0,0
AICY,13.0.1,ACCC_APPS_HD_CANCEL,3,HD,3,0,3,0,0
SPRK,7.0.12,ACCC_INSTALL_END,2,HD,2,0,2,0,0
SPRK,13.0.10,ACCC_INSTALL_END,12,HD,12,7,5,0,0
PPRO,8.0,ACCC_ERROR,1,RIBS,1,0,1,0,0
DRWV,12.0.0,ACCC_INSTALL_END,160,RIBS,160,0,160,0,0
IDSN,14.0,ACCC_INSTALL_END,15336,HD,15336,55,15291,0,0
DRWV,18.0,ACCC_APPS_HD_CANCEL,2,HD,2,0,2,0,0
KBRG,7.0,ACCC_DL_START,1996,HD,1996,99,1848,55,0
MUSE,2015.2.1,ACCC_DL_START,20,HD,20,0,20,0,0
AEFT,13.5,ACCC_APPS_INSTALL_CANCEL,9,RIBS,9,0,9,0,0
PHSP,19.0.1,ACCC_DL_START,86,HD,86,0,86,0,0
FUSE,2015.1,ACCC_DL_START,31,RIBS,31,0,31,0,0
SPRK,5.0.12,ACCC_APPS_HD_CANCEL,2,HD,2,2,0,0,0
PHSP,20.0,ACCC_INSTALL_END,30022,HD,30022,67,29973,0,0
AICY,8.0,ACCC_DL_START,16,RIBS,16,0,16,0,0
ASCT,1.1.3,ACCC_ERROR,2,PKG,2,0,2,0,0
AUDT,6.0,ACCC_ERROR,3,RIBS,3,0,3,0,0
DRWV,16.0.0,ACCC_APPS_DL_CANCEL,5,RIBS,5,0,5,0,0
PHSP,15.0,ACCC_DL_START,1058,RIBS,1058,0,1058,0,0
KEMN,7.0,ACCC_INSTALL_END,404,RIBS,404,0,404,0,0
MUSE,2017.0.2,ACCC_DL_START,1,HD,1,0,1,0,0
ANMLBETA,1.0.5,ACCC_INSTALL_END,2,HD,2,0,2,0,0
RUSH,0.1.0,ACCC_DL_START,14,HD,14,6,8,0,0
PPRO,11.0.2,ACCC_DL_START,2,HD,2,0,2,0,0
CHAR,1.1.0,ACCC_ERROR,1,HD,1,0,1,0,0
EDGE,6.0,ACCC_APPS_INSTALL_CANCEL,3,RIBS,3,0,3,0,0
ILST,16.0,ACCC_DL_START,927,RIBS,927,0,927,0,0
IDSN,10.0,ACCC_APPS_DL_CANCEL,10,RIBS,10,0,10,0,0
PHSP,19.1,ACCC_ERROR,6,HD,6,0,6,0,0
TAPI,1.0,ACCC_APPS_INSTALL_CANCEL,5,RIBS,5,0,5,0,0
MUSE,7.4,ACCC_DL_START,27,RIBS,27,0,27,0,0
LTRM,5.7.1,ACCC_APPS_INSTALL_CANCEL,29,MSI,29,0,29,0,0
SPRK,0.6.32,ACCC_APPS_HD_CANCEL,1,HD,1,1,0,0,0
AEFT,12.0,ACCC_INSTALL_END,175,RIBS,175,0,175,0,0
IDSN,13.1,ACCC_ERROR,1738,HD,1738,0,1738,0,0
ANMLBETA,1.0.6,ACCC_INSTALL_END,1259,HD,1259,1,1258,0,0
MUSE,2015.2.1,ACCC_ERROR,1,HD,1,0,1,0,0
AICY,13.1,ACCC_ERROR,217,HD,217,0,217,0,0
FLPR,16.5,ACCC_INSTALL_END,4,HD,4,0,4,0,0
PHSP,16.0,ACCC_APPS_DL_CANCEL,39,RIBS,39,0,39,0,0
FLPR,15.2.1,ACCC_INSTALL_END,91,HD,91,1,90,0,0
PHSP,19.1.1,ACCC_ERROR,3,HD,3,0,3,0,0
AME,12.0.0,ACCC_DL_START,197,HD,197,0,197,0,0
PPRO,12.0.1,ACCC_APPS_HD_CANCEL,40,HD,40,0,40,0,0
CHAR,1.5,ACCC_ERROR,217,HD,217,1,216,0,0
FLPR,18.0.2,ACCC_ERROR,392,HD,392,0,392,0,0
AICY,11.0,ACCC_APPS_DL_CANCEL,1,RIBS,1,0,1,0,0
AICY,13.1,ACCC_INSTALL_END,15126,HD,15126,17,15119,0,0
MUSE,2015.2.1,ACCC_INSTALL_END,15,HD,15,0,15,0,0
MUSE,2017.1.0,ACCC_INSTALL_END,28,HD,28,0,28,0,0
ESHR,1.1.1,ACCC_ERROR,301,HD,301,0,301,0,0
ILST,17.0,ACCC_APPS_INSTALL_CANCEL,22,RIBS,22,0,22,0,0
AUDT,6.0,ACCC_APPS_INSTALL_CANCEL,3,RIBS,3,0,3,0,0
CHAR,1.1.1,ACCC_APPS_HD_CANCEL,1,HD,1,0,1,0,0
PRLD,6.1.3,ACCC_APPS_HD_CANCEL,1,HD,1,0,1,0,0
LTRM,7.1,ACCC_APPS_HD_CANCEL,2,HD,2,0,2,0,0
DRWV,18.1,ACCC_DL_START,88,HD,88,0,88,0,0
MUSE,2015.1.2,ACCC_DL_START,2,RIBS,2,0,2,0,0
LRCC,1.5,ACCC_APPS_HD_CANCEL,9179,HD,9179,2,9177,0,0
AME,13.0,ACCC_APPS_HD_CANCEL,287,HD,287,22,265,0,0
AME,11.0.2,ACCC_DL_START,2,HD,2,0,2,0,0
DRWV,18.2,ACCC_APPS_HD_CANCEL,1121,HD,1121,3,1119,0,0
SPRK,0.6.34,ACCC_DL_START,7,HD,7,0,7,0,0
AEFT,15.1,ACCC_DL_START,199,HD,199,0,199,0,0
SHDW,1.5,ACCC_INSTALL_END,30,PKG,30,0,30,0,0
ILST,16.0,ACCC_INSTALL_END,820,RIBS,820,0,820,0,0
AEFT,15.0.1,ACCC_DL_START,274,HD,274,0,274,0,0
PHSP,18.1,ACCC_DL_START,13,HD,13,0,13,0,0
AEFT,13.5,ACCC_APPS_DL_CANCEL,24,RIBS,24,0,24,0,0
DRWV,17.0.1,ACCC_DL_START,5,HD,5,0,5,0,0
ESHR,2.0,ACCC_APPS_HD_CANCEL,9,HD,9,1,8,0,0
KBRG,6.0,ACCC_APPS_DL_CANCEL,5,RIBS,5,0,5,0,0
PHSP,13.0,ACCC_DL_START,1037,RIBS,1037,0,1037,0,0
ANMLBETA,1.0.5,ACCC_DL_START,2,HD,2,0,2,0,0
ILST,22.0.1,ACCC_INSTALL_END,985,HD,985,0,985,0,0
ILST,16.0,ACCC_ERROR,47,RIBS,47,0,47,0,0
SPGD,8.0,ACCC_INSTALL_END,6,RIBS,6,0,6,0,0
ILST,18.0,ACCC_DL_START,448,RIBS,448,0,448,0,0
DRWV,13.0.0,ACCC_APPS_DL_CANCEL,2,RIBS,2,0,2,0,0
LTRM,7.4,ACCC_DL_START,670,HD,670,1,669,0,0
AUDT,11.0.0,ACCC_ERROR,2,HD,2,0,2,0,0
PRLD,7.0.1,ACCC_INSTALL_END,8,HD,8,0,8,0,0
ANMLBETA,1.0.6,ACCC_APPS_HD_CANCEL,144,HD,144,1,143,0,0
DRWV,13.0.0,ACCC_DL_START,35,RIBS,35,0,35,0,0
SPRK,0.5.22,ACCC_ERROR,2,HD,2,0,2,0,0
FLPR,12.0,ACCC_DL_START,377,RIBS,377,0,377,0,0
SPRK,9.0.12,ACCC_ERROR,1,HD,1,0,1,0,0
FLPR,18.0.1,ACCC_ERROR,1,HD,1,0,1,0,0
FLPR,15.2,ACCC_DL_START,18,HD,18,0,18,0,0
PPRO,13.0,ACCC_DL_START,10464,HD,10464,40,10428,0,0
PPRO,6.0,ACCC_DL_START,3566,RIBS,3566,0,3566,0,0
AICY,9.0,ACCC_APPS_DL_CANCEL,1,RIBS,1,0,1,0,0
MUSE,2017.0.2,ACCC_INSTALL_END,1,HD,1,0,1,0,0
IDSN,10.0,ACCC_DL_START,377,RIBS,377,0,377,0,0
DRWV,17.5.0,ACCC_APPS_HD_CANCEL,15,HD,15,0,15,0,0
SPRK,0.8.22,ACCC_DL_START,1,HD,1,0,1,0,0
PHSP,18.1.1,ACCC_INSTALL_END,31,HD,31,0,31,0,0
AUDT,10.1.2,ACCC_ERROR,5,HD,5,0,5,0,0
ILST,20.0.0,ACCC_ERROR,2,HD,2,0,2,0,0
SPRK,11.0.22,ACCC_ERROR,162,HD,162,0,162,0,0
FLBR,4.7,ACCC_APPS_INSTALL_CANCEL,7,RIBS,7,0,7,0,0
AICY,13.1,ACCC_APPS_HD_CANCEL,372,HD,372,0,372,0,0
DRWV,18.0,ACCC_INSTALL_END,44,HD,44,0,44,0,0
AUDT,11.0.0,ACCC_DL_START,28,HD,28,0,28,0,0
DRWV,15.0.0,ACCC_APPS_INSTALL_CANCEL,2,RIBS,2,0,2,0,0
LRCC,1.3,ACCC_APPS_HD_CANCEL,8,HD,8,0,8,0,0
LRCC,1.5,ACCC_ERROR,1341,HD,1341,0,1341,0,0
PPRO,12.1,ACCC_ERROR,40,HD,40,0,40,0,0
GSDK,1.3,ACCC_DL_START,1,MSI,1,0,1,0,0
AEFT,11.0,ACCC_INSTALL_END,417,RIBS,417,0,417,0,0
LTRM,5.7.1,ACCC_DL_START,1117,MSI,1117,0,1117,0,0
MUSE,2015.2.1,ACCC_APPS_HD_CANCEL,2,HD,2,0,2,0,0
AME,12.0.0,ACCC_APPS_HD_CANCEL,10,HD,10,0,10,0,0
SPRK,12.0.12,ACCC_DL_START,130860,HD,130860,32,130845,0,0
IDSN,11.0,ACCC_INSTALL_END,1263,RIBS,1263,0,1263,0,0
LTRM,7.1,ACCC_INSTALL_END,43,HD,43,0,43,0,0
AME,13.0,ACCC_DL_START,12082,HD,12082,69,12018,0,0
PHSP,15.0,ACCC_ERROR,110,RIBS,110,0,110,0,0
GSDK,1.3,ACCC_INSTALL_END,5,PKG,5,0,5,0,0
AEFT,15.1.2,ACCC_DL_START,136889,HD,136889,54,136853,0,0
APRO,19.0,ACCC_APPS_DL_CANCEL,1983,APP,1983,0,1983,0,0
ILST,22.0.0,ACCC_ERROR,43,HD,43,0,43,0,0
GSDK,1.4,ACCC_APPS_DL_CANCEL,1,PKG,1,0,1,0,0
LRCC,1.3,ACCC_DL_START,50,HD,50,1,49,0,0
AUDT,6.0,ACCC_APPS_DL_CANCEL,3,RIBS,3,0,3,0,0
PHSP,19.1.6,ACCC_APPS_HD_CANCEL,20311,HD,20311,8,20303,0,0
PPRO,8.0,ACCC_DL_START,1,RIBS,1,0,1,0,0
AEFT,15.0.0,ACCC_ERROR,7,HD,7,0,7,0,0
SPRK,0.8.22,ACCC_INSTALL_END,1,HD,1,0,1,0,0
FLPR,15.0,ACCC_INSTALL_END,22,RIBS,22,0,22,0,0
ILST,19.2.0,ACCC_INSTALL_END,3,HD,3,0,3,0,0
GSDK,1.3,ACCC_APPS_DL_CANCEL,3,PKG,3,0,3,0,0
ILST,19.2.1,ACCC_DL_START,487,HD,487,0,487,0,0
MUSE,2018.1.0,ACCC_ERROR,46,HD,46,0,46,0,0
IDSN,13.0,ACCC_ERROR,15,HD,15,0,15,0,0
IDSN,12.0.0,ACCC_ERROR,2,HD,2,0,2,0,0
SPRK,11.0.22,ACCC_DL_START,323,HD,323,1,322,0,0
PHSP,15.0,ACCC_APPS_DL_CANCEL,82,RIBS,82,0,82,0,0
AEFT,13.0,ACCC_ERROR,18,RIBS,18,0,18,0,0
AME,13.0,ACCC_ERROR,105,HD,105,0,105,0,0
SPRK,8.0.22,ACCC_DL_START,3,HD,3,0,3,0,0
PPRO,9.0,ACCC_DL_START,3,RIBS,3,0,3,0,0
AEFT,15.1.2,ACCC_APPS_HD_CANCEL,5199,HD,5199,5,5194,0,0
LTRM,5.7.1,ACCC_INSTALL_END,976,MSI,976,0,976,0,0
RFLW,2.0,ACCC_INSTALL_END,61,PKG,61,0,61,0,0
DRWV,15.0.0,ACCC_DL_START,69,RIBS,69,0,69,0,0
AME,12.1,ACCC_APPS_HD_CANCEL,4,HD,4,0,4,0,0
KBRG,8.1,ACCC_APPS_HD_CANCEL,4757,HD,4757,278,4309,193,0
DRWV,12.0.0,ACCC_ERROR,7,RIBS,7,0,7,0,0
AEFT,15.0.1,ACCC_APPS_HD_CANCEL,11,HD,11,0,11,0,0
DRWV,13.0.0,ACCC_INSTALL_END,30,RIBS,30,0,30,0,0
LTRM,5.7.1,ACCC_APPS_DL_CANCEL,26,PKG,26,0,26,0,0
PPRO,12.0.1,ACCC_INSTALL_END,595,HD,595,0,595,0,0
FLPR,19.0,ACCC_INSTALL_END,2144,HD,2144,32,2122,0,0
SHDW,1.5,ACCC_ERROR,3,PKG,3,0,3,0,0
IDSN,14.0,ACCC_APPS_HD_CANCEL,205,HD,205,7,198,0,0
AEFT,13.0,ACCC_APPS_INSTALL_CANCEL,7,RIBS,7,0,7,0,0
SPRK,9.1.12,ACCC_ERROR,1,HD,1,0,1,0,0
IDSN,13.0,ACCC_INSTALL_END,338,HD,338,0,338,0,0
LTRM,7.0.1,ACCC_DL_START,50,HD,50,0,50,0,0
KEMN,7.0,ACCC_APPS_INSTALL_CANCEL,2,RIBS,2,0,2,0,0
AUDT,11.1.1,ACCC_DL_START,35679,HD,35679,32,35662,0,0
AME,11.1.4,ACCC_DL_START,3812,HD,3812,7,3805,0,0
ASCT,1.1.3,ACCC_ERROR,2,MSI,2,0,2,0,0
MUSE,2014.3.2,ACCC_DL_START,1,RIBS,1,0,1,0,0
SPRK,0.5.22,ACCC_APPS_HD_CANCEL,6,HD,6,0,6,0,0
FLPR,15.1,ACCC_APPS_DL_CANCEL,8,RIBS,8,0,8,0,0
PPRO,12.1,ACCC_DL_START,588,HD,588,0,588,0,0
AUDT,5.0,ACCC_ERROR,16,RIBS,16,0,16,0,0
FUSE,2015.1,ACCC_APPS_DL_CANCEL,11,RIBS,11,0,11,0,0
ILST,19.1.1,ACCC_INSTALL_END,3,HD,3,0,3,0,0
EDGE,5.0,ACCC_ERROR,1,RIBS,1,0,1,0,0
SPRK,7.0.12,ACCC_DL_START,3,HD,3,0,3,0,0
LTRM,5.7.1,ACCC_INSTALL_END,69,PKG,69,0,69,0,0
FUSE,2017.1,ACCC_DL_START,17727,RIBS,17727,0,17727,0,0
PHSP,19.0,ACCC_ERROR,17,HD,17,0,17,0,0
LTRM,8.0,ACCC_INSTALL_END,523,HD,523,25,510,0,0
AUDT,6.0,ACCC_DL_START,58,RIBS,58,0,58,0,0
FUSE,2017.1,ACCC_APPS_INSTALL_CANCEL,50,RIBS,50,0,50,0,0
PHSP,17.0,ACCC_INSTALL_END,73,HD,73,0,73,0,0
ESHR,1.1,ACCC_DL_START,20,HD,20,0,20,0,0
ILST,18.0,ACCC_APPS_INSTALL_CANCEL,2,RIBS,2,0,2,0,0
DRWV,17.0.1,ACCC_INSTALL_END,5,HD,5,0,5,0,0
ILST,17.0,ACCC_APPS_DL_CANCEL,21,RIBS,21,0,21,0,0
AEFT,12.0,ACCC_APPS_INSTALL_CANCEL,15,RIBS,15,0,15,0,0
AICY,11.0,ACCC_APPS_INSTALL_CANCEL,1,RIBS,1,0,1,0,0
LRCC,2.0.1,ACCC_INSTALL_END,343,HD,343,0,343,0,0
AME,11.1.4,ACCC_APPS_HD_CANCEL,247,HD,247,1,246,0,0
LTRM,7.3,ACCC_APPS_HD_CANCEL,7,HD,7,0,7,0,0
LTRM,7.3.1,ACCC_INSTALL_END,108,HD,108,0,108,0,0
ASCT,1.1.3,ACCC_INSTALL_END,25,PKG,25,0,25,0,0
ILST,20.1.0,ACCC_DL_START,1134,HD,1134,0,1134,0,0
ILST,19.0,ACCC_APPS_INSTALL_CANCEL,1,RIBS,1,0,1,0,0
FLPR,14.0,ACCC_ERROR,1,RIBS,1,0,1,0,0
AUDT,6.0,ACCC_INSTALL_END,52,RIBS,52,0,52,0,0
SPRK,11.0.22,ACCC_APPS_HD_CANCEL,38,HD,38,0,38,0,0
SPRK,12.0.12,ACCC_APPS_HD_CANCEL,3443,HD,3443,1,3442,0,0
AEFT,15.1,ACCC_ERROR,11,HD,11,0,11,0,0
KETK,4.0,ACCC_ERROR,8,RIBS,8,0,8,0,0
CHAR,1.1.0,ACCC_INSTALL_END,14,HD,14,0,14,0,0
PRLD,7.1,ACCC_INSTALL_END,15,HD,15,0,15,0,0
AME,12.1.1,ACCC_DL_START,232,HD,232,0,232,0,0
DRWV,17.0.0,ACCC_INSTALL_END,3,HD,3,0,3,0,0
PHSP,19.1.2,ACCC_INSTALL_END,89,HD,89,0,89,0,0
AME,8.0,ACCC_ERROR,1,RIBS,1,0,1,0,0
PPRO,12.1,ACCC_APPS_HD_CANCEL,51,HD,51,0,51,0,0
PRLD,1.0,ACCC_INSTALL_END,57,RIBS,57,0,57,0,0
DRWV,17.1.0,ACCC_INSTALL_END,1,HD,1,0,1,0,0
PRLD,8.0,ACCC_APPS_HD_CANCEL,11,HD,11,2,9,0,0
DRWV,13.0.0,ACCC_ERROR,2,RIBS,2,0,2,0,0
PHSP,17.0.2,ACCC_APPS_HD_CANCEL,113,HD,113,0,113,0,0
APRO,10.1.1,ACCC_APPS_INSTALL_CANCEL,1,RIBS,1,0,1,0,0
FUSE,2017.1,ACCC_APPS_DL_CANCEL,993,RIBS,993,0,993,0,0
ESHR,2.0,ACCC_INSTALL_END,171,HD,171,18,161,0,0
ASCT,1.1.3,ACCC_INSTALL_END,55,MSI,55,0,55,0,0
AICY,13.0.1,ACCC_ERROR,1,HD,1,0,1,0,0
DRWV,13.0.0,ACCC_APPS_INSTALL_CANCEL,1,RIBS,1,0,1,0,0
APRO,17.0,ACCC_DL_START,88,PKG,88,0,88,0,0
SPRK,0.5.22,ACCC_INSTALL_END,137,HD,137,0,137,0,0
FLPR,12.0,ACCC_APPS_DL_CANCEL,20,RIBS,20,0,20,0,0
MUSE,2017.1.0,ACCC_DL_START,30,HD,30,0,30,0,0
SPRK,0.5.22,ACCC_DL_START,146,HD,146,0,146,0,0
APRO,19.0,ACCC_ERROR,5678,APP,5678,0,5678,0,0
LTRM,7.2,ACCC_APPS_HD_CANCEL,5,HD,5,0,5,0,0
MUSE,2018.1.0,ACCC_DL_START,7128,HD,7128,2,7126,0,0
AEFT,15.0.0,ACCC_DL_START,290,HD,290,0,290,0,0
AICY,12.0.0,ACCC_ERROR,5,HD,5,0,5,0,0
APRO,19.0,ACCC_APPS_DL_CANCEL,1059,PKG,1059,0,1059,0,0
LTRM,6.0,ACCC_APPS_DL_CANCEL,93,RIBS,93,0,93,0,0
ILST,21.1.0,ACCC_INSTALL_END,5113,HD,5113,2,5111,0,0
ILST,19.0,ACCC_DL_START,11,RIBS,11,0,11,0,0
LRCC,1.0.1,ACCC_APPS_HD_CANCEL,1,HD,1,0,1,0,0
ILST,23.0,ACCC_ERROR,164,HD,164,3,161,0,0
AICY,14.0,ACCC_INSTALL_END,1217,HD,1217,35,1192,0,0
PHSP,18.0,ACCC_ERROR,9,HD,9,0,9,0,0
DRWV,17.5.0,ACCC_ERROR,10,HD,10,0,10,0,0
APRO,10.1.1,ACCC_DL_START,1,RIBS,1,0,1,0,0
AICY,8.0,ACCC_APPS_DL_CANCEL,1,RIBS,1,0,1,0,0
AUDT,11.0.2,ACCC_APPS_HD_CANCEL,1,HD,1,0,1,0,0
SPRK,8.1.22,ACCC_DL_START,1,HD,1,0,1,0,0
IDSN,9.0,ACCC_INSTALL_END,148,RIBS,148,0,148,0,0
IDSN,13.0,ACCC_APPS_HD_CANCEL,17,HD,17,0,17,0,0
AUDT,5.0,ACCC_INSTALL_END,244,RIBS,244,0,244,0,0
PHSP,19.1.6,ACCC_ERROR,5844,HD,5844,2,5842,0,0
AUDT,11.0.2,ACCC_DL_START,52,HD,52,0,52,0,0
LRCC,1.1,ACCC_DL_START,15,HD,15,1,14,0,0
DRWV,17.0.1,ACCC_APPS_HD_CANCEL,1,HD,1,0,1,0,0
EDGE,3.0,ACCC_INSTALL_END,1,RIBS,1,0,1,0,0
ILST,20.1.0,ACCC_ERROR,34,HD,34,0,34,0,0
IDSN,14.0,ACCC_ERROR,131,HD,131,1,130,0,0
AME,12.1,ACCC_ERROR,7,HD,7,0,7,0,0
PPRO,11.1.4,ACCC_DL_START,2287,HD,2287,3,2284,0,0
FLPR,15.0,ACCC_ERROR,1,RIBS,1,0,1,0,0
DRWV,18.1,ACCC_INSTALL_END,75,HD,75,0,75,0,0
FLPR,13.0,ACCC_DL_START,14,RIBS,14,0,14,0,0
FLBR,4.7,ACCC_DL_START,92,RIBS,92,0,92,0,0
AICY,9.0,ACCC_DL_START,6,RIBS,6,0,6,0,0
APRO,19.0,ACCC_APPS_INSTALL_CANCEL,2331,APP,2331,0,2331,0,0
FLPR,16.1,ACCC_INSTALL_END,1,HD,1,0,1,0,0
ILST,22.0.1,ACCC_ERROR,53,HD,53,0,53,0,0
ILST,21.0.0,ACCC_INSTALL_END,16,HD,16,0,16,0,0
AME,12.1,ACCC_INSTALL_END,79,HD,79,0,79,0,0
KBRG,7.0,ACCC_ERROR,37,HD,37,1,35,1,0
APRO,18.0,ACCC_INSTALL_END,55398,APP,55398,0,55398,0,0
PPRO,12.0.1,ACCC_ERROR,23,HD,23,0,23,0,0
AEFT,15.1.2,ACCC_ERROR,1928,HD,1928,0,1928,0,0
KBRG,9.0,ACCC_ERROR,72,HD,72,0,72,0,0
KBRG,8.0,ACCC_APPS_HD_CANCEL,1,HD,1,0,1,0,0
FLPR,16.5.1,ACCC_DL_START,481,HD,481,2,479,0,0
GSDK,1.4,ACCC_DL_START,17,PKG,17,0,17,0,0
AME,11.0.2,ACCC_INSTALL_END,2,HD,2,0,2,0,0
PPRO,7.0,ACCC_APPS_DL_CANCEL,44,RIBS,44,0,44,0,0
SPRK,0.6.32,ACCC_DL_START,1,HD,1,1,0,0,0
PRLD,7.1.1,ACCC_INSTALL_END,13185,HD,13185,28,13173,0,0
MUSE,2018.0,ACCC_INSTALL_END,25,HD,25,0,25,0,0
MUSE,2015.1.0,ACCC_DL_START,1,RIBS,1,0,1,0,0
KETK,4.0,ACCC_DL_START,734,RIBS,734,0,734,0,0
APRO,18.0,ACCC_APPS_DL_CANCEL,459,PKG,459,0,459,0,0
LTRM,7.3.1,ACCC_APPS_HD_CANCEL,11,HD,11,0,11,0,0
AICY,12.0.0,ACCC_APPS_HD_CANCEL,8,HD,8,0,8,0,0
APRO,18.0,ACCC_INSTALL_END,31899,PKG,31899,0,31899,0,0
DRWV,18.1,ACCC_ERROR,6,HD,6,0,6,0,0
PHSP,19.1.4,ACCC_INSTALL_END,342,HD,342,0,342,0,0
PRLD,2.0,ACCC_DL_START,4,RIBS,4,0,4,0,0
IDSN,13.0.1,ACCC_DL_START,998,HD,998,1,997,0,0
CHAR,1.5,ACCC_INSTALL_END,24180,HD,24180,34,24162,0,0
KBRG,6.3.1,ACCC_DL_START,468,HD,468,24,434,14,0
LTRM,7.1,ACCC_ERROR,1,HD,1,0,1,0,0
SPRK,12.0.12,ACCC_INSTALL_END,126561,HD,126561,32,126546,0,0
AME,12.1.2,ACCC_APPS_HD_CANCEL,19150,HD,19150,11,19139,0,0
AEFT,14.1.0,ACCC_INSTALL_END,2,HD,2,0,2,0,0
ILST,23.0,ACCC_APPS_HD_CANCEL,198,HD,198,8,190,0,0
AICY,14.0,ACCC_ERROR,18,HD,18,1,17,0,0
AEFT,12.0,ACCC_ERROR,8,RIBS,8,0,8,0,0
LTRM,5.7.1,ACCC_DL_START,102,PKG,102,0,102,0,0
SPRK,13.0.10,ACCC_DL_START,15,HD,15,9,7,0,0
ESHR,1.0.1,ACCC_INSTALL_END,26,HD,26,0,26,0,0
FLPR,15.2.1,ACCC_ERROR,6,HD,6,0,6,0,0
FLPR,19.0,ACCC_ERROR,22,HD,22,0,22,0,0
RUSH,1.0,ACCC_APPS_HD_CANCEL,57,HD,57,8,49,0,0
AME,11.1.4,ACCC_INSTALL_END,3498,HD,3498,7,3491,0,0
EDGE,5.0,ACCC_INSTALL_END,11,RIBS,11,0,11,0,0
PHSP,19.1,ACCC_DL_START,100,HD,100,0,100,0,0
LTRM,7.5,ACCC_INSTALL_END,133492,HD,133492,15,133488,0,0
LTRM,7.2,ACCC_INSTALL_END,68,HD,68,0,68,0,0
LRCC,1.0.1,ACCC_INSTALL_END,6,HD,6,0,6,0,0
CHAR,1.5,ACCC_APPS_HD_CANCEL,577,HD,577,2,575,0,0
PRLD,6.1.3,ACCC_DL_START,38,HD,38,0,38,0,0
CHAR,1.1.1,ACCC_DL_START,24,HD,24,0,24,0,0
PRLD,2.0,ACCC_ERROR,1,RIBS,1,0,1,0,0
DRWV,18.1,ACCC_APPS_HD_CANCEL,8,HD,8,0,8,0,0
CODE,1.0,ACCC_ERROR,78,PKG,78,0,78,0,0
FLPR,14.0,ACCC_APPS_DL_CANCEL,6,RIBS,6,0,6,0,0
PHSP,14.0,ACCC_APPS_INSTALL_CANCEL,3,RIBS,3,0,3,0,0
AEFT,14.1.0,ACCC_DL_START,2,HD,2,0,2,0,0
AICY,14.0,ACCC_DL_START,1308,HD,1308,35,1283,0,0
SPRK,9.1.12,ACCC_INSTALL_END,9,HD,9,0,9,0,0
ILST,22.0.1,ACCC_APPS_HD_CANCEL,52,HD,52,0,52,0,0
KBRG,9.0,ACCC_APPS_HD_CANCEL,80,HD,80,5,73,2,0
LRCC,1.5,ACCC_DL_START,157103,HD,157103,19,157094,0,0
AEFT,12.0,ACCC_DL_START,205,RIBS,205,0,205,0,0
LRCC,1.2,ACCC_DL_START,21,HD,21,0,21,0,0
ILST,20.0.0,ACCC_APPS_HD_CANCEL,17,HD,17,0,17,0,0
SPGD,9.0,ACCC_APPS_DL_CANCEL,2,RIBS,2,0,2,0,0
ILST,17.0,ACCC_ERROR,6,RIBS,6,0,6,0,0
AUDT,10.1.2,ACCC_APPS_HD_CANCEL,4,HD,4,0,4,0,0
LRCC,1.4,ACCC_INSTALL_END,212,HD,212,0,212,0,0
LRCC,2.0.1,ACCC_APPS_HD_CANCEL,26,HD,26,0,26,0,0
ESHR,2.0,ACCC_ERROR,1,HD,1,0,1,0,0
AUDT,11.0.1,ACCC_ERROR,3,HD,3,0,3,0,0
LTRM,5.7.1,ACCC_ERROR,97,MSI,97,0,97,0,0
APRO,19.0,ACCC_DL_START,60206,PKG,60206,0,60206,0,0
EDGE,4.0.1,ACCC_DL_START,2,RIBS,2,0,2,0,0
ILST,16.0,ACCC_APPS_DL_CANCEL,39,RIBS,39,0,39,0,0
KBRG,6.3.1,ACCC_INSTALL_END,408,HD,408,22,380,9,0
KBRG,6.3,ACCC_INSTALL_END,7,HD,7,0,7,0,0
ILST,19.2.1,ACCC_INSTALL_END,428,HD,428,0,428,0,0
LTRM,7.4,ACCC_INSTALL_END,604,HD,604,1,603,0,0
FLPR,15.2.1,ACCC_DL_START,109,HD,109,1,108,0,0
ANMLBETA,1.0.6,ACCC_DL_START,1397,HD,1397,2,1395,0,0
LRCC,2.0.1,ACCC_ERROR,5,HD,5,0,5,0,0
FLPR,14.0,ACCC_INSTALL_END,23,RIBS,23,0,23,0,0
ESHR,2.0,ACCC_DL_START,185,HD,185,20,173,0,0
AME,12.0.1,ACCC_INSTALL_END,154,HD,154,0,154,0,0
LTRM,7.5,ACCC_APPS_HD_CANCEL,5491,HD,5491,1,5490,0,0
DRWV,12.0.0,ACCC_APPS_DL_CANCEL,3,RIBS,3,0,3,0,0
ILST,18.0,ACCC_ERROR,19,RIBS,19,0,19,0,0
FLPR,15.0,ACCC_DL_START,30,RIBS,30,0,30,0,0
PRLD,7.1,ACCC_ERROR,1,HD,1,0,1,0,0
KEMN,7.0,ACCC_APPS_DL_CANCEL,10,RIBS,10,0,10,0,0
AUDT,11.0.2,ACCC_ERROR,4,HD,4,0,4,0,0
SPRK,0.6.14,ACCC_ERROR,1,HD,1,0,1,0,0
KETK,4.0,ACCC_INSTALL_END,699,RIBS,699,0,699,0,0
ILST,21.1.0,ACCC_APPS_HD_CANCEL,183,HD,183,0,183,0,0
PHSP,18.1.1,ACCC_APPS_HD_CANCEL,9,HD,9,0,9,0,0
AEFT,14.2.2,ACCC_ERROR,35,HD,35,0,35,0,0
FLBR,4.7,ACCC_APPS_DL_CANCEL,3,RIBS,3,0,3,0,0
AICY,12.0.0,ACCC_INSTALL_END,279,HD,279,0,279,0,0
FLPR,12.0,ACCC_ERROR,31,RIBS,31,0,31,0,0
PHSP,17.0.2,ACCC_ERROR,82,HD,82,0,82,0,0
FLPR,18.0.2,ACCC_DL_START,37261,HD,37261,20,37251,0,0
IDSN,8.0,ACCC_INSTALL_END,584,RIBS,584,0,584,0,0
IDSN,13.1,ACCC_DL_START,198868,HD,198868,31,198849,0,0
KBRG,8.1,ACCC_ERROR,1567,HD,1567,127,1402,55,0
DRWV,17.5.0,ACCC_INSTALL_END,274,HD,274,7,267,0,0
LTRM,7.5,ACCC_ERROR,1298,HD,1298,0,1298,0,0
LTRM,7.2,ACCC_ERROR,1,HD,1,0,1,0,0
APRO,19.0,ACCC_INSTALL_END,105227,APP,105227,0,105227,0,0
AEFT,15.0.1,ACCC_ERROR,6,HD,6,0,6,0,0
GSDK,1.4,ACCC_INSTALL_END,13,PKG,13,0,13,0,0
LRCC,1.4,ACCC_DL_START,250,HD,250,1,249,0,0
AICY,13.0.1,ACCC_INSTALL_END,58,HD,58,0,58,0,0
KBRG,8.0,ACCC_INSTALL_END,32,HD,32,0,32,0,0
FLPR,15.2.1,ACCC_APPS_HD_CANCEL,10,HD,10,0,10,0,0
AICY,13.1,ACCC_DL_START,15790,HD,15790,17,15783,0,0
ILST,22.0.0,ACCC_DL_START,376,HD,376,0,376,0,0
IDSN,8.0,ACCC_ERROR,28,RIBS,28,0,28,0,0
KBRG,8.1,ACCC_INSTALL_END,126105,HD,126105,7667,114219,4808,0
KEMN,7.0,ACCC_DL_START,426,RIBS,426,0,426,0,0
PHSP,19.1.4,ACCC_ERROR,49,HD,49,0,49,0,0
ILST,23.0,ACCC_INSTALL_END,20945,HD,20945,71,20886,0,0
PHSP,19.1.5,ACCC_INSTALL_END,1217,HD,1217,1,1216,0,0
PRLD,1.0,ACCC_ERROR,8,RIBS,8,0,8,0,0
SPRK,13.0.12,ACCC_INSTALL_END,2415,HD,2415,1,2414,0,0
PHSP,19.1.2,ACCC_ERROR,9,HD,9,0,9,0,0
PHSP,18.0.1,ACCC_INSTALL_END,177,HD,177,0,177,0,0
AEFT,13.0,ACCC_INSTALL_END,311,RIBS,311,0,311,0,0
SHDW,1.5,ACCC_DL_START,66,MSI,66,0,66,0,0
PHSP,18.0,ACCC_INSTALL_END,241,HD,241,0,241,0,0
LTRM,6.0,ACCC_ERROR,193,RIBS,193,0,193,0,0
DRWV,15.0.0,ACCC_APPS_DL_CANCEL,2,RIBS,2,0,2,0,0
ESHR,1.0,ACCC_DL_START,18,HD,18,1,17,0,0
PRLD,7.0.0,ACCC_DL_START,5,HD,5,0,5,0,0
ESHR,1.1.1,ACCC_INSTALL_END,26154,HD,26154,19,26145,0,0
ANMLBETA,1.0.6,ACCC_ERROR,11,HD,11,0,11,0,0
MUSE,2015.2.0,ACCC_DL_START,2,HD,2,0,2,0,0
PPRO,7.0,ACCC_INSTALL_END,361,RIBS,361,0,361,0,0
PPRO,12.1.1,ACCC_INSTALL_END,1269,HD,1269,2,1267,0,0
SPGD,9.0,ACCC_ERROR,10,RIBS,10,0,10,0,0
AEFT,13.5,ACCC_DL_START,399,RIBS,399,0,399,0,0
FLPR,15.1,ACCC_DL_START,19,RIBS,19,0,19,0,0
LTRM,7.0,ACCC_INSTALL_END,80,HD,80,1,79,0,0
LTRM,7.3,ACCC_INSTALL_END,63,HD,63,0,63,0,0
FWKS,12.0.0,ACCC_INSTALL_END,505,RIBS,505,0,505,0,0
PHSP,18.1.5,ACCC_DL_START,72,HD,72,0,72,0,0
IDSN,13.0.1,ACCC_APPS_HD_CANCEL,50,HD,50,0,50,0,0
ILST,20.1.0,ACCC_INSTALL_END,1061,HD,1061,0,1061,0,0
EDGE,6.0,ACCC_DL_START,259,RIBS,259,0,259,0,0
IDSN,12.0.0,ACCC_APPS_HD_CANCEL,5,HD,5,0,5,0,0
PHSP,18.1.1,ACCC_ERROR,1,HD,1,0,1,0,0
LTRM,8.0,ACCC_APPS_HD_CANCEL,26,HD,26,6,20,0,0
IDSN,12.1.0,ACCC_ERROR,44,HD,44,0,44,0,0
PHSP,15.0,ACCC_INSTALL_END,826,RIBS,826,0,826,0,0
SPRK,13.0.10,ACCC_APPS_HD_CANCEL,5,HD,5,4,1,0,0
ILST,22.0.1,ACCC_DL_START,1078,HD,1078,0,1078,0,0
IDSN,14.1,ACCC_APPS_HD_CANCEL,2,HD,2,2,0,0,0
ILST,22.1,ACCC_DL_START,304651,HD,304651,38,304625,0,0
RFLW,2.0,ACCC_DL_START,61,PKG,61,0,61,0,0
DRWV,18.0,ACCC_DL_START,48,HD,48,0,48,0,0
PPRO,7.0,ACCC_ERROR,29,RIBS,29,0,29,0,0
AME,12.1.1,ACCC_INSTALL_END,199,HD,199,0,199,0,0
PHSP,20.0,ACCC_ERROR,312,HD,312,0,312,0,0
AME,12.1.1,ACCC_ERROR,15,HD,15,0,15,0,0
ESHR,1.0,ACCC_INSTALL_END,17,HD,17,1,16,0,0
PHSP,18.1.6,ACCC_APPS_HD_CANCEL,445,HD,445,1,444,0,0
PHSP,18.0.1,ACCC_DL_START,230,HD,230,0,230,0,0
LRCC,1.3,ACCC_ERROR,8,HD,8,0,8,0,0
SPRK,0.6.14,ACCC_DL_START,1,HD,1,0,1,0,0
KBRG,6.0,ACCC_INSTALL_END,117,RIBS,117,0,117,0,0
AEFT,15.1.1,ACCC_ERROR,26,HD,26,0,26,0,0
APRO,15.0,ACCC_ERROR,1,PKG,1,0,1,0,0
PPRO,11.1.4,ACCC_APPS_HD_CANCEL,99,HD,99,0,99,0,0
PHSP,13.0,ACCC_APPS_INSTALL_CANCEL,66,RIBS,66,0,66,0,0
KBRG,6.0,ACCC_ERROR,4,RIBS,4,0,4,0,0
PHSP,19.1.3,ACCC_ERROR,9,HD,9,0,9,0,0
RFLW,2.0,ACCC_DL_START,11,MSI,11,0,11,0,0
APRO,17.0,ACCC_INSTALL_END,85,PKG,85,0,85,0,0
ILST,19.2.1,ACCC_APPS_HD_CANCEL,51,HD,51,0,51,0,0
FLPR,15.0,ACCC_APPS_DL_CANCEL,6,RIBS,6,0,6,0,0
AEFT,13.5,ACCC_INSTALL_END,355,RIBS,355,0,355,0,0
TAPI,1.0,ACCC_ERROR,2,RIBS,2,0,2,0,0
KBRG,6.3.1,ACCC_ERROR,21,HD,21,0,18,3,0
SPRK,8.1.22,ACCC_INSTALL_END,1,HD,1,0,1,0,0
AICY,10.0,ACCC_INSTALL_END,18,RIBS,18,0,18,0,0
APRO,18.0,ACCC_APPS_DL_CANCEL,1042,APP,1042,0,1042,0,0
PHSP,18.0,ACCC_APPS_HD_CANCEL,44,HD,44,0,44,0,0
FLPR,14.0,ACCC_DL_START,31,RIBS,31,0,31,0,0
IDSN,11.0,ACCC_ERROR,81,RIBS,81,0,81,0,0
SPRK,8.0.22,ACCC_INSTALL_END,2,HD,2,0,2,0,0
GSDK,1.4,ACCC_DL_START,50,MSI,50,0,50,0,0
PHSP,14.0,ACCC_DL_START,215,RIBS,215,0,215,0,0
LTRM,7.5,ACCC_DL_START,138772,HD,138772,16,138767,0,0
PPRO,12.1.1,ACCC_APPS_HD_CANCEL,100,HD,100,0,100,0,0
LTRM,7.2,ACCC_DL_START,73,HD,73,0,73,0,0
LRCC,1.0.1,ACCC_DL_START,7,HD,7,0,7,0,0
LTRM,7.0.1,ACCC_APPS_HD_CANCEL,5,HD,5,0,5,0,0
APRO,18.0,ACCC_ERROR,1225,PKG,1225,0,1225,0,0
PHSP,19.1.5,ACCC_ERROR,122,HD,122,0,122,0,0
PRLD,7.1.1,ACCC_ERROR,194,HD,194,0,194,0,0
SPRK,13.0.12,ACCC_ERROR,11,HD,11,0,11,0,0
AME,12.1.2,ACCC_ERROR,2605,HD,2605,0,2605,0,0
KBRG,7.0,ACCC_INSTALL_END,1829,HD,1829,88,1693,49,0
ILST,20.0.0,ACCC_INSTALL_END,57,HD,57,0,57,0,0
ILST,19.2.0,ACCC_DL_START,4,HD,4,0,4,0,0
EDGE,6.0,ACCC_APPS_DL_CANCEL,3,RIBS,3,0,3,0,0
PPRO,12.1.2,ACCC_DL_START,204015,HD,204015,51,203982,0,0
LTRM,5.7.1,ACCC_APPS_DL_CANCEL,50,MSI,50,0,50,0,0
PHSP,19.1.2,ACCC_APPS_HD_CANCEL,3,HD,3,0,3,0,0
SPGD,9.0,ACCC_APPS_INSTALL_CANCEL,1,RIBS,1,0,1,0,0
GSDK,1.3,ACCC_DL_START,9,PKG,9,0,9,0,0
LTRM,5.7.1,ACCC_APPS_INSTALL_CANCEL,3,PKG,3,0,3,0,0
AICY,9.0,ACCC_INSTALL_END,4,RIBS,4,0,4,0,0
PHSP,19.1.1,ACCC_APPS_HD_CANCEL,4,HD,4,0,4,0,0
FLPR,13.0,ACCC_INSTALL_END,12,RIBS,12,0,12,0,0
AUDT,11.1,ACCC_DL_START,27401,HD,27401,7,27397,0,0
ILST,22.0.0,ACCC_INSTALL_END,323,HD,323,0,323,0,0
PHSP,13.0,ACCC_APPS_DL_CANCEL,57,RIBS,57,0,57,0,0
FLPR,13.0,ACCC_APPS_DL_CANCEL,1,RIBS,1,0,1,0,0
PHSP,18.1.6,ACCC_ERROR,206,HD,206,2,204,0,0
AEFT,15.1.2,ACCC_INSTALL_END,130021,HD,130021,50,129989,0,0
KBRG,9.0,ACCC_INSTALL_END,10143,HD,10143,119,9917,136,0
AEFT,16.0,ACCC_APPS_HD_CANCEL,88,HD,88,3,85,0,0
ILST,19.0.1,ACCC_DL_START,3,HD,3,0,3,0,0
PHSP,19.1.3,ACCC_DL_START,144,HD,144,0,144,0,0
ILST,17.0,ACCC_DL_START,255,RIBS,255,0,255,0,0
IDSN,11.0,ACCC_APPS_INSTALL_CANCEL,11,RIBS,11,0,11,0,0
AICY,8.0,ACCC_ERROR,2,RIBS,2,0,2,0,0
IDSN,9.0,ACCC_ERROR,7,RIBS,7,0,7,0,0
PRLD,2.0,ACCC_INSTALL_END,3,RIBS,3,0,3,0,0
LTRM,7.1,ACCC_DL_START,47,HD,47,0,47,0,0
MUSE,7.4,ACCC_ERROR,25,RIBS,25,0,25,0,0
APRO,11.0.0,ACCC_DL_START,30,RIBS,30,0,30,0,0
SPRK,5.0.12,ACCC_DL_START,12,HD,12,3,9,0,0
PHSP,17.0,ACCC_DL_START,88,HD,88,0,88,0,0
SPRK,1.0.12,ACCC_INSTALL_END,9,HD,9,0,9,0,0
MUSE,2018.0,ACCC_APPS_HD_CANCEL,1,HD,1,0,1,0,0
IDSN,9.0,ACCC_APPS_DL_CANCEL,8,RIBS,8,0,8,0,0
KBRG,8.1,ACCC_DL_START,133510,HD,133510,8120,121037,5134,0
RUSH,1.0,ACCC_ERROR,26,HD,26,0,26,0,0
AEFT,15.1.1,ACCC_APPS_HD_CANCEL,53,HD,53,0,53,0,0
AUDT,11.0.0,ACCC_INSTALL_END,26,HD,26,0,26,0,0
IDSN,12.0.0,ACCC_INSTALL_END,98,HD,98,0,98,0,0
ILST,21.1.0,ACCC_DL_START,5335,HD,5335,2,5333,0,0
AUDT,11.1.1,ACCC_APPS_HD_CANCEL,621,HD,621,1,620,0,0
AUDT,11.0.2,ACCC_INSTALL_END,50,HD,50,0,50,0,0
ASCT,1.1.3,ACCC_DL_START,55,MSI,55,0,55,0,0
IDSN,13.0.1,ACCC_INSTALL_END,942,HD,942,1,941,0,0
LTRM,7.4,ACCC_APPS_HD_CANCEL,45,HD,45,0,45,0,0
ILST,19.2.1,ACCC_ERROR,13,HD,13,0,13,0,0
AICY,13.0.1,ACCC_DL_START,63,HD,63,0,63,0,0
KBRG,8.0,ACCC_DL_START,34,HD,34,0,34,0,0
FUSE,2015.1,ACCC_INSTALL_END,19,RIBS,19,0,19,0,0
LTRM,7.0.1,ACCC_ERROR,2,HD,2,0,2,0,0
SPRK,5.0.12,ACCC_INSTALL_END,10,HD,10,1,9,0,0
PHSP,19.0,ACCC_INSTALL_END,327,HD,327,0,327,0,0
PHSP,18.1.5,ACCC_ERROR,6,HD,6,0,6,0,0
LTRM,5.7.1,ACCC_ERROR,4,PKG,4,0,4,0,0
DRWV,12.0.0,ACCC_APPS_INSTALL_CANCEL,10,RIBS,10,0,10,0,0
ILST,22.1,ACCC_APPS_HD_CANCEL,7003,HD,7003,3,7000,0,0
ILST,21.0.2,ACCC_INSTALL_END,62,HD,62,0,62,0,0
SPRK,13.0.12,ACCC_APPS_HD_CANCEL,35,HD,35,0,35,0,0
PHSP,19.1.5,ACCC_APPS_HD_CANCEL,121,HD,121,0,121,0,0
RUSH,1.0,ACCC_INSTALL_END,1633,HD,1633,25,1612,0,0
LTRM,7.3.1,ACCC_DL_START,129,HD,129,0,129,0,0
ASCT,1.1.3,ACCC_DL_START,27,PKG,27,0,27,0,0
IDSN,8.0,ACCC_DL_START,646,RIBS,646,0,646,0,0
PHSP,19.0.1,ACCC_INSTALL_END,79,HD,79,0,79,0,0
AEFT,11.0,ACCC_APPS_INSTALL_CANCEL,35,RIBS,35,0,35,0,0
AME,12.0.1,ACCC_DL_START,167,HD,167,0,167,0,0
PPRO,12.1.1,ACCC_DL_START,1426,HD,1426,2,1424,0,0
KBRG,6.3,ACCC_DL_START,7,HD,7,0,7,0,0
ILST,19.0,ACCC_DL_START,2,HD,2,0,2,0,0
ILST,20.0.0,ACCC_DL_START,79,HD,79,0,79,0,0
PRLD,1.0,ACCC_DL_START,85,RIBS,85,0,85,0,0
IDSN,14.1,ACCC_DL_START,27,HD,27,22,5,0,0
LTRM,6.0,ACCC_APPS_INSTALL_CANCEL,46,RIBS,46,0,46,0,0
AEFT,12.0,ACCC_APPS_DL_CANCEL,13,RIBS,13,0,13,0,0
CHAR,2.0,ACCC_DL_START,1507,HD,1507,30,1480,0,0
FLPR,18.0,ACCC_DL_START,39,HD,39,0,39,0,0
FWKS,12.0.0,ACCC_DL_START,531,RIBS,531,0,531,0,0
CHAR,2.0,ACCC_APPS_HD_CANCEL,13,HD,13,1,12,0,0
EDGE,3.0,ACCC_DL_START,1,RIBS,1,0,1,0,0
FLPR,16.5,ACCC_DL_START,4,HD,4,0,4,0,0
CHAR,1.5,ACCC_DL_START,25040,HD,25040,36,25020,0,0
ILST,22.0.0,ACCC_APPS_HD_CANCEL,22,HD,22,0,22,0,0
ILST,16.0,ACCC_APPS_INSTALL_CANCEL,56,RIBS,56,0,56,0,0
FLPR,18.0,ACCC_INSTALL_END,28,HD,28,0,28,0,0
PHSP,17.0.2,ACCC_INSTALL_END,1427,HD,1427,0,1427,0,0
ILST,21.0.1,ACCC_INSTALL_END,3,HD,3,0,3,0,0
DRWV,17.1.0,ACCC_DL_START,1,HD,1,0,1,0,0
PHSP,19.1.1,ACCC_DL_START,60,HD,60,0,60,0,0
FWKS,12.0.0,ACCC_APPS_INSTALL_CANCEL,24,RIBS,24,0,24,0,0
AUDT,11.0.1,ACCC_INSTALL_END,19,HD,19,0,19,0,0
AUDT,5.0,ACCC_APPS_DL_CANCEL,4,RIBS,4,0,4,0,0
ILST,19.0.1,ACCC_APPS_HD_CANCEL,1,HD,1,0,1,0,0
ILST,19.1.0,ACCC_INSTALL_END,1,HD,1,0,1,0,0
ESHR,1.0.1,ACCC_ERROR,1,HD,1,0,1,0,0
PPRO,13.0,ACCC_ERROR,79,HD,79,0,79,0,0
AEFT,11.0,ACCC_ERROR,14,RIBS,14,0,14,0,0
FLPR,16.5.1,ACCC_ERROR,10,HD,10,0,10,0,0
CHAR,1.1.0,ACCC_DL_START,15,HD,15,0,15,0,0
PRLD,7.1,ACCC_DL_START,16,HD,16,0,16,0,0
PHSP,18.1,ACCC_INSTALL_END,12,HD,12,0,12,0,0
AICY,12.0.0,ACCC_DL_START,301,HD,301,0,301,0,0
PRLD,7.1.1,ACCC_APPS_HD_CANCEL,225,HD,225,0,225,0,0
FLPR,16.5.1,ACCC_APPS_HD_CANCEL,28,HD,28,1,27,0,0
IDSN,9.0,ACCC_DL_START,167,RIBS,167,0,167,0,0
PPRO,12.0.1,ACCC_DL_START,635,HD,635,0,635,0,0
PRLD,7.1.1,ACCC_DL_START,13671,HD,13671,28,13659,0,0
DRWV,15.0.0,ACCC_INSTALL_END,64,RIBS,64,0,64,0,0
PRLD,1.0,ACCC_APPS_DL_CANCEL,5,RIBS,5,0,5,0,0
IDSN,12.1.0,ACCC_DL_START,4340,HD,4340,3,4337,0,0
PHSP,15.0,ACCC_APPS_INSTALL_CANCEL,22,RIBS,22,0,22,0,0
FLPR,13.0,ACCC_ERROR,2,RIBS,2,0,2,0,0
DRWV,19.0,ACCC_APPS_HD_CANCEL,53,HD,53,5,48,0,0
LRCC,1.0,ACCC_ERROR,4,HD,4,0,4,0,0
ILST,19.2.0,ACCC_APPS_HD_CANCEL,1,HD,1,0,1,0,0
LRCC,2.0,ACCC_INSTALL_END,556,HD,556,29,533,0,0
MUSE,2015.0.2,ACCC_ERROR,1,RIBS,1,0,1,0,0
AICY,10.0,ACCC_DL_START,18,RIBS,18,0,18,0,0
ILST,21.0.2,ACCC_ERROR,2,HD,2,0,2,0,0
SPRK,4.0.12,ACCC_INSTALL_END,1,HD,1,0,1,0,0
SPRK,11.0.22,ACCC_INSTALL_END,197,HD,197,1,196,0,0
AUDT,12.0,ACCC_ERROR,22,HD,22,0,22,0,0
AEFT,15.1,ACCC_APPS_HD_CANCEL,14,HD,14,0,14,0,0
LTRM,7.3.1,ACCC_ERROR,10,HD,10,0,10,0,0
APRO,19.0,ACCC_ERROR,2090,PKG,2090,0,2090,0,0
PRLD,8.0,ACCC_DL_START,1067,HD,1067,19,1050,0,0
PPRO,12.1.1,ACCC_ERROR,79,HD,79,0,79,0,0
AME,12.0.1,ACCC_ERROR,4,HD,4,0,4,0,0
AICY,14.1,ACCC_INSTALL_END,9,HD,9,9,0,0,0
APRO,19.0,ACCC_INSTALL_END,58021,PKG,58021,0,58021,0,0
LRCC,1.0,ACCC_DL_START,32,HD,32,1,31,0,0
SHDW,1.5,ACCC_DL_START,33,PKG,33,0,33,0,0
SPRK,9.1.12,ACCC_DL_START,10,HD,10,0,10,0,0
AUDT,12.0,ACCC_INSTALL_END,3648,HD,3648,24,3626,0,0
FLPR,18.0,ACCC_ERROR,2,HD,2,0,2,0,0
LRCC,1.4,ACCC_APPS_HD_CANCEL,24,HD,24,1,23,0,0
ESHR,1.1,ACCC_ERROR,2,HD,2,0,2,0,0
MUSE,2015.0.2,ACCC_INSTALL_END,2,RIBS,2,0,2,0,0
PPRO,12.1,ACCC_INSTALL_END,520,HD,520,0,520,0,0
KBRG,6.0,ACCC_DL_START,125,RIBS,125,0,125,0,0
ESHR,1.0.1,ACCC_APPS_HD_CANCEL,1,HD,1,0,1,0,0
MUSE,2014.3.2,ACCC_INSTALL_END,1,RIBS,1,0,1,0,0
SPRK,10.0.12,ACCC_ERROR,1,HD,1,0,1,0,0
RUSH,1.0,ACCC_DL_START,1830,HD,1830,28,1807,0,0
PHSP,16.0,ACCC_INSTALL_END,496,RIBS,496,0,496,0,0
APRO,18.0,ACCC_APPS_INSTALL_CANCEL,160,PKG,160,0,160,0,0
APRO,15.0,ACCC_INSTALL_END,3,PKG,3,0,3,0,0
AME,12.1,ACCC_DL_START,97,HD,97,0,97,0,0
ILST,21.0.0,ACCC_DL_START,17,HD,17,0,17,0,0
FWKS,12.0.0,ACCC_APPS_DL_CANCEL,5,RIBS,5,0,5,0,0
DRWV,19.0,ACCC_INSTALL_END,4397,HD,4397,52,4359,0,0
FLPR,19.0,ACCC_APPS_HD_CANCEL,17,HD,17,5,12,0,0
LTRM,7.3,ACCC_ERROR,4,HD,4,0,4,0,0
FLPR,16.1,ACCC_DL_START,1,HD,1,0,1,0,0
ILST,21.0.2,ACCC_APPS_HD_CANCEL,7,HD,7,0,7,0,0
AEFT,16.0,ACCC_ERROR,61,HD,61,1,60,0,0
MUSE,2018.1.0,ACCC_INSTALL_END,6951,HD,6951,2,6949,0,0
AICY,8.0,ACCC_INSTALL_END,15,RIBS,15,0,15,0,0
PRLD,7.0.1,ACCC_DL_START,9,HD,9,0,9,0,0
PHSP,19.1.3,ACCC_APPS_HD_CANCEL,12,HD,12,0,12,0,0
AEFT,14.2.2,ACCC_DL_START,1734,HD,1734,2,1732,0,0
KETK,4.0,ACCC_APPS_INSTALL_CANCEL,23,RIBS,23,0,23,0,0
PHSP,18.1.5,ACCC_INSTALL_END,62,HD,62,0,62,0,0
AEFT,11.0,ACCC_APPS_DL_CANCEL,25,RIBS,25,0,25,0,0
GSDK,1.3,ACCC_APPS_INSTALL_CANCEL,1,PKG,1,0,1,0,0
SPGD,8.0,ACCC_DL_START,7,RIBS,7,0,7,0,0
PHSP,19.1.4,ACCC_APPS_HD_CANCEL,29,HD,29,0,29,0,0
IDSN,14.1,ACCC_INSTALL_END,25,HD,25,20,5,0,0
DRWV,16.0.0,ACCC_INSTALL_END,246,RIBS,246,0,246,0,0
PHSP,19.1.4,ACCC_DL_START,429,HD,429,0,429,0,0
MUSE,2015.2.0,ACCC_INSTALL_END,2,HD,2,0,2,0,0
MUSE,2014.3.0,ACCC_DL_START,1,RIBS,1,0,1,0,0
SHDW,1.5,ACCC_ERROR,2,MSI,2,0,2,0,0
ILST,19.0,ACCC_INSTALL_END,7,RIBS,7,0,7,0,0
TAPI,1.0,ACCC_INSTALL_END,117,RIBS,117,0,117,0,0
PHSP,19.0.1,ACCC_ERROR,5,HD,5,0,5,0,0
PPRO,6.0,ACCC_APPS_DL_CANCEL,179,RIBS,179,0,179,0,0
EDGE,6.0,ACCC_INSTALL_END,246,RIBS,246,0,246,0,0
AICY,10.0,ACCC_ERROR,2,RIBS,2,0,2,0,0
APRO,18.0,ACCC_ERROR,2668,APP,2668,0,2668,0,0
APRO,19.0,ACCC_APPS_INSTALL_CANCEL,306,PKG,306,0,306,0,0
AEFT,15.1.1,ACCC_INSTALL_END,704,HD,704,1,703,0,0
AME,8.0,ACCC_DL_START,1,RIBS,1,0,1,0,0
MUSE,2015.1.2,ACCC_INSTALL_END,2,RIBS,2,0,2,0,0
AME,12.0.1,ACCC_APPS_HD_CANCEL,9,HD,9,0,9,0,0
ILST,19.1.0,ACCC_DL_START,1,HD,1,0,1,0,0
PHSP,17.0.2,ACCC_DL_START,1623,HD,1623,0,1623,0,0
ILST,21.0.1,ACCC_DL_START,3,HD,3,0,3,0,0
LRCC,1.1,ACCC_INSTALL_END,12,HD,12,1,11,0,0
RFLW,2.0,ACCC_INSTALL_END,11,MSI,11,0,11,0,0
AEFT,15.1,ACCC_INSTALL_END,180,HD,180,0,180,0,0
AUDT,10.1.2,ACCC_INSTALL_END,204,HD,204,4,200,0,0
FLPR,18.0,ACCC_APPS_HD_CANCEL,4,HD,4,0,4,0,0
LTRM,7.4,ACCC_ERROR,31,HD,31,0,31,0,0
SPRK,0.6.34,ACCC_INSTALL_END,7,HD,7,0,7,0,0
LRCC,1.2,ACCC_APPS_HD_CANCEL,5,HD,5,0,5,0,0
ESHR,1.0.1,ACCC_DL_START,27,HD,27,0,27,0,0
PPRO,11.1.4,ACCC_INSTALL_END,2188,HD,2188,3,2185,0,0
PHSP,18.0.1,ACCC_ERROR,26,HD,26,0,26,0,0
AICY,13.0,ACCC_INSTALL_END,12,HD,12,0,12,0,0
GSDK,1.4,ACCC_ERROR,2,PKG,2,0,2,0,0
ILST,21.1.0,ACCC_ERROR,55,HD,55,0,55,0,0
FLPR,19.0,ACCC_DL_START,2359,HD,2359,33,2338,0,0
LTRM,7.0,ACCC_APPS_HD_CANCEL,6,HD,6,0,6,0,0
IDSN,12.1.0,ACCC_INSTALL_END,4168,HD,4168,3,4165,0,0
PPRO,6.0,ACCC_ERROR,213,RIBS,213,0,213,0,0
MUSE,2014.3.0,ACCC_INSTALL_END,1,RIBS,1,0,1,0,0
AICY,11.0,ACCC_ERROR,10,RIBS,10,0,10,0,0
PHSP,13.0,ACCC_INSTALL_END,887,RIBS,887,0,887,0,0
IDSN,10.0,ACCC_INSTALL_END,354,RIBS,354,0,354,0,0
DRWV,17.0.2,ACCC_DL_START,2,HD,2,0,2,0,0
FLPR,16.5.1,ACCC_INSTALL_END,403,HD,403,2,401,0,0
AUDT,5.0,ACCC_APPS_INSTALL_CANCEL,10,RIBS,10,0,10,0,0
PPRO,12.0.0,ACCC_INSTALL_END,594,HD,594,0,594,0,0
PRLD,8.0,ACCC_INSTALL_END,1022,HD,1022,16,1008,0,0
AME,12.1.1,ACCC_APPS_HD_CANCEL,24,HD,24,0,24,0,0
MUSE,2018.1.0,ACCC_APPS_HD_CANCEL,135,HD,135,1,134,0,0
AME,11.1.4,ACCC_ERROR,45,HD,45,0,45,0,0
ILST,18.0,ACCC_INSTALL_END,409,RIBS,409,0,409,0,0
MUSE,2014.3.2,ACCC_ERROR,1,RIBS,1,0,1,0,0
DRWV,19.0,ACCC_ERROR,37,HD,37,0,37,0,0
PHSP,19.0,ACCC_DL_START,365,HD,365,0,365,0,0
ILST,18.0,ACCC_APPS_DL_CANCEL,28,RIBS,28,0,28,0,0
PPRO,6.0,ACCC_INSTALL_END,3180,RIBS,3180,0,3180,0,0
PRLD,1.0,ACCC_APPS_INSTALL_CANCEL,12,RIBS,12,0,12,0,0
DRWV,12.0.0,ACCC_DL_START,170,RIBS,170,0,170,0,0
APRO,18.0,ACCC_APPS_INSTALL_CANCEL,1100,APP,1100,0,1100,0,0
KETK,4.0,ACCC_APPS_DL_CANCEL,11,RIBS,11,0,11,0,0
IDSN,11.0,ACCC_APPS_DL_CANCEL,39,RIBS,39,0,39,0,0
PHSP,18.1,ACCC_APPS_HD_CANCEL,3,HD,3,0,3,0,0
AUDT,11.1,ACCC_INSTALL_END,27012,HD,27012,7,27008,0,0
APRO,17.0,ACCC_ERROR,2,PKG,2,0,2,0,0
GSDK,1.3,ACCC_ERROR,1,MSI,1,0,1,0,0
MUSE,7.4,ACCC_APPS_DL_CANCEL,2,RIBS,2,0,2,0,0
PRLD,8.0,ACCC_ERROR,10,HD,10,0,10,0,0
FLPR,15.2,ACCC_INSTALL_END,17,HD,17,0,17,0,0
FLPR,15.1,ACCC_INSTALL_END,11,RIBS,11,0,11,0,0
PHSP,19.0.1,ACCC_APPS_HD_CANCEL,2,HD,2,0,2,0,0
EDGE,6.0,ACCC_ERROR,10,RIBS,10,0,10,0,0
LRCC,1.1,ACCC_APPS_HD_CANCEL,2,HD,2,0,2,0,0
KBRG,8.0.1,ACCC_INSTALL_END,55,HD,55,4,50,2,0
SPRK,1.0.12,ACCC_APPS_HD_CANCEL,1,HD,1,0,1,0,0
CODE,1.0,ACCC_INSTALL_END,9,MSI,9,0,9,0,0
CHAR,1.1.1,ACCC_INSTALL_END,22,HD,22,0,22,0,0
KBRG,6.3,ACCC_APPS_HD_CANCEL,1,HD,1,0,1,0,0
AEFT,14.2.2,ACCC_INSTALL_END,1660,HD,1660,2,1658,0,0
PHSP,19.1.3,ACCC_INSTALL_END,123,HD,123,0,123,0,0
ILST,17.0,ACCC_INSTALL_END,205,RIBS,205,0,205,0,0
KBRG,7.0,ACCC_APPS_HD_CANCEL,84,HD,84,3,77,4,0
AME,13.0,ACCC_INSTALL_END,10886,HD,10886,53,10835,0,0
PHSP,19.1,ACCC_INSTALL_END,85,HD,85,0,85,0,0
AICY,14.1,ACCC_DL_START,9,HD,9,9,0,0,0
AICY,13.0,ACCC_APPS_HD_CANCEL,1,HD,1,0,1,0,0
FLPR,12.0,ACCC_APPS_INSTALL_CANCEL,32,RIBS,32,0,32,0,0
FUSE,2017.1,ACCC_ERROR,1238,RIBS,1238,0,1238,0,0
DRWV,19.0,ACCC_DL_START,4659,HD,4659,54,4620,0,0
PRLD,6.1.3,ACCC_INSTALL_END,38,HD,38,0,38,0,0
FLPR,18.0.1,ACCC_APPS_HD_CANCEL,12,HD,12,0,12,0,0
LRCC,2.0.1,ACCC_DL_START,402,HD,402,0,402,0,0
PHSP,18.0.1,ACCC_APPS_HD_CANCEL,29,HD,29,0,29,0,0
PRLD,7.0.1,ACCC_ERROR,1,HD,1,0,1,0,0
AUDT,11.0.1,ACCC_DL_START,21,HD,21,0,21,0,0
ILST,19.0,ACCC_APPS_DL_CANCEL,1,RIBS,1,0,1,0,0
IDSN,10.0,ACCC_APPS_INSTALL_CANCEL,4,RIBS,4,0,4,0,0
AEFT,13.0,ACCC_DL_START,330,RIBS,330,0,330,0,0
PPRO,7.0,ACCC_APPS_INSTALL_CANCEL,55,RIBS,55,0,55,0,0
KBRG,8.0.1,ACCC_ERROR,3,HD,3,0,2,1,0
AICY,11.0,ACCC_DL_START,106,RIBS,106,0,106,0,0
LRCC,2.0,ACCC_ERROR,5,HD,5,0,5,0,0
SPGD,9.0,ACCC_DL_START,268,RIBS,268,0,268,0,0
FLBR,4.7,ACCC_INSTALL_END,75,RIBS,75,0,75,0,0
GSDK,1.4,ACCC_ERROR,4,MSI,4,0,4,0,0
SPRK,13.0.12,ACCC_DL_START,2516,HD,2516,1,2515,0,0
PHSP,19.1.5,ACCC_DL_START,1477,HD,1477,1,1476,0,0
CHAR,2.0,ACCC_INSTALL_END,1410,HD,1410,29,1383,0,0
PPRO,12.1.2,ACCC_APPS_HD_CANCEL,7824,HD,7824,3,7821,0,0
CHAR,2.0,ACCC_ERROR,14,HD,14,1,13,0,0
PPRO,12.1.2,ACCC_ERROR,2643,HD,2643,0,2643,0,0
LRCC,1.4,ACCC_ERROR,14,HD,14,0,14,0,0
AME,12.1.2,ACCC_DL_START,242996,HD,242996,76,242939,0,0
ILST,22.1,ACCC_ERROR,2605,HD,2605,0,2605,0,0
LTRM,7.3,ACCC_DL_START,77,HD,77,0,77,0,0
DRWV,18.0,ACCC_ERROR,2,HD,2,0,2,0,0
PHSP,18.0,ACCC_DL_START,277,HD,277,0,277,0,0
DRWV,17.5.0,ACCC_DL_START,295,HD,295,7,288,0,0
FLPR,15.0,ACCC_APPS_INSTALL_CANCEL,1,RIBS,1,0,1,0,0
AEFT,15.0.0,ACCC_APPS_HD_CANCEL,15,HD,15,0,15,0,0
DRWV,17.0.0,ACCC_DL_START,3,HD,3,0,3,0,0
ESHR,1.1.1,ACCC_APPS_HD_CANCEL,934,HD,934,1,933,0,0
EDGE,4.0.1,ACCC_INSTALL_END,2,RIBS,2,0,2,0,0
ILST,23.0,ACCC_DL_START,22062,HD,22062,74,22002,0,0
MUSE,7.4,ACCC_APPS_INSTALL_CANCEL,2,RIBS,2,0,2,0,0
LRCC,1.0,ACCC_APPS_HD_CANCEL,4,HD,4,0,4,0,0
AICY,9.0,ACCC_ERROR,2,RIBS,2,0,2,0,0
PHSP,20.0,ACCC_APPS_HD_CANCEL,603,HD,603,12,591,0,0
LTRM,7.0.1,ACCC_INSTALL_END,43,HD,43,0,43,0,0
SPRK,10.0.12,ACCC_DL_START,5,HD,5,1,4,0,0
AUDT,11.1.1,ACCC_ERROR,269,HD,269,0,269,0,0
FLPR,12.0,ACCC_INSTALL_END,299,RIBS,299,0,299,0,0
PHSP,19.1.1,ACCC_INSTALL_END,50,HD,50,0,50,0,0
IDSN,11.0,ACCC_DL_START,1327,RIBS,1327,0,1327,0,0
AEFT,16.0,ACCC_DL_START,7384,HD,7384,46,7342,0,0
PPRO,12.0.0,ACCC_ERROR,26,HD,26,0,26,0,0
PPRO,7.0,ACCC_DL_START,476,RIBS,476,0,476,0,0
PHSP,18.1.1,ACCC_DL_START,38,HD,38,0,38,0,0
PHSP,18.1.6,ACCC_INSTALL_END,7536,HD,7536,3,7533,0,0
PPRO,11.1.4,ACCC_ERROR,51,HD,51,0,51,0,0
IDSN,9.0,ACCC_APPS_INSTALL_CANCEL,20,RIBS,20,0,20,0,0
AUDT,11.1.1,ACCC_INSTALL_END,35045,HD,35045,32,35028,0,0
DRWV,16.0.0,ACCC_APPS_INSTALL_CANCEL,4,RIBS,4,0,4,0,0
FLPR,18.0.2,ACCC_INSTALL_END,35059,HD,35059,19,35050,0,0
TAPI,1.0,ACCC_DL_START,125,RIBS,125,0,125,0,0
FUSE,2017.1,ACCC_INSTALL_END,15475,RIBS,15475,0,15475,0,0
IDSN,13.1,ACCC_APPS_HD_CANCEL,4954,HD,4954,1,4953,0,0
RUSH,0.1.0,ACCC_INSTALL_END,14,HD,14,6,8,0,0
DRWV,16.0.0,ACCC_DL_START,262,RIBS,262,0,262,0,0
PPRO,6.0,ACCC_APPS_INSTALL_CANCEL,262,RIBS,262,0,262,0,0
IDSN,13.0,ACCC_DL_START,367,HD,367,0,367,0,0
AEFT,13.0,ACCC_APPS_DL_CANCEL,11,RIBS,11,0,11,0,0
LTRM,6.0,ACCC_INSTALL_END,2020,RIBS,2020,0,2020,0,0
PHSP,17.0.1,ACCC_INSTALL_END,74,HD,74,0,74,0,0
PHSP,16.0,ACCC_ERROR,40,RIBS,40,0,40,0,0
LRCC,1.5,ACCC_INSTALL_END,147833,HD,147833,19,147824,0,0
IDSN,12.1.0,ACCC_APPS_HD_CANCEL,136,HD,136,0,136,0,0
LTRM,7.0,ACCC_ERROR,5,HD,5,0,5,0,0
PPRO,13.0,ACCC_APPS_HD_CANCEL,169,HD,169,5,164,0,0
ESHR,1.1,ACCC_INSTALL_END,19,HD,19,0,19,0,0
CODE,1.0,ACCC_DL_START,78,PKG,78,0,78,0,0
AEFT,14.2.2,ACCC_APPS_HD_CANCEL,79,HD,79,0,79,0,0
AEFT,15.0.0,ACCC_INSTALL_END,275,HD,275,0,275,0,0
KBRG,8.0.1,ACCC_DL_START,59,HD,59,4,53,3,0
MUSE,7.4,ACCC_INSTALL_END,1,RIBS,1,0,1,0,0
PHSP,19.1,ACCC_APPS_HD_CANCEL,5,HD,5,0,5,0,0
AUDT,11.1,ACCC_APPS_HD_CANCEL,380,HD,380,0,380,0,0
KEMN,7.0,ACCC_ERROR,12,RIBS,12,0,12,0,0
PHSP,19.1.6,ACCC_INSTALL_END,524259,HD,524259,49,524222,0,0
LRCC,2.0,ACCC_DL_START,616,HD,616,30,592,0,0
SPRK,13.0.10,ACCC_ERROR,2,HD,2,1,1,0,0
KBRG,6.3.1,ACCC_APPS_HD_CANCEL,37,HD,37,2,34,1,0
MUSE,2018.0,ACCC_DL_START,27,HD,27,0,27,0,0
PRLD,7.0.0,ACCC_INSTALL_END,4,HD,4,0,4,0,0
PHSP,14.0,ACCC_APPS_DL_CANCEL,8,RIBS,8,0,8,0,0
FUSE,2015.1,ACCC_ERROR,4,RIBS,4,0,4,0,0
SPRK,0.6.34,ACCC_APPS_HD_CANCEL,1,HD,1,0,1,0,0
AME,12.0.0,ACCC_INSTALL_END,189,HD,189,0,189,0,0
LRCC,2.0,ACCC_APPS_HD_CANCEL,42,HD,42,4,38,0,0
SHDW,1.5,ACCC_INSTALL_END,65,MSI,65,0,65,0,0
AME,12.1.2,ACCC_INSTALL_END,219528,HD,219528,67,219480,0,0
DRWV,18.2,ACCC_DL_START,52571,HD,52571,36,52550,0,0
ILST,22.1,ACCC_INSTALL_END,299276,HD,299276,37,299251,0,0
SPRK,12.0.12,ACCC_ERROR,1231,HD,1231,0,1231,0,0
AEFT,11.0,ACCC_DL_START,477,RIBS,477,0,477,0,0
AUDT,12.0,ACCC_APPS_HD_CANCEL,14,HD,14,2,12,0,0
DRWV,17.0.2,ACCC_INSTALL_END,2,HD,2,0,2,0,0
LTRM,8.0,ACCC_DL_START,594,HD,594,27,579,0,0
LRCC,1.0,ACCC_INSTALL_END,25,HD,25,1,24,0,0
PPRO,12.0.0,ACCC_DL_START,649,HD,649,0,649,0,0
FLPR,18.0.1,ACCC_INSTALL_END,79,HD,79,1,78,0,0
AEFT,15.0.1,ACCC_INSTALL_END,264,HD,264,0,264,0,0
AICY,11.0,ACCC_INSTALL_END,101,RIBS,101,0,101,0,0
PPRO,9.0,ACCC_ERROR,3,RIBS,3,0,3,0,0
SPGD,8.0,ACCC_APPS_DL_CANCEL,1,RIBS,1,0,1,0,0
FWKS,12.0.0,ACCC_ERROR,15,RIBS,15,0,15,0,0
ILST,19.0.1,ACCC_INSTALL_END,3,HD,3,0,3,0,0
GSDK,1.4,ACCC_INSTALL_END,49,MSI,49,0,49,0,0
PPRO,13.0,ACCC_INSTALL_END,9334,HD,9334,39,9299,0,0
DRWV,16.0.0,ACCC_ERROR,17,RIBS,17,0,17,0,0
PHSP,14.0,ACCC_INSTALL_END,188,RIBS,188,0,188,0,0
PPRO,12.1.2,ACCC_INSTALL_END,196731,HD,196731,49,196700,0,0
IDSN,8.0,ACCC_APPS_INSTALL_CANCEL,42,RIBS,42,0,42,0,0
PHSP,18.1.6,ACCC_DL_START,8321,HD,8321,4,8317,0,0
DRWV,18.2,ACCC_INSTALL_END,51026,HD,51026,34,51005,0,0
PHSP,19.1.2,ACCC_DL_START,103,HD,103,0,103,0,0
APRO,19.0,ACCC_DL_START,112685,APP,112685,0,112685,0,0
ILST,21.0.2,ACCC_DL_START,66,HD,66,0,66,0,0
AEFT,13.5,ACCC_ERROR,22,RIBS,22,0,22,0,0
PPRO,11.0.2,ACCC_INSTALL_END,2,HD,2,0,2,0,0
AUDT,5.0,ACCC_DL_START,270,RIBS,270,0,270,0,0
ILST,19.1.1,ACCC_DL_START,3,HD,3,0,3,0,0
PHSP,16.0,ACCC_DL_START,579,RIBS,579,0,579,0,0
APRO,11.0.0,ACCC_INSTALL_END,16,RIBS,16,0,16,0,0
EDGE,5.0,ACCC_DL_START,12,RIBS,12,0,12,0,0
FLBR,4.7,ACCC_ERROR,6,RIBS,6,0,6,0,0
PHSP,16.0,ACCC_APPS_INSTALL_CANCEL,14,RIBS,14,0,14,0,0
PPRO,12.0.0,ACCC_APPS_HD_CANCEL,41,HD,41,0,41,0,0
PHSP,13.0,ACCC_ERROR,73,RIBS,73,0,73,0,0
PHSP,20.0,ACCC_DL_START,34210,HD,34210,70,34158,0,0
LTRM,7.0,ACCC_DL_START,88,HD,88,1,87,0,0
PHSP,17.0.1,ACCC_APPS_HD_CANCEL,16,HD,16,0,16,0,0
ILST,19.0,ACCC_INSTALL_END,2,HD,2,0,2,0,0
APRO,18.0,ACCC_DL_START,58976,APP,58976,0,58976,0,0
AUDT,11.1,ACCC_ERROR,170,HD,170,0,170,0,0
SPGD,9.0,ACCC_INSTALL_END,256,RIBS,256,0,256,0,0
SPRK,10.0.12,ACCC_INSTALL_END,5,HD,5,1,4,0,0
PHSP,19.1.6,ACCC_DL_START,544584,HD,544584,56,544540,0,0
IDSN,8.0,ACCC_APPS_DL_CANCEL,23,RIBS,23,0,23,0,0
DRWV,18.2,ACCC_ERROR,524,HD,524,0,524,0,0
PHSP,14.0,ACCC_ERROR,21,RIBS,21,0,21,0,0
LRCC,1.2,ACCC_INSTALL_END,15,HD,15,0,15,0,0
AUDT,10.1.2,ACCC_DL_START,209,HD,209,4,205,0,0
DRWV,15.0.0,ACCC_ERROR,4,RIBS,4,0,4,0,0
IDSN,14.0,ACCC_DL_START,16462,HD,16462,58,16414,0,0
CODE,1.0,ACCC_DL_START,9,MSI,9,0,9,0,0
FLPR,18.0.2,ACCC_APPS_HD_CANCEL,1277,HD,1277,1,1276,0,0
PHSP,17.0.1,ACCC_ERROR,6,HD,6,0,6,0,0
PHSP,17.0,ACCC_APPS_HD_CANCEL,12,HD,12,0,12,0,0
IDSN,12.0.0,ACCC_DL_START,108,HD,108,0,108,0,0
IDSN,13.1,ACCC_INSTALL_END,194307,HD,194307,31,194288,0,0
ESHR,1.1.1,ACCC_DL_START,27468,HD,27468,20,27458,0,0
ILST,20.1.0,ACCC_APPS_HD_CANCEL,55,HD,55,0,55,0,0
AICY,14.0,ACCC_APPS_HD_CANCEL,16,HD,16,5,11,0,0
