product,vers,code,ecount,etype
AUDT,11.0.0,ACCC_DL_START,49,HD
MUSE,2017.0.0,ACCC_INSTALL_END,1,HD
GSDK,1.4,ACCC_ERROR,2,PKG
FLPR,16.0.1,ACCC_DL_START,5,HD
PHSP,18.1.1,ACCC_INSTALL_END,74,HD
ILST,20.0.0,ACCC_ERROR,24,HD
AUDT,10.1.2,ACCC_ERROR,18,HD
LTRM,8.0,ACCC_DL_START,92970,HD
LRCC,1.0,ACCC_INSTALL_END,78,HD
MUSE,2015.2.0,ACCC_INSTALL_END,2,HD
MUSE,2014.3.0,ACCC_DL_START,2,RIBS
ILST,19.0,ACCC_INSTALL_END,24,RIBS
APRO,17.0,ACCC_INSTALL_END,115,PKG
RFLW,2.0,ACCC_DL_START,26,MSI
PHSP,14.0,ACCC_APPS_DL_CANCEL,90,RIBS
FLBR,4.7,ACCC_DL_START,291,RIBS
ASCT,1.1.3,ACCC_APPS_INSTALL_CANCEL,1,MSI
AEFT,15.1,ACCC_DL_START,506,HD
SHDW,1.5,ACCC_INSTALL_END,104,PKG
ILST,16.0,ACCC_INSTALL_END,1786,RIBS
MUSE,2015.1.2,ACCC_APPS_DL_CANCEL,1,RIBS
SPRK,0.6.32,ACCC_DL_START,1,HD
ILST,19.0,ACCC_APPS_DL_CANCEL,2,RIBS
AICY,12.0.0,ACCC_APPS_HD_CANCEL,50,HD
ILST,19.2.0,ACCC_APPS_HD_CANCEL,1,HD
TAPI,1.0,ACCC_APPS_DL_CANCEL,2,RIBS
KBRG,8.0,ACCC_APPS_HD_CANCEL,1,HD
PPRO,11.1.1,ACCC_DL_START,1,HD
AME,8.0,ACCC_DL_START,1,RIBS
MUSE,2017.0.0,ACCC_DL_START,1,HD
RFLW,1.0,ACCC_DL_START,1,MSI
DRWV,17.0.2,ACCC_INSTALL_END,3,HD
FLPR,15.2.1,ACCC_APPS_HD_CANCEL,33,HD
RFLW,2.0,ACCC_INSTALL_END,24,MSI
IDSN,9.0,ACCC_APPS_INSTALL_CANCEL,46,RIBS
AUDT,11.0.1,ACCC_ERROR,3,HD
PHSP,19.1.2,ACCC_APPS_HD_CANCEL,14,HD
SPGD,9.0,ACCC_APPS_INSTALL_CANCEL,1,RIBS
AEFT,15.1,ACCC_INSTALL_END,449,HD
MUSE,2014.3.0,ACCC_INSTALL_END,2,RIBS
EDGE,1.5,ACCC_DL_START,7,RIBS
EDGE,5.0,ACCC_DL_START,32,RIBS
KBRG,6.3.1,ACCC_INSTALL_END,1444,HD
SPRK,0.5.0,ACCC_DL_START,10,HD
KBRG,6.3,ACCC_INSTALL_END,17,HD
GSDK,1.4,ACCC_DL_START,191,MSI
SPRK,8.0.22,ACCC_INSTALL_END,7,HD
PHSP,14.0,ACCC_DL_START,842,RIBS
PHSP,13.0,ACCC_DL_START,2860,RIBS
ILST,18.0,ACCC_DL_START,1232,RIBS
DRWV,13.0.0,ACCC_APPS_DL_CANCEL,9,RIBS
PHSP,18.1.1,ACCC_ERROR,4,HD
SPRK,13.0.10,ACCC_INSTALL_END,18,HD
IDSN,13.0,ACCC_APPS_HD_CANCEL,37,HD
AME,9.0,ACCC_ERROR,4,RIBS
AICY,13.0.1,ACCC_INSTALL_END,93,HD
KBRG,8.0,ACCC_INSTALL_END,43,HD
EDGE,3.0,ACCC_INSTALL_END,7,RIBS
IDSN,8.0,ACCC_APPS_DL_CANCEL,76,RIBS
IDSN,12.0.0,ACCC_APPS_HD_CANCEL,19,HD
PHSP,19.1.2,ACCC_INSTALL_END,147,HD
PPRO,12.1,ACCC_APPS_HD_CANCEL,88,HD
AME,8.0,ACCC_ERROR,1,RIBS
LTRM,7.1,ACCC_APPS_HD_CANCEL,8,HD
SPRK,0.6.14,ACCC_INSTALL_END,2,HD
IDSN,12.1.0,ACCC_DL_START,13629,HD
PHSP,15.0,ACCC_APPS_INSTALL_CANCEL,84,RIBS
FLPR,13.0,ACCC_ERROR,4,RIBS
AUDT,11.0.2,ACCC_APPS_HD_CANCEL,2,HD
AME,11.0.2,ACCC_DL_START,3,HD
EDGE,3.0,ACCC_DL_START,7,RIBS
LRCC,1.4,ACCC_DL_START,579,HD
CODE,1.0,ACCC_DL_START,21,MSI
FLPR,15.2,ACCC_DL_START,201,HD
CHAR,1.1.0,ACCC_APPS_HD_CANCEL,2,HD
AME,11.1.4,ACCC_DL_START,14223,HD
MUSE,2014.3.2,ACCC_DL_START,3,RIBS
ASCT,1.1.3,ACCC_ERROR,4,MSI
KBRG,8.1,ACCC_INSTALL_END,316385,HD
KEMN,7.0,ACCC_DL_START,2527,RIBS
PHSP,19.1.4,ACCC_ERROR,101,HD
ESHR,1.1.1,ACCC_DL_START,59295,HD
AICY,14.0,ACCC_APPS_HD_CANCEL,1100,HD
ILST,20.1.0,ACCC_APPS_HD_CANCEL,192,HD
DRWV,19.0,ACCC_APPS_HD_CANCEL,3745,HD
LRCC,1.0,ACCC_ERROR,9,HD
PHSP,19.1.3,ACCC_APPS_HD_CANCEL,26,HD
KBRG,6.0,ACCC_ERROR,13,RIBS
AUDT,11.1.1,ACCC_INSTALL_END,125440,HD
DRWV,16.0.0,ACCC_APPS_INSTALL_CANCEL,8,RIBS
PPRO,7.0,ACCC_ERROR,165,RIBS
KBRG,8.0.1,ACCC_DL_START,114,HD
PHSP,19.1,ACCC_APPS_HD_CANCEL,10,HD
MUSE,7.4,ACCC_INSTALL_END,5,RIBS
PPRO,12.0.1,ACCC_APPS_HD_CANCEL,77,HD
PPRO,8.0,ACCC_ERROR,5,RIBS
PHSP,13.0,ACCC_APPS_INSTALL_CANCEL,227,RIBS
DRWV,15.0.0,ACCC_APPS_DL_CANCEL,7,RIBS
SPRK,7.0.12,ACCC_INSTALL_END,6,HD
PRLD,2.0,ACCC_DL_START,29,RIBS
ILST,21.0.2,ACCC_APPS_HD_CANCEL,28,HD
PRLD,6.1.3,ACCC_APPS_HD_CANCEL,12,HD
CHAR,1.1.1,ACCC_APPS_HD_CANCEL,2,HD
PHSP,19.1.2,ACCC_ERROR,19,HD
DRWV,17.0.0,ACCC_APPS_HD_CANCEL,3,HD
PPRO,12.1.2,ACCC_DL_START,669956,HD
LTRM,5.7.1,ACCC_APPS_DL_CANCEL,753,MSI
IDSN,14.1,ACCC_INSTALL_END,27,HD
RFLW,2.0,ACCC_APPS_INSTALL_CANCEL,1,PKG
SPRK,0.6.34,ACCC_APPS_HD_CANCEL,3,HD
FLPR,16.5,ACCC_INSTALL_END,8,HD
GSDK,1.4,ACCC_ERROR,21,MSI
IDSN,9.0,ACCC_APPS_DL_CANCEL,30,RIBS
MUSE,2018.0,ACCC_APPS_HD_CANCEL,3,HD
LTRM,7.0,ACCC_APPS_HD_CANCEL,22,HD
SPRK,8.1.22,ACCC_DL_START,2,HD
AEFT,14.2.2,ACCC_APPS_HD_CANCEL,503,HD
APRO,10.1.1,ACCC_DL_START,3,RIBS
AICY,8.0,ACCC_APPS_DL_CANCEL,3,RIBS
PHSP,20.0,ACCC_ERROR,26632,HD
ESHR,1.0,ACCC_INSTALL_END,113,HD
AME,12.1.1,ACCC_ERROR,26,HD
ACR,10.5,ACCC_APPS_HD_CANCEL,2,HD
DRWV,13.0.0,ACCC_INSTALL_END,79,RIBS
LTRM,7.0.1,ACCC_APPS_HD_CANCEL,12,HD
APRO,15.0,ACCC_INSTALL_END,4,PKG
DRWV,12.0.0,ACCC_APPS_INSTALL_CANCEL,33,RIBS
SPRK,0.6.20,ACCC_ERROR,2,HD
SPRK,0.5.10,ACCC_INSTALL_END,1,HD
SPRK,1.0.12,ACCC_INSTALL_END,17,HD
FLPR,16.1,ACCC_DL_START,10,HD
LTRM,7.3,ACCC_ERROR,11,HD
EDGE,6.0,ACCC_APPS_DL_CANCEL,12,RIBS
PRLD,7.0.1,ACCC_INSTALL_END,9,HD
DRWV,15.0.0,ACCC_INSTALL_END,139,RIBS
PRLD,1.0,ACCC_APPS_DL_CANCEL,127,RIBS
SPRK,10.0.12,ACCC_ERROR,2,HD
ILST,19.1.0,ACCC_APPS_HD_CANCEL,5,HD
LRCC,1.2,ACCC_APPS_HD_CANCEL,14,HD
AEFT,14.0.0,ACCC_DL_START,1,HD
FLPR,16.2,ACCC_DL_START,1,HD
IDSN,13.0.1,ACCC_APPS_HD_CANCEL,96,HD
DRWV,17.0.0,ACCC_INSTALL_END,6,HD
PPRO,12.0.0,ACCC_APPS_HD_CANCEL,88,HD
PHSP,13.0,ACCC_ERROR,234,RIBS
FLPR,13.0,ACCC_INSTALL_END,50,RIBS
PHSP,19.1.1,ACCC_APPS_HD_CANCEL,10,HD
AICY,13.0,ACCC_DL_START,21,HD
SPRK,8.1.22,ACCC_INSTALL_END,3,HD
ILST,19.0,ACCC_APPS_HD_CANCEL,1,HD
ILST,17.0,ACCC_ERROR,50,RIBS
AME,12.0.0,ACCC_ERROR,6,HD
ILST,21.0.0,ACCC_INSTALL_END,126,HD
AME,12.1,ACCC_INSTALL_END,176,HD
ILST,22.0.1,ACCC_ERROR,105,HD
SPRK,7.0.12,ACCC_ERROR,1,HD
ACR,11.0,ACCC_APPS_HD_CANCEL,3,HD
ILST,21.0.0,ACCC_ERROR,7,HD
ILST,17.0,ACCC_APPS_INSTALL_CANCEL,70,RIBS
AICY,13.0,ACCC_APPS_HD_CANCEL,1,HD
EDGE,2.0.1,ACCC_DL_START,4,RIBS
ILST,20.1.0,ACCC_ERROR,88,HD
RUSH,0.1.0,ACCC_DL_START,23,HD
LTRM,7.0,ACCC_INSTALL_END,205,HD
PRLD,7.0.1,ACCC_DL_START,10,HD
MUSE,2015.0.2,ACCC_DL_START,22,RIBS
CHAR,1.1.1,ACCC_ERROR,2,HD
SPRK,4.0.12,ACCC_DL_START,7,HD
TAPI,1.0,ACCC_APPS_INSTALL_CANCEL,36,RIBS
AEFT,14.1.0,ACCC_DL_START,3,HD
SPRK,7.0.12,ACCC_APPS_HD_CANCEL,1,HD
APRO,18.0,ACCC_APPS_INSTALL_CANCEL,349,PKG
LRCC,1.2,ACCC_DL_START,70,HD
DRWV,16.0.0,ACCC_INSTALL_END,571,RIBS
GSDK,1.3,ACCC_APPS_DL_CANCEL,1,MSI
ANMLBETA,1.0.5,ACCC_DL_START,6,HD
AEFT,12.0,ACCC_INSTALL_END,407,RIBS
FLPR,16.0.1,ACCC_INSTALL_END,4,HD
LTRM,7.3,ACCC_APPS_HD_CANCEL,19,HD
CODE,1.0,ACCC_INSTALL_END,21,MSI
PPRO,11.1.1,ACCC_INSTALL_END,1,HD
ILST,19.0,ACCC_APPS_INSTALL_CANCEL,1,RIBS
PHSP,18.0,ACCC_APPS_HD_CANCEL,1103,HD
SPRK,4.0.12,ACCC_APPS_HD_CANCEL,1,HD
MUSE,2017.1.0,ACCC_APPS_HD_CANCEL,8,HD
SPRK,1.0.12,ACCC_APPS_HD_CANCEL,1,HD
ILST,22.0.0,ACCC_APPS_HD_CANCEL,40,HD
AICY,8.0,ACCC_INSTALL_END,52,RIBS
LTRM,5.7.1,ACCC_APPS_DL_CANCEL,62,PKG
IDSN,11.0,ACCC_APPS_DL_CANCEL,104,RIBS
PHSP,18.1,ACCC_APPS_HD_CANCEL,17,HD
IDSN,10.0,ACCC_APPS_INSTALL_CANCEL,11,RIBS
IDSN,12.0.0,ACCC_INSTALL_END,263,HD
ESHR,1.1,ACCC_APPS_HD_CANCEL,5,HD
DRWV,18.2,ACCC_APPS_HD_CANCEL,5466,HD
SPRK,0.6.34,ACCC_DL_START,32,HD
MUSE,7.4,ACCC_DL_START,183,RIBS
APRO,19.0,ACCC_APPS_INSTALL_CANCEL,904,PKG
MUSE,2015.1.2,ACCC_ERROR,1,RIBS
AEFT,15.0.0,ACCC_APPS_HD_CANCEL,34,HD
FLPR,15.0,ACCC_DL_START,107,RIBS
PRLD,7.1,ACCC_ERROR,1,HD
IDSN,14.0,ACCC_ERROR,7173,HD
AME,12.1,ACCC_ERROR,12,HD
GSDK,1.4,ACCC_DL_START,51,PKG
AME,11.0.2,ACCC_INSTALL_END,3,HD
LRCC,1.1,ACCC_ERROR,2,HD
AEFT,15.0.1,ACCC_APPS_HD_CANCEL,29,HD
SPGD,8.0,ACCC_DL_START,20,RIBS
PHSP,19.1.4,ACCC_APPS_HD_CANCEL,72,HD
IDSN,9.0,ACCC_DL_START,394,RIBS
FLPR,16.5.1,ACCC_APPS_HD_CANCEL,174,HD
PRLD,2.0,ACCC_APPS_INSTALL_CANCEL,1,RIBS
PHSP,17.0,ACCC_ERROR,24,HD
AEFT,13.0,ACCC_ERROR,57,RIBS
PPRO,11.1.4,ACCC_DL_START,9342,HD
FLPR,15.0,ACCC_ERROR,2,RIBS
SPRK,0.6.8,ACCC_DL_START,4,HD
AEFT,12.0,ACCC_APPS_INSTALL_CANCEL,33,RIBS
ILST,17.0,ACCC_APPS_DL_CANCEL,104,RIBS
PPRO,9.0,ACCC_DL_START,15,RIBS
APRO,10.1.1,ACCC_INSTALL_END,2,RIBS
CODE,1.0,ACCC_APPS_INSTALL_CANCEL,2,PKG
SPRK,11.0.22,ACCC_DL_START,794,HD
ASCT,1.1.3,ACCC_INSTALL_END,186,MSI
AICY,13.0.1,ACCC_ERROR,2,HD
SPRK,11.0.22,ACCC_APPS_HD_CANCEL,125,HD
ILST,22.0.1,ACCC_APPS_HD_CANCEL,116,HD
SPRK,9.1.12,ACCC_INSTALL_END,21,HD
ILST,19.1.0,ACCC_DL_START,13,HD
AME,12.0.1,ACCC_APPS_HD_CANCEL,14,HD
FLPR,18.0,ACCC_INSTALL_END,77,HD
ILST,16.0,ACCC_APPS_INSTALL_CANCEL,166,RIBS
KBRG,8.0.1,ACCC_APPS_HD_CANCEL,1,HD
FWKS,12.0.0,ACCC_APPS_DL_CANCEL,25,RIBS
LRCC,2.0.1,ACCC_INSTALL_END,69021,HD
AME,11.1.4,ACCC_APPS_HD_CANCEL,1572,HD
LRCC,1.1,ACCC_INSTALL_END,30,HD
FLPR,16.5.1,ACCC_ERROR,60,HD
EDGE,6.0,ACCC_ERROR,39,RIBS
LRCC,1.1,ACCC_APPS_HD_CANCEL,7,HD
ILST,22.0.0,ACCC_INSTALL_END,685,HD
DRWV,16.0.0,ACCC_DL_START,614,RIBS
PPRO,6.0,ACCC_APPS_INSTALL_CANCEL,568,RIBS
IDSN,13.0.1,ACCC_ERROR,63,HD
DRWV,18.1,ACCC_DL_START,184,HD
MUSE,2015.2.1,ACCC_INSTALL_END,42,HD
PPRO,13.0,ACCC_DL_START,639778,HD
PPRO,6.0,ACCC_DL_START,20013,RIBS
SPRK,0.6.18,ACCC_DL_START,1,HD
AICY,9.0,ACCC_APPS_DL_CANCEL,1,RIBS
MUSE,2017.0.2,ACCC_INSTALL_END,1,HD
PRLD,8.0,ACCC_DL_START,67401,HD
PHSP,19.1.4,ACCC_INSTALL_END,689,HD
MUSE,2014.2.1,ACCC_DL_START,1,PKG
LRCC,1.3,ACCC_APPS_HD_CANCEL,18,HD
KEMN,7.0,ACCC_APPS_DL_CANCEL,108,RIBS
FUSE,2017.1,ACCC_APPS_DL_CANCEL,5459,RIBS
FUSE,2015.1,ACCC_INSTALL_END,58,RIBS
LTRM,7.0.1,ACCC_ERROR,5,HD
GSDK,1.4,ACCC_APPS_INSTALL_CANCEL,2,MSI
AEFT,13.5,ACCC_DL_START,1239,RIBS
FLPR,15.1,ACCC_DL_START,143,RIBS
PRLD,6.1.3,ACCC_ERROR,4,HD
AICY,11.0,ACCC_APPS_INSTALL_CANCEL,1,RIBS
PHSP,17.0.1,ACCC_APPS_HD_CANCEL,93,HD
LTRM,7.0,ACCC_DL_START,232,HD
ILST,19.0,ACCC_INSTALL_END,6,HD
IDSN,10.0,ACCC_DL_START,980,RIBS
DRWV,17.5.0,ACCC_APPS_HD_CANCEL,156,HD
SPRK,0.8.22,ACCC_DL_START,7,HD
AEFT,14.2.1,ACCC_ERROR,1,HD
PHSP,15.0,ACCC_APPS_DL_CANCEL,369,RIBS
PHSP,18.1.6,ACCC_DL_START,42099,HD
AME,13.0,ACCC_ERROR,10448,HD
SPRK,8.0.22,ACCC_DL_START,7,HD
PPRO,11.0.2,ACCC_DL_START,2,HD
CHAR,1.1.0,ACCC_ERROR,1,HD
LTRM,7.0,ACCC_ERROR,14,HD
KBRG,8.0.1,ACCC_INSTALL_END,103,HD
CODE,1.0,ACCC_APPS_DL_CANCEL,2,PKG
AME,12.1.1,ACCC_DL_START,570,HD
PHSP,15.0,ACCC_DL_START,3676,RIBS
AME,12.0.1,ACCC_INSTALL_END,271,HD
ILST,21.0.1,ACCC_ERROR,1,HD
AUDT,11.0.2,ACCC_INSTALL_END,99,HD
FLPR,16.0,ACCC_APPS_HD_CANCEL,1,HD
PPRO,12.1.1,ACCC_ERROR,168,HD
AME,12.0.1,ACCC_ERROR,10,HD
FUSE,2015.1,ACCC_DL_START,98,RIBS
SPRK,5.0.12,ACCC_APPS_HD_CANCEL,2,HD
KBRG,8.0,ACCC_DL_START,44,HD
AICY,13.0.1,ACCC_DL_START,101,HD
ANMLBETA,1.0.6,ACCC_DL_START,5581,HD
AICY,14.0,ACCC_DL_START,76770,HD
CHAR,1.5,ACCC_DL_START,57003,HD
LTRM,7.2,ACCC_APPS_HD_CANCEL,14,HD
SPGD,9.0,ACCC_DL_START,653,RIBS
CHAR,2.0,ACCC_INSTALL_END,95259,HD
APRO,18.0,ACCC_ERROR,2446,PKG
AICY,13.1,ACCC_ERROR,702,HD
PRLD,7.0.0,ACCC_DL_START,6,HD
ESHR,1.0,ACCC_DL_START,130,HD
AME,11.1.0,ACCC_DL_START,1,HD
PHSP,16.0,ACCC_APPS_INSTALL_CANCEL,97,RIBS
RFLW,2.0,ACCC_ERROR,2,MSI
SPRK,0.6.20,ACCC_APPS_HD_CANCEL,1,HD
MUSE,7.4,ACCC_APPS_DL_CANCEL,5,RIBS
LRCC,1.4,ACCC_APPS_HD_CANCEL,70,HD
MUSE,2015.0.2,ACCC_INSTALL_END,17,RIBS
ESHR,1.1,ACCC_ERROR,5,HD
ILST,23.0,ACCC_ERROR,11223,HD
LTRM,6.0,ACCC_INSTALL_END,7802,RIBS
PHSP,16.0,ACCC_ERROR,257,RIBS
PHSP,17.0.1,ACCC_INSTALL_END,383,HD
SPRK,0.6.20,ACCC_DL_START,10,HD
ILST,21.0.2,ACCC_ERROR,6,HD
SPRK,4.0.12,ACCC_INSTALL_END,6,HD
APRO,19.0,ACCC_INSTALL_END,144403,PKG
SPRK,9.1.12,ACCC_DL_START,22,HD
LRCC,1.0,ACCC_DL_START,99,HD
SHDW,1.5,ACCC_DL_START,109,PKG
RFLW,1.0,ACCC_INSTALL_END,1,MSI
ILST,16.0,ACCC_ERROR,127,RIBS
IDSN,9.0,ACCC_INSTALL_END,321,RIBS
AME,12.0.0,ACCC_DL_START,360,HD
LTRM,7.3,ACCC_INSTALL_END,177,HD
EDGE,6.0,ACCC_APPS_INSTALL_CANCEL,3,RIBS
ESHR,1.1.1,ACCC_INSTALL_END,55599,HD
AUDT,12.0,ACCC_INSTALL_END,238178,HD
FLPR,18.0,ACCC_ERROR,4,HD
SHDW,1.5,ACCC_APPS_INSTALL_CANCEL,1,MSI
AME,13.0,ACCC_APPS_HD_CANCEL,47646,HD
LTRM,7.3.1,ACCC_ERROR,27,HD
MUSE,2015.1.2,ACCC_INSTALL_END,8,RIBS
IDSN,12.1.0,ACCC_ERROR,210,HD
LRCC,1.5,ACCC_INSTALL_END,331004,HD
IDSN,12.1.0,ACCC_APPS_HD_CANCEL,821,HD
PPRO,12.1.1,ACCC_INSTALL_END,2749,HD
PPRO,7.0,ACCC_INSTALL_END,1446,RIBS
SPGD,9.0,ACCC_ERROR,30,RIBS
ESHR,1.1.1,ACCC_ERROR,888,HD
MUSE,2017.1.0,ACCC_INSTALL_END,107,HD
PHSP,15.0,ACCC_INSTALL_END,2661,RIBS
SPRK,13.0.10,ACCC_APPS_HD_CANCEL,6,HD
SPGD,7.0,ACCC_INSTALL_END,1,RIBS
LRCC,1.5,ACCC_APPS_HD_CANCEL,25917,HD
AICY,13.1,ACCC_INSTALL_END,31497,HD
AEFT,12.0,ACCC_ERROR,23,RIBS
ILST,22.0.1,ACCC_DL_START,2187,HD
IDSN,14.1,ACCC_APPS_HD_CANCEL,2,HD
AEFT,15.0.0,ACCC_INSTALL_END,611,HD
FLPR,18.0.2,ACCC_ERROR,1778,HD
CHAR,1.5,ACCC_ERROR,803,HD
AICY,11.0,ACCC_APPS_DL_CANCEL,6,RIBS
LTRM,7.5,ACCC_ERROR,5285,HD
DRWV,17.5.0,ACCC_INSTALL_END,1852,HD
LTRM,7.2,ACCC_ERROR,5,HD
LRCC,1.0.1,ACCC_ERROR,1,HD
PRLD,7.1,ACCC_INSTALL_END,26,HD
CHAR,1.1.0,ACCC_INSTALL_END,28,HD
KETK,4.0,ACCC_ERROR,42,RIBS
EDGE,6.0,ACCC_DL_START,713,RIBS
DRWV,17.0.1,ACCC_ERROR,5,HD
PHSP,18.1.4,ACCC_DL_START,1,HD
APRO,11.0.0,ACCC_DL_START,140,RIBS
ILST,21.0.0,ACCC_DL_START,148,HD
AME,12.1,ACCC_DL_START,206,HD
MUSE,2018.1.0,ACCC_INSTALL_END,19288,HD
PHSP,14.0,ACCC_INSTALL_END,640,RIBS
AEFT,15.1.2,ACCC_ERROR,10944,HD
KBRG,9.0,ACCC_ERROR,6082,HD
ILST,22.0.1,ACCC_INSTALL_END,2012,HD
LTRM,8.0,ACCC_APPS_HD_CANCEL,5117,HD
SPRK,7.0.12,ACCC_DL_START,8,HD
EDGE,5.0,ACCC_ERROR,2,RIBS
APRO,18.0,ACCC_DL_START,143966,APP
AUDT,11.1,ACCC_ERROR,453,HD
TAPI,1.0,ACCC_INSTALL_END,446,RIBS
PHSP,19.0.1,ACCC_ERROR,12,HD
FLPR,15.1,ACCC_APPS_INSTALL_CANCEL,7,RIBS
AEFT,13.5,ACCC_APPS_INSTALL_CANCEL,20,RIBS
SPRK,3.1.12,ACCC_DL_START,1,HD
ADUMMY,2.0,ACCC_DL_START,1,HD
RUSH,1.0,ACCC_INSTALL_END,149949,HD
PPRO,6.0,ACCC_APPS_DL_CANCEL,2051,RIBS
PHSP,17.0.2,ACCC_DL_START,4335,HD
ILST,21.0.1,ACCC_DL_START,11,HD
AICY,13.0,ACCC_ERROR,1,HD
AEFT,16.0,ACCC_ERROR,6124,HD
FLPR,16.0.1,ACCC_APPS_HD_CANCEL,1,HD
AME,9.0,ACCC_DL_START,4,RIBS
GSDK,1.3,ACCC_DL_START,30,PKG
MUSE,2015.1.1,ACCC_INSTALL_END,3,RIBS
ILST,21.1.0,ACCC_ERROR,476,HD
APRO,11.0.0,ACCC_APPS_INSTALL_CANCEL,5,RIBS
AEFT,14.0.0,ACCC_INSTALL_END,1,HD
APRO,18.0,ACCC_APPS_DL_CANCEL,5213,APP
GSDK,1.4,ACCC_INSTALL_END,170,MSI
FLPR,15.2.1,ACCC_INSTALL_END,238,HD
PHSP,16.0,ACCC_APPS_DL_CANCEL,329,RIBS
PHSP,19.1.1,ACCC_ERROR,6,HD
PHSP,18.1.5,ACCC_DL_START,228,HD
FWKS,12.0.0,ACCC_INSTALL_END,1350,RIBS
AEFT,15.1.1,ACCC_INSTALL_END,1639,HD
AME,13.0,ACCC_INSTALL_END,739909,HD
DRWV,18.0,ACCC_APPS_HD_CANCEL,5,HD
ILST,20.1.0,ACCC_INSTALL_END,2865,HD
SPGD,7.0,ACCC_DL_START,1,RIBS
AICY,14.0,ACCC_INSTALL_END,74765,HD
PHSP,18.0,ACCC_ERROR,177,HD
DRWV,17.5.0,ACCC_ERROR,56,HD
ILST,18.0,ACCC_ERROR,68,RIBS
SPRK,5.0.12,ACCC_DL_START,51,HD
ILST,19.1.0,ACCC_INSTALL_END,9,HD
ILST,19.0.1,ACCC_APPS_HD_CANCEL,1,HD
ASCT,1.1.3,ACCC_APPS_DL_CANCEL,1,PKG
DRWV,19.0,ACCC_INSTALL_END,229626,HD
FLPR,19.0,ACCC_APPS_HD_CANCEL,3256,HD
AEFT,16.0,ACCC_APPS_HD_CANCEL,15398,HD
ESHR,1.0.1,ACCC_ERROR,3,HD
PRLD,2.0,ACCC_ERROR,5,RIBS
KBRG,6.0,ACCC_APPS_INSTALL_CANCEL,3,RIBS
MUSE,2015.1.0,ACCC_DL_START,1,RIBS
IDSN,11.0,ACCC_APPS_INSTALL_CANCEL,27,RIBS
KBRG,9.0,ACCC_APPS_HD_CANCEL,10815,HD
ILST,19.0,ACCC_ERROR,2,RIBS
PRLD,8.0,ACCC_ERROR,674,HD
FLPR,15.2,ACCC_INSTALL_END,153,HD
LRCC,1.0,ACCC_APPS_HD_CANCEL,14,HD
MUSE,7.4,ACCC_APPS_INSTALL_CANCEL,9,RIBS
AICY,9.0,ACCC_ERROR,4,RIBS
DRWV,13.0.0,ACCC_APPS_INSTALL_CANCEL,9,RIBS
SPRK,0.6.20,ACCC_INSTALL_END,7,HD
AME,12.0.0,ACCC_APPS_HD_CANCEL,26,HD
APRO,11.0.0,ACCC_APPS_DL_CANCEL,9,RIBS
AUDT,12.0,ACCC_DL_START,242095,HD
PHSP,17.0.1,ACCC_DL_START,505,HD
AEFT,15.1.2,ACCC_APPS_HD_CANCEL,27935,HD
AUDT,11.0.1,ACCC_INSTALL_END,31,HD
PRLD,7.1,ACCC_DL_START,27,HD
CHAR,1.1.0,ACCC_DL_START,31,HD
KBRG,8.1,ACCC_DL_START,345664,HD
RUSH,1.0,ACCC_ERROR,2536,HD
GSDK,1.3,ACCC_ERROR,4,MSI
KBRG,7.0,ACCC_APPS_HD_CANCEL,651,HD
PRLD,8.0,ACCC_APPS_HD_CANCEL,672,HD
DRWV,13.0.0,ACCC_ERROR,4,RIBS
PRLD,2.0,ACCC_INSTALL_END,23,RIBS
IDSN,9.0,ACCC_ERROR,24,RIBS
AUDT,5.0,ACCC_DL_START,3249,RIBS
IDSN,10.0,ACCC_INSTALL_END,906,RIBS
DRWV,17.0.2,ACCC_DL_START,4,HD
SPRK,0.6.8,ACCC_ERROR,2,HD
AEFT,12.0,ACCC_DL_START,493,RIBS
CODE,1.0,ACCC_DL_START,262,PKG
FLPR,12.0,ACCC_APPS_DL_CANCEL,294,RIBS
MUSE,2017.1.0,ACCC_DL_START,116,HD
MUSE,2018.1.0,ACCC_DL_START,19869,HD
AEFT,15.0.0,ACCC_DL_START,654,HD
AICY,12.0.0,ACCC_ERROR,19,HD
LTRM,6.0,ACCC_ERROR,870,RIBS
APRO,19.0,ACCC_ERROR,6156,PKG
SPGD,6.0,ACCC_DL_START,3,RIBS
AICY,11.0,ACCC_ERROR,27,RIBS
AUDT,12.0,ACCC_ERROR,2074,HD
SPRK,11.0.22,ACCC_INSTALL_END,459,HD
AEFT,15.1.1,ACCC_APPS_HD_CANCEL,139,HD
AUDT,11.0.0,ACCC_INSTALL_END,45,HD
PHSP,17.0.2,ACCC_ERROR,212,HD
PHSP,18.1,ACCC_ERROR,2,HD
AEFT,15.1,ACCC_APPS_HD_CANCEL,32,HD
PHSP,19.1.2,ACCC_DL_START,180,HD
AUDT,10.1.2,ACCC_APPS_HD_CANCEL,45,HD
AUDT,6.0,ACCC_INSTALL_END,305,RIBS
AICY,8.0,ACCC_APPS_INSTALL_CANCEL,1,RIBS
PHSP,20.0,ACCC_INSTALL_END,1734482,HD
SPRK,0.5.22,ACCC_DL_START,506,HD
RUSH,1.0,ACCC_APPS_HD_CANCEL,9679,HD
FLPR,19.0,ACCC_ERROR,1582,HD
FLBR,4.7,ACCC_INSTALL_END,236,RIBS
SPRK,0.6.34,ACCC_ERROR,3,HD
FLPR,12.0,ACCC_ERROR,353,RIBS
FLPR,15.1,ACCC_INSTALL_END,88,RIBS
PHSP,19.0.1,ACCC_APPS_HD_CANCEL,10,HD
LRCC,2.0.1,ACCC_ERROR,1317,HD
FLPR,14.0,ACCC_INSTALL_END,102,RIBS
AUDT,11.1.1,ACCC_ERROR,1693,HD
FLPR,18.0.2,ACCC_DL_START,98957,HD
IDSN,8.0,ACCC_INSTALL_END,1291,RIBS
PHSP,17.0.2,ACCC_INSTALL_END,3784,HD
ILST,21.0.1,ACCC_INSTALL_END,9,HD
LTRM,5.7.1,ACCC_INSTALL_END,8407,MSI
RFLW,2.0,ACCC_INSTALL_END,199,PKG
DRWV,15.0.0,ACCC_DL_START,158,RIBS
LTRM,7.5,ACCC_APPS_HD_CANCEL,19745,HD
DRWV,12.0.0,ACCC_APPS_DL_CANCEL,10,RIBS
ACR,10.5,ACCC_DL_START,5,HD
LTRM,7.4,ACCC_APPS_HD_CANCEL,114,HD
PHSP,20.0,ACCC_DL_START,1829400,HD
PPRO,12.1,ACCC_ERROR,73,HD
GSDK,1.3,ACCC_DL_START,5,MSI
GSDK,1.4,ACCC_APPS_DL_CANCEL,4,MSI
LTRM,7.3.1,ACCC_INSTALL_END,290,HD
ASCT,1.1.3,ACCC_INSTALL_END,91,PKG
SPRK,12.0.12,ACCC_APPS_HD_CANCEL,14306,HD
AEFT,15.1,ACCC_ERROR,37,HD
KBRG,8.1,ACCC_ERROR,7526,HD
IDSN,13.1,ACCC_DL_START,465897,HD
ILST,20.1.0,ACCC_DL_START,3084,HD
APRO,19.0,ACCC_APPS_DL_CANCEL,13082,APP
ILST,22.0.0,ACCC_ERROR,86,HD
GSDK,1.4,ACCC_APPS_DL_CANCEL,3,PKG
FWKS,12.0.0,ACCC_ERROR,53,RIBS
ILST,19.0.1,ACCC_INSTALL_END,3,HD
PHSP,19.1.3,ACCC_DL_START,369,HD
PRLD,7.1.1,ACCC_APPS_HD_CANCEL,911,HD
AICY,12.0.0,ACCC_DL_START,895,HD
PPRO,12.1.2,ACCC_ERROR,15151,HD
LRCC,1.4,ACCC_ERROR,44,HD
PHSP,18.1,ACCC_INSTALL_END,53,HD
MUSE,2017.0.1,ACCC_DL_START,5,HD
AICY,8.0,ACCC_ERROR,8,RIBS
AEFT,14.2.2,ACCC_INSTALL_END,6048,HD
PHSP,19.1.3,ACCC_INSTALL_END,326,HD
PPRO,12.1.2,ACCC_APPS_HD_CANCEL,43441,HD
CHAR,2.0,ACCC_ERROR,920,HD
ILST,19.2.1,ACCC_ERROR,49,HD
SPRK,0.6.16,ACCC_INSTALL_END,1,HD
PHSP,19.1.6,ACCC_INSTALL_END,1607800,HD
LRCC,2.0,ACCC_DL_START,64050,HD
SPRK,13.0.10,ACCC_ERROR,3,HD
IDSN,13.1,ACCC_INSTALL_END,449886,HD
AUDT,5.0,ACCC_INSTALL_END,2836,RIBS
FLPR,15.2.1,ACCC_ERROR,22,HD
LTRM,5.7.1,ACCC_DL_START,248,PKG
ESHR,1.0.1,ACCC_INSTALL_END,195,HD
SPRK,13.0.10,ACCC_DL_START,22,HD
SPGD,9.0,ACCC_INSTALL_END,612,RIBS
SPRK,10.0.12,ACCC_INSTALL_END,16,HD
AICY,13.0,ACCC_INSTALL_END,18,HD
SPRK,0.5.22,ACCC_APPS_HD_CANCEL,40,HD
FLPR,15.1,ACCC_APPS_DL_CANCEL,35,RIBS
AME,11.1.0,ACCC_INSTALL_END,1,HD
AEFT,14.2.1,ACCC_DL_START,1,HD
ILST,19.0.1,ACCC_DL_START,3,HD
PHSP,19.1.1,ACCC_INSTALL_END,113,HD
PHSP,13.0,ACCC_APPS_DL_CANCEL,256,RIBS
AME,12.1.1,ACCC_INSTALL_END,495,HD
PHSP,19.0,ACCC_DL_START,1777,HD
ILST,18.0,ACCC_APPS_DL_CANCEL,111,RIBS
DRWV,19.0,ACCC_ERROR,1942,HD
PHSP,18.0.1,ACCC_DL_START,3694,HD
PHSP,18.1.6,ACCC_APPS_HD_CANCEL,4426,HD
LRCC,1.3,ACCC_ERROR,14,HD
FLPR,18.0.1,ACCC_ERROR,4,HD
SPRK,9.0.12,ACCC_ERROR,1,HD
PHSP,19.1,ACCC_INSTALL_END,181,HD
AICY,14.1,ACCC_DL_START,9,HD
FLPR,16.5.1,ACCC_INSTALL_END,1600,HD
AUDT,5.0,ACCC_APPS_INSTALL_CANCEL,83,RIBS
MUSE,2014.2.1,ACCC_DL_START,1,MSI
ANMLBETA,1.0.6,ACCC_APPS_HD_CANCEL,854,HD
AEFT,11.0,ACCC_INSTALL_END,972,RIBS
FLPR,16.5,ACCC_ERROR,1,HD
DRWV,12.0.0,ACCC_DL_START,446,RIBS
AEFT,15.0.1,ACCC_INSTALL_END,550,HD
AICY,11.0,ACCC_INSTALL_END,321,RIBS
PPRO,9.0,ACCC_ERROR,15,RIBS
SPGD,8.0,ACCC_APPS_DL_CANCEL,2,RIBS
LRCC,1.3,ACCC_DL_START,130,HD
AUDT,6.0,ACCC_APPS_DL_CANCEL,16,RIBS
PHSP,19.0.1,ACCC_INSTALL_END,163,HD
AEFT,11.0,ACCC_APPS_INSTALL_CANCEL,101,RIBS
PHSP,17.0,ACCC_DL_START,966,HD
SPRK,0.5.22,ACCC_INSTALL_END,469,HD
APRO,17.0,ACCC_DL_START,116,PKG
FUSE,2015.1,ACCC_ERROR,11,RIBS
PHSP,17.0,ACCC_APPS_HD_CANCEL,150,HD
IDSN,12.0.0,ACCC_DL_START,293,HD
AICY,12.0.0,ACCC_INSTALL_END,791,HD
AUDT,11.1,ACCC_INSTALL_END,58162,HD
ESHR,1.0,ACCC_ERROR,3,HD
SHDW,1.5,ACCC_ERROR,6,MSI
LRCC,1.3,ACCC_INSTALL_END,108,HD
PHSP,19.0,ACCC_APPS_HD_CANCEL,137,HD
FLPR,15.2,ACCC_ERROR,8,HD
LTRM,7.4,ACCC_ERROR,66,HD
SPRK,0.6.34,ACCC_INSTALL_END,29,HD
SHDW,1.5,ACCC_DL_START,222,MSI
IDSN,13.0,ACCC_DL_START,699,HD
AEFT,13.0,ACCC_APPS_DL_CANCEL,40,RIBS
PHSP,19.1.6,ACCC_DL_START,1712189,HD
EDGE,5.0,ACCC_INSTALL_END,31,RIBS
EDGE,1.5,ACCC_INSTALL_END,7,RIBS
IDSN,11.0,ACCC_DL_START,3145,RIBS
PPRO,13.0,ACCC_ERROR,8275,HD
AEFT,11.0,ACCC_ERROR,49,RIBS
PPRO,7.0,ACCC_DL_START,1905,RIBS
PHSP,18.1.1,ACCC_DL_START,98,HD
PPRO,12.0.0,ACCC_ERROR,46,HD
ESHR,1.0,ACCC_APPS_HD_CANCEL,10,HD
SPRK,0.5.6,ACCC_DL_START,1,HD
LRCC,1.4,ACCC_INSTALL_END,474,HD
ILST,23.0,ACCC_INSTALL_END,1065562,HD
FLPR,12.0,ACCC_INSTALL_END,1736,RIBS
PPRO,12.0.1,ACCC_DL_START,1056,HD
FLPR,18.0.2,ACCC_INSTALL_END,91731,HD
TAPI,1.0,ACCC_DL_START,490,RIBS
AICY,9.0,ACCC_DL_START,23,RIBS
AICY,10.0,ACCC_DL_START,114,RIBS
ILST,20.0.0,ACCC_APPS_HD_CANCEL,252,HD
SPGD,9.0,ACCC_APPS_DL_CANCEL,11,RIBS
FLPR,16.5,ACCC_DL_START,10,HD
IDSN,14.0,ACCC_DL_START,722272,HD
FLPR,15.0,ACCC_APPS_DL_CANCEL,12,RIBS
AUDT,11.0.1,ACCC_APPS_HD_CANCEL,2,HD
PHSP,18.1,ACCC_DL_START,74,HD
FLPR,12.0,ACCC_DL_START,2613,RIBS
KBRG,9.0,ACCC_DL_START,614748,HD
ESHR,1.0.1,ACCC_DL_START,215,HD
AEFT,15.1.2,ACCC_DL_START,444831,HD
LTRM,5.7.1,ACCC_INSTALL_END,178,PKG
PPRO,12.1.1,ACCC_DL_START,3106,HD
AME,12.0.1,ACCC_DL_START,291,HD
KBRG,6.3,ACCC_DL_START,17,HD
MUSE,2014.2.1,ACCC_INSTALL_END,1,MSI
APRO,18.0,ACCC_APPS_DL_CANCEL,1331,PKG
KETK,4.0,ACCC_DL_START,2137,RIBS
LTRM,7.3.1,ACCC_APPS_HD_CANCEL,33,HD
PPRO,12.0.0,ACCC_DL_START,1215,HD
FLPR,18.0.1,ACCC_INSTALL_END,164,HD
PPRO,11.1.4,ACCC_INSTALL_END,8545,HD
PPRO,12.0.1,ACCC_INSTALL_END,972,HD
ILST,19.2.1,ACCC_DL_START,1496,HD
LRCC,2.0.1,ACCC_DL_START,75036,HD
PHSP,18.0.1,ACCC_APPS_HD_CANCEL,436,HD
PRLD,7.0.1,ACCC_ERROR,1,HD
IDSN,12.1.0,ACCC_INSTALL_END,12672,HD
PPRO,6.0,ACCC_ERROR,1866,RIBS
AICY,10.0,ACCC_APPS_INSTALL_CANCEL,2,RIBS
PHSP,16.0,ACCC_DL_START,3028,RIBS
APRO,11.0.0,ACCC_INSTALL_END,89,RIBS
FLPR,15.2.1,ACCC_DL_START,289,HD
KEMN,7.0,ACCC_INSTALL_END,2141,RIBS
ANMLBETA,1.0.5,ACCC_INSTALL_END,6,HD
MUSE,2017.0.2,ACCC_DL_START,1,HD
AUDT,12.0,ACCC_APPS_HD_CANCEL,2981,HD
SPRK,12.0.12,ACCC_ERROR,4660,HD
AEFT,11.0,ACCC_DL_START,1135,RIBS
PHSP,18.0.1,ACCC_INSTALL_END,2965,HD
AEFT,13.0,ACCC_INSTALL_END,882,RIBS
PRLD,1.0,ACCC_INSTALL_END,454,RIBS
ILST,19.2.1,ACCC_APPS_HD_CANCEL,181,HD
ILST,19.1.1,ACCC_APPS_HD_CANCEL,4,HD
AEFT,16.0,ACCC_INSTALL_END,439411,HD
ASCT,1.1.3,ACCC_APPS_DL_CANCEL,2,MSI
APRO,19.0,ACCC_DL_START,150993,PKG
ILST,17.0,ACCC_DL_START,800,RIBS
LRCC,2.0,ACCC_ERROR,533,HD
AICY,11.0,ACCC_DL_START,341,RIBS
AUDT,10.1.2,ACCC_DL_START,1203,HD
DRWV,15.0.0,ACCC_ERROR,11,RIBS
PHSP,18.0,ACCC_INSTALL_END,3213,HD
AEFT,13.5,ACCC_INSTALL_END,1086,RIBS
AICY,13.1,ACCC_DL_START,33586,HD
ILST,22.0.0,ACCC_DL_START,781,HD
IDSN,8.0,ACCC_ERROR,75,RIBS
APRO,19.0,ACCC_APPS_INSTALL_CANCEL,11802,APP
FLPR,16.1,ACCC_INSTALL_END,8,HD
SPRK,0.5.6,ACCC_INSTALL_END,1,HD
ESHR,2.0,ACCC_ERROR,296,HD
LRCC,2.0.1,ACCC_APPS_HD_CANCEL,5352,HD
AME,11.1.4,ACCC_INSTALL_END,12340,HD
AEFT,15.0.1,ACCC_DL_START,578,HD
MUSE,2015.2.1,ACCC_DL_START,51,HD
IDSN,14.0,ACCC_INSTALL_END,703928,HD
FLPR,13.0,ACCC_APPS_INSTALL_CANCEL,1,RIBS
PPRO,6.0,ACCC_INSTALL_END,16256,RIBS
APRO,19.0,ACCC_ERROR,25417,APP
AME,13.0,ACCC_DL_START,798324,HD
PHSP,15.0,ACCC_ERROR,400,RIBS
GSDK,1.3,ACCC_INSTALL_END,24,PKG
APRO,18.0,ACCC_ERROR,7545,APP
LTRM,7.4,ACCC_INSTALL_END,1391,HD
ILST,19.2.1,ACCC_INSTALL_END,1271,HD
SPRK,0.6.16,ACCC_DL_START,1,HD
CHAR,2.0,ACCC_APPS_HD_CANCEL,1448,HD
FWKS,12.0.0,ACCC_DL_START,1468,RIBS
ILST,22.1,ACCC_APPS_HD_CANCEL,33649,HD
ILST,21.0.2,ACCC_INSTALL_END,233,HD
DRWV,18.2,ACCC_DL_START,141942,HD
AME,12.1.2,ACCC_INSTALL_END,685037,HD
PRLD,8.0,ACCC_INSTALL_END,65947,HD
PPRO,12.0.0,ACCC_INSTALL_END,1103,HD
AME,12.1.1,ACCC_APPS_HD_CANCEL,47,HD
PPRO,12.1,ACCC_DL_START,1115,HD
AUDT,5.0,ACCC_ERROR,275,RIBS
FUSE,2015.1,ACCC_APPS_DL_CANCEL,27,RIBS
ILST,19.1.1,ACCC_INSTALL_END,10,HD
SPRK,0.6.14,ACCC_APPS_HD_CANCEL,2,HD
SPRK,12.0.12,ACCC_DL_START,346315,HD
IDSN,11.0,ACCC_INSTALL_END,2964,RIBS
LTRM,7.1,ACCC_INSTALL_END,124,HD
SPRK,5.0.12,ACCC_ERROR,2,HD
KBRG,9.0,ACCC_INSTALL_END,593708,HD
AEFT,15.1.2,ACCC_INSTALL_END,416971,HD
PHSP,19.1.6,ACCC_APPS_HD_CANCEL,107161,HD
PPRO,8.0,ACCC_DL_START,5,RIBS
DRWV,19.0,ACCC_DL_START,235472,HD
FUSE,2017.1,ACCC_ERROR,4520,RIBS
PPRO,13.0,ACCC_INSTALL_END,610427,HD
DRWV,16.0.0,ACCC_ERROR,33,RIBS
SPRK,0.6.18,ACCC_INSTALL_END,1,HD
IDSN,13.0,ACCC_INSTALL_END,643,HD
SPRK,0.5.0,ACCC_INSTALL_END,10,HD
LRCC,1.0.1,ACCC_APPS_HD_CANCEL,4,HD
SPRK,3.1.12,ACCC_INSTALL_END,1,HD
AICY,14.1,ACCC_INSTALL_END,9,HD
LTRM,6.0,ACCC_APPS_DL_CANCEL,684,RIBS
APRO,19.0,ACCC_APPS_DL_CANCEL,3540,PKG
APRO,17.0,ACCC_INSTALL_END,3,APP
IDSN,13.1,ACCC_ERROR,5878,HD
ANMLBETA,1.0.6,ACCC_INSTALL_END,4719,HD
MUSE,2015.2.1,ACCC_ERROR,2,HD
AUDT,11.1,ACCC_APPS_HD_CANCEL,1044,HD
KEMN,7.0,ACCC_ERROR,253,RIBS
PPRO,12.1,ACCC_INSTALL_END,986,HD
KBRG,6.0,ACCC_DL_START,337,RIBS
ILST,17.0,ACCC_INSTALL_END,541,RIBS
RUSH,0.1.0,ACCC_APPS_HD_CANCEL,3,HD
ASCT,1.1.3,ACCC_DL_START,95,PKG
LTRM,7.3.1,ACCC_DL_START,344,HD
SPRK,5.0.12,ACCC_INSTALL_END,48,HD
DRWV,18.2,ACCC_INSTALL_END,135386,HD
AUDT,11.1.1,ACCC_DL_START,128899,HD
LTRM,5.7.1,ACCC_ERROR,17,PKG
ILST,19.0,ACCC_DL_START,8,HD
EDGE,4.0.1,ACCC_DL_START,10,RIBS
SPRK,13.0.12,ACCC_APPS_HD_CANCEL,6013,HD
PHSP,19.1.5,ACCC_APPS_HD_CANCEL,320,HD
AEFT,13.0,ACCC_DL_START,957,RIBS
PRLD,7.1.1,ACCC_INSTALL_END,27552,HD
MUSE,2018.0,ACCC_INSTALL_END,70,HD
FUSE,2017.1,ACCC_DL_START,58863,RIBS
PHSP,19.0,ACCC_ERROR,81,HD
PRLD,1.0,ACCC_DL_START,867,RIBS
IDSN,14.1,ACCC_DL_START,29,HD
LTRM,8.0,ACCC_INSTALL_END,87149,HD
AUDT,6.0,ACCC_DL_START,372,RIBS
ILST,22.1,ACCC_ERROR,12553,HD
LTRM,7.3,ACCC_DL_START,209,HD
DRWV,18.0,ACCC_ERROR,9,HD
MUSE,2015.1.1,ACCC_DL_START,3,RIBS
LRCC,1.5,ACCC_ERROR,4385,HD
SPRK,6.0.12,ACCC_ERROR,1,HD
ILST,18.0,ACCC_INSTALL_END,1046,RIBS
MUSE,2014.3.2,ACCC_ERROR,1,RIBS
PPRO,11.0.2,ACCC_INSTALL_END,2,HD
PRLD,7.0.0,ACCC_ERROR,1,HD
GSDK,1.2,ACCC_DL_START,2,MSI
PPRO,7.0,ACCC_APPS_INSTALL_CANCEL,207,RIBS
KBRG,8.0.1,ACCC_ERROR,4,HD
PHSP,18.1.5,ACCC_APPS_HD_CANCEL,15,HD
MUSE,2014.2.1,ACCC_ERROR,1,PKG
DRWV,15.0.0,ACCC_APPS_INSTALL_CANCEL,3,RIBS
FLPR,16.1,ACCC_APPS_HD_CANCEL,2,HD
PHSP,18.1.4,ACCC_INSTALL_END,1,HD
FLPR,16.0,ACCC_INSTALL_END,3,HD
LRCC,1.2,ACCC_ERROR,3,HD
AUDT,10.1.2,ACCC_INSTALL_END,1147,HD
FLPR,18.0,ACCC_APPS_HD_CANCEL,12,HD
RFLW,2.0,ACCC_ERROR,3,PKG
DRWV,17.0.0,ACCC_DL_START,9,HD
FLPR,18.0.1,ACCC_DL_START,190,HD
SPRK,9.0.12,ACCC_DL_START,1,HD
ILST,21.0.0,ACCC_APPS_HD_CANCEL,25,HD
MUSE,2015.0.2,ACCC_APPS_DL_CANCEL,2,RIBS
PHSP,19.1.3,ACCC_ERROR,17,HD
FLPR,14.0,ACCC_APPS_INSTALL_CANCEL,2,RIBS
PHSP,19.1,ACCC_ERROR,11,HD
IDSN,10.0,ACCC_APPS_DL_CANCEL,45,RIBS
DRWV,17.1.0,ACCC_DL_START,2,HD
LTRM,8.0,ACCC_ERROR,1741,HD
SPRK,1.0.12,ACCC_DL_START,17,HD
PPRO,7.0,ACCC_APPS_DL_CANCEL,189,RIBS
APRO,18.0,ACCC_DL_START,65360,PKG
IDSN,10.0,ACCC_ERROR,32,RIBS
AME,11.1.2,ACCC_DL_START,1,HD
LTRM,5.7.1,ACCC_ERROR,1224,MSI
AEFT,15.1.1,ACCC_DL_START,1850,HD
APRO,15.0,ACCC_DL_START,4,PKG
MUSE,2014.3.1,ACCC_APPS_DL_CANCEL,1,RIBS
AME,12.1.2,ACCC_APPS_HD_CANCEL,104459,HD
AEFT,14.1.0,ACCC_INSTALL_END,3,HD
LTRM,6.0,ACCC_APPS_INSTALL_CANCEL,165,RIBS
AEFT,12.0,ACCC_APPS_DL_CANCEL,44,RIBS
CHAR,1.5,ACCC_INSTALL_END,54403,HD
KBRG,6.3.1,ACCC_DL_START,1656,HD
LTRM,7.1,ACCC_ERROR,5,HD
ILST,16.0,ACCC_DL_START,2143,RIBS
ACR,11.0,ACCC_DL_START,10,HD
SPRK,0.6.14,ACCC_DL_START,7,HD
MUSE,2017.0.4,ACCC_DL_START,2,HD
MUSE,2015.1.2,ACCC_DL_START,11,RIBS
KBRG,6.3.1,ACCC_APPS_HD_CANCEL,139,HD
AEFT,11.0,ACCC_APPS_DL_CANCEL,75,RIBS
GSDK,1.3,ACCC_APPS_INSTALL_CANCEL,2,PKG
MUSE,2017.1.0,ACCC_ERROR,2,HD
MUSE,7.4,ACCC_ERROR,171,RIBS
LTRM,7.1,ACCC_DL_START,136,HD
AUDT,6.0,ACCC_APPS_INSTALL_CANCEL,22,RIBS
PPRO,12.0.1,ACCC_ERROR,45,HD
PHSP,19.0.1,ACCC_DL_START,179,HD
DRWV,17.1.0,ACCC_INSTALL_END,2,HD
PHSP,18.1.5,ACCC_INSTALL_END,194,HD
DRWV,16.0.0,ACCC_APPS_DL_CANCEL,24,RIBS
AUDT,6.0,ACCC_ERROR,26,RIBS
AICY,8.0,ACCC_DL_START,60,RIBS
ASCT,1.1.3,ACCC_ERROR,4,PKG
KBRG,7.0,ACCC_DL_START,7634,HD
SPRK,13.0.12,ACCC_DL_START,217076,HD
PHSP,19.1.5,ACCC_DL_START,3442,HD
PHSP,17.0.2,ACCC_APPS_HD_CANCEL,414,HD
ILST,21.0.1,ACCC_APPS_HD_CANCEL,1,HD
APRO,10.1.1,ACCC_APPS_INSTALL_CANCEL,1,RIBS
LTRM,7.4,ACCC_DL_START,1557,HD
AUDT,11.0.0,ACCC_ERROR,3,HD
ESHR,2.0,ACCC_INSTALL_END,19545,HD
ILST,19.0,ACCC_ERROR,1,HD
FUSE,2017.1,ACCC_INSTALL_END,48445,RIBS
IDSN,13.1,ACCC_APPS_HD_CANCEL,17360,HD
RUSH,0.1.0,ACCC_INSTALL_END,20,HD
IDSN,11.0,ACCC_ERROR,197,RIBS
FLPR,14.0,ACCC_DL_START,124,RIBS
PHSP,19.1.4,ACCC_DL_START,862,HD
SPRK,13.0.12,ACCC_INSTALL_END,209974,HD
KBRG,6.3.1,ACCC_ERROR,91,HD
TAPI,1.0,ACCC_ERROR,11,RIBS
DRWV,18.1,ACCC_INSTALL_END,159,HD
FLPR,13.0,ACCC_DL_START,59,RIBS
EDGE,6.0,ACCC_INSTALL_END,678,RIBS
AICY,10.0,ACCC_ERROR,7,RIBS
PHSP,19.0,ACCC_INSTALL_END,1475,HD
PHSP,18.1.5,ACCC_ERROR,21,HD
LRCC,2.0,ACCC_APPS_HD_CANCEL,4256,HD
AME,12.0.0,ACCC_INSTALL_END,331,HD
SHDW,1.5,ACCC_INSTALL_END,218,MSI
ESHR,2.0,ACCC_APPS_HD_CANCEL,813,HD
KBRG,6.0,ACCC_APPS_DL_CANCEL,13,RIBS
APRO,18.0,ACCC_INSTALL_END,130773,APP
AEFT,14.2.2,ACCC_DL_START,6630,HD
KETK,4.0,ACCC_APPS_INSTALL_CANCEL,51,RIBS
KBRG,6.0,ACCC_INSTALL_END,313,RIBS
AEFT,15.1.1,ACCC_ERROR,88,HD
APRO,15.0,ACCC_ERROR,1,PKG
PHSP,19.1.6,ACCC_ERROR,37988,HD
AUDT,11.0.2,ACCC_DL_START,104,HD
LRCC,1.1,ACCC_DL_START,40,HD
DRWV,17.0.1,ACCC_APPS_HD_CANCEL,16,HD
MUSE,2018.0,ACCC_DL_START,77,HD
PRLD,7.0.0,ACCC_INSTALL_END,4,HD
KBRG,8.1,ACCC_APPS_HD_CANCEL,18708,HD
DRWV,12.0.0,ACCC_ERROR,18,RIBS
ILST,19.1.1,ACCC_DL_START,14,HD
DRWV,17.0.1,ACCC_INSTALL_END,98,HD
DRWV,12.0.0,ACCC_INSTALL_END,413,RIBS
ILST,20.0.0,ACCC_DL_START,778,HD
APRO,17.0,ACCC_DL_START,3,APP
LTRM,5.7.1,ACCC_APPS_INSTALL_CANCEL,232,MSI
SPRK,0.6.32,ACCC_APPS_HD_CANCEL,1,HD
AICY,9.0,ACCC_INSTALL_END,19,RIBS
LTRM,5.7.1,ACCC_APPS_INSTALL_CANCEL,5,PKG
MUSE,2014.3.2,ACCC_INSTALL_END,3,RIBS
ESHR,1.0.1,ACCC_APPS_HD_CANCEL,6,HD
APRO,18.0,ACCC_INSTALL_END,62568,PKG
DRWV,18.1,ACCC_ERROR,16,HD
DRWV,13.0.0,ACCC_DL_START,100,RIBS
SPRK,0.5.22,ACCC_ERROR,3,HD
FLPR,18.0,ACCC_DL_START,95,HD
ILST,22.1,ACCC_INSTALL_END,839129,HD
MUSE,2014.3.1,ACCC_DL_START,1,RIBS
PPRO,12.1.2,ACCC_INSTALL_END,633172,HD
IDSN,8.0,ACCC_APPS_INSTALL_CANCEL,116,RIBS
ESHR,1.1.1,ACCC_APPS_HD_CANCEL,2959,HD
EDGE,4.0.1,ACCC_INSTALL_END,10,RIBS
FLPR,12.0,ACCC_APPS_INSTALL_CANCEL,183,RIBS
AME,12.1,ACCC_APPS_HD_CANCEL,10,HD
APRO,19.0,ACCC_DL_START,357723,APP
LTRM,6.0,ACCC_DL_START,9376,RIBS
APRO,11.0.0,ACCC_ERROR,40,RIBS
AICY,13.0.1,ACCC_APPS_HD_CANCEL,8,HD
LRCC,1.5,ACCC_DL_START,356533,HD
SPRK,6.0.12,ACCC_DL_START,1,HD
AICY,10.0,ACCC_INSTALL_END,109,RIBS
ILST,21.1.0,ACCC_DL_START,24253,HD
AUDT,11.1.1,ACCC_APPS_HD_CANCEL,4131,HD
APRO,17.0,ACCC_ERROR,2,PKG
AICY,13.1,ACCC_APPS_HD_CANCEL,1252,HD
DRWV,18.0,ACCC_INSTALL_END,80,HD
FLPR,19.0,ACCC_DL_START,153425,HD
SPRK,0.5.10,ACCC_DL_START,1,HD
KBRG,7.0,ACCC_ERROR,191,HD
FLPR,15.2,ACCC_APPS_HD_CANCEL,28,HD
ILST,19.2.0,ACCC_DL_START,13,HD
FLPR,14.0,ACCC_ERROR,11,RIBS
PHSP,18.0,ACCC_DL_START,4410,HD
DRWV,17.5.0,ACCC_DL_START,2058,HD
FLPR,15.0,ACCC_APPS_INSTALL_CANCEL,4,RIBS
PHSP,20.0,ACCC_APPS_HD_CANCEL,80673,HD
LTRM,7.0.1,ACCC_INSTALL_END,105,HD
SPRK,10.0.12,ACCC_DL_START,15,HD
AEFT,14.2.2,ACCC_ERROR,157,HD
FLBR,4.7,ACCC_APPS_DL_CANCEL,10,RIBS
ILST,19.0,ACCC_DL_START,29,RIBS
PHSP,18.0.1,ACCC_ERROR,430,HD
AEFT,13.5,ACCC_APPS_DL_CANCEL,89,RIBS
DRWV,17.0.1,ACCC_DL_START,120,HD
PHSP,19.1.1,ACCC_DL_START,131,HD
EDGE,1.5,ACCC_APPS_DL_CANCEL,1,RIBS
PPRO,13.0,ACCC_APPS_HD_CANCEL,26411,HD
ESHR,1.1,ACCC_INSTALL_END,63,HD
IDSN,12.0.0,ACCC_ERROR,9,HD
MUSE,2018.1.0,ACCC_APPS_HD_CANCEL,506,HD
AME,11.1.4,ACCC_ERROR,216,HD
APRO,19.0,ACCC_INSTALL_END,319464,APP
GSDK,1.4,ACCC_INSTALL_END,46,PKG
AEFT,15.0.1,ACCC_ERROR,16,HD
DRWV,18.2,ACCC_ERROR,2269,HD
PHSP,14.0,ACCC_ERROR,91,RIBS
LRCC,1.2,ACCC_INSTALL_END,51,HD
ADUMMY,2.0,ACCC_APPS_HD_CANCEL,1,HD
AME,12.1.2,ACCC_DL_START,806711,HD
ILST,21.1.0,ACCC_INSTALL_END,22614,HD
ACR,10.5,ACCC_INSTALL_END,3,HD
SPRK,13.0.12,ACCC_ERROR,1935,HD
PRLD,7.1.1,ACCC_ERROR,625,HD
PHSP,19.1.5,ACCC_ERROR,249,HD
LTRM,5.7.1,ACCC_DL_START,10425,MSI
MUSE,2015.2.1,ACCC_APPS_HD_CANCEL,4,HD
IDSN,13.0.1,ACCC_INSTALL_END,1897,HD
MUSE,2018.1.0,ACCC_ERROR,191,HD
AUDT,11.1,ACCC_DL_START,59116,HD
ESHR,2.0,ACCC_DL_START,20755,HD
PHSP,19.1.5,ACCC_INSTALL_END,2875,HD
PRLD,1.0,ACCC_ERROR,108,RIBS
LRCC,2.0,ACCC_INSTALL_END,59548,HD
MUSE,2015.0.2,ACCC_ERROR,6,RIBS
AME,12.1.2,ACCC_ERROR,16896,HD
ILST,20.0.0,ACCC_INSTALL_END,495,HD
KBRG,7.0,ACCC_INSTALL_END,6651,HD
MUSE,2017.0.4,ACCC_INSTALL_END,2,HD
PRLD,7.1.1,ACCC_DL_START,29136,HD
IDSN,8.0,ACCC_DL_START,1488,RIBS
MUSE,2017.0.1,ACCC_INSTALL_END,4,HD
ILST,22.1,ACCC_DL_START,863078,HD
RFLW,2.0,ACCC_DL_START,201,PKG
DRWV,18.0,ACCC_DL_START,94,HD
LTRM,7.0.1,ACCC_DL_START,120,HD
KEMN,7.0,ACCC_APPS_INSTALL_CANCEL,38,RIBS
SPGD,6.0,ACCC_INSTALL_END,3,RIBS
ILST,21.1.0,ACCC_APPS_HD_CANCEL,1717,HD
KETK,4.0,ACCC_INSTALL_END,2014,RIBS
PHSP,18.1.1,ACCC_APPS_HD_CANCEL,22,HD
ILST,23.0,ACCC_APPS_HD_CANCEL,25623,HD
AICY,14.0,ACCC_ERROR,775,HD
SPGD,8.0,ACCC_INSTALL_END,18,RIBS
PHSP,19.1,ACCC_DL_START,204,HD
SPRK,0.6.14,ACCC_ERROR,3,HD
AUDT,11.0.2,ACCC_ERROR,7,HD
PRLD,6.1.3,ACCC_DL_START,238,HD
CHAR,1.1.1,ACCC_DL_START,57,HD
AEFT,16.0,ACCC_DL_START,466218,HD
PHSP,18.1.6,ACCC_INSTALL_END,36735,HD
PPRO,11.1.4,ACCC_ERROR,200,HD
PHSP,14.0,ACCC_APPS_INSTALL_CANCEL,23,RIBS
APRO,18.0,ACCC_APPS_INSTALL_CANCEL,3482,APP
KETK,4.0,ACCC_APPS_DL_CANCEL,39,RIBS
EDGE,2.0.1,ACCC_INSTALL_END,4,RIBS
IDSN,13.0,ACCC_ERROR,31,HD
LTRM,7.5,ACCC_DL_START,354531,HD
PPRO,12.1.1,ACCC_APPS_HD_CANCEL,265,HD
LTRM,7.2,ACCC_DL_START,198,HD
LRCC,1.0.1,ACCC_DL_START,25,HD
CHAR,1.5,ACCC_APPS_HD_CANCEL,1963,HD
FLPR,13.0,ACCC_APPS_DL_CANCEL,5,RIBS
AEFT,15.0.0,ACCC_ERROR,27,HD
SPRK,0.8.22,ACCC_INSTALL_END,7,HD
AUDT,5.0,ACCC_APPS_DL_CANCEL,146,RIBS
ACR,11.0,ACCC_INSTALL_END,6,HD
PHSP,18.1.6,ACCC_ERROR,1584,HD
RUSH,1.0,ACCC_DL_START,162609,HD
PHSP,16.0,ACCC_INSTALL_END,2278,RIBS
PHSP,13.0,ACCC_INSTALL_END,2285,RIBS
FLPR,19.0,ACCC_INSTALL_END,145972,HD
IDSN,14.0,ACCC_APPS_HD_CANCEL,16167,HD
AEFT,13.0,ACCC_APPS_INSTALL_CANCEL,19,RIBS
SHDW,1.5,ACCC_ERROR,5,PKG
SPRK,9.1.12,ACCC_ERROR,1,HD
PHSP,17.0,ACCC_INSTALL_END,727,HD
ILST,18.0,ACCC_APPS_INSTALL_CANCEL,8,RIBS
ESHR,1.1,ACCC_DL_START,76,HD
FLPR,18.0.2,ACCC_APPS_HD_CANCEL,5273,HD
PHSP,17.0.1,ACCC_ERROR,26,HD
FUSE,2017.1,ACCC_APPS_INSTALL_CANCEL,284,RIBS
FLBR,4.7,ACCC_ERROR,21,RIBS
ILST,23.0,ACCC_DL_START,1090865,HD
MUSE,2018.0,ACCC_ERROR,4,HD
FLPR,15.1,ACCC_ERROR,15,RIBS
LTRM,7.5,ACCC_INSTALL_END,336613,HD
LTRM,7.2,ACCC_INSTALL_END,182,HD
LRCC,1.0.1,ACCC_INSTALL_END,20,HD
FLPR,16.5.1,ACCC_DL_START,1939,HD
SPRK,0.6.8,ACCC_INSTALL_END,2,HD
CHAR,1.1.1,ACCC_INSTALL_END,53,HD
MUSE,2015.0.2,ACCC_APPS_INSTALL_CANCEL,1,RIBS
KBRG,6.3,ACCC_APPS_HD_CANCEL,2,HD
PRLD,6.1.3,ACCC_INSTALL_END,219,HD
FLPR,18.0.1,ACCC_APPS_HD_CANCEL,25,HD
CODE,1.0,ACCC_ERROR,263,PKG
FLPR,14.0,ACCC_APPS_DL_CANCEL,15,RIBS
AUDT,11.0.1,ACCC_DL_START,33,HD
PPRO,11.1.4,ACCC_APPS_HD_CANCEL,787,HD
SPRK,11.0.22,ACCC_ERROR,432,HD
FLBR,4.7,ACCC_APPS_INSTALL_CANCEL,20,RIBS
FWKS,12.0.0,ACCC_APPS_INSTALL_CANCEL,85,RIBS
ANMLBETA,1.0.6,ACCC_ERROR,69,HD
MUSE,2015.2.0,ACCC_DL_START,2,HD
FLPR,15.0,ACCC_INSTALL_END,89,RIBS
GSDK,1.3,ACCC_APPS_DL_CANCEL,4,PKG
ILST,19.2.0,ACCC_INSTALL_END,12,HD
DRWV,18.1,ACCC_APPS_HD_CANCEL,14,HD
FLPR,16.0,ACCC_DL_START,3,HD
AME,11.1.2,ACCC_ERROR,1,HD
ILST,16.0,ACCC_APPS_DL_CANCEL,181,RIBS
ILST,19.1.1,ACCC_ERROR,1,HD
SPRK,12.0.12,ACCC_INSTALL_END,330391,HD
ILST,21.0.2,ACCC_DL_START,256,HD
AEFT,13.5,ACCC_ERROR,89,RIBS
ASCT,1.1.3,ACCC_DL_START,191,MSI
IDSN,13.0.1,ACCC_DL_START,2023,HD
GSDK,1.2,ACCC_INSTALL_END,2,MSI
PRLD,1.0,ACCC_APPS_INSTALL_CANCEL,104,RIBS
CHAR,2.0,ACCC_DL_START,97815,HD
