<queries_document>
<query_object>
<query_name>v1.acc.success.details</query_name>
<query_sql> select code, json_extract_path_text(params,'ACCC_Install_Mode')::varchar(512) install_mode, json_extract_path_text(params,'ACCC_Install_LBSMode')::varchar(512) selfupdate_mode, json_extract_path_text(params,'source')::varchar(512) source, count(distinct( json_extract_path_text(params, 'lbsWorkflowID')::varchar(512))) workflow_count 
from public.all_ets_event_simple
where code like 'ACCC_BOOTSTRAP_%' 
and  insert_dts >= CAST('2018-06-25 04:00:00' AS TIMESTAMP)
and dts >= CAST('2018-06-25 04:00:00' AS TIMESTAMP)
and json_extract_path_text(params,'ACCC_Version_Downloading')::varchar(512) like '4.6.0.384'  
group by code, install_mode, selfupdate_mode,source order by workflow_count desc
</query_sql>
</query_object>		
  
<query_object>
<query_name>v1.acc.errors.details</query_name>
<query_sql> select count( distinct(json_extract_path_text(params, 'lbsWorkflowID')::varchar(512))) workflow_count, json_extract_path_text(params,'Error_Code')::varchar(512) errorcode, json_extract_path_text(params,'Error_SubCode')::varchar(512) errorsubcode, code, json_extract_path_text(params,'ACCC_Install_Mode')::varchar(512) install_mode, json_extract_path_text(params,'ACCC_Install_LBSMode')::varchar(512) selfupdate_mode, json_extract_path_text(params,'source')::varchar(512) source 
from public.all_ets_event_simple
where code like 'ACCC_BOOTSTRAP_%' 
and  insert_dts >= CAST('2018-06-25 04:00:00' AS TIMESTAMP)
and dts >= CAST('2018-06-25 04:00:00' AS TIMESTAMP)
and json_extract_path_text(params,'ACCC_Version_Downloading')::varchar(512) like '4.6.0.384'
group by errorcode, errorsubcode, code, install_mode,selfupdate_mode,source order by workflow_count desc
</query_sql>
</query_object>		
</queries_document>


