code,product_code,numusers
ACCC_APPS_HD_CANCEL,SPRK,986
ACCC_APPS_HD_CANCEL,RUSH,1471
ACCC_APPS_HD_CANCEL,IDSN,3124
ACCC_APPS_HD_CANCEL,LRCC,1305
ACCC_DL_START,SPRK,46736
ACCC_INSTALL_END,RUSH,31778
ACCC_APPS_HD_CANCEL,PHSP,14440
ACCC_INSTALL_END,SPRK,45208
ACCC_ERROR,PPRO,1419
ACCC_DL_START,PHSP,437350
ACCC_ERROR,RUSH,399
ACCC_INSTALL_END,PPRO,139239
ACCC_INSTALL_END,IDSN,170637
ACCC_ERROR,SPRK,293
ACCC_ERROR,PHSP,4860
ACCC_DL_START,IDSN,177399
ACCC_ERROR,LRCC,245
ACCC_INSTALL_END,LRCC,17117
ACCC_DL_START,PPRO,148374
ACCC_ERROR,IDSN,1399
ACCC_DL_START,LRCC,18797
ACCC_APPS_HD_CANCEL,PPRO,4278
ACCC_INSTALL_END,PHSP,405604
ACCC_DL_START,RUSH,34493
