<queries_document>
<query_tableName>public.all_ets_event_simple</query_tableName>
<query_accBuildNumber>4.6.0.384</query_accBuildNumber>
<query_insertdts>CAST('2018-06-25 04:00:00' AS TIMESTAMP)</query_insertdts>

<query_object>
<query_name>v1.acc.success.details</query_name>
<query_sql> SELECT code, json_extract_path_text(params,'ACCC_Install_Mode')::varchar(512) install_mode, json_extract_path_text(params,'ACCC_Install_LBSMode')::varchar(512) selfupdate_mode, json_extract_path_text(params,'source')::varchar(512) source, count(distinct( json_extract_path_text(params, 'lbsWorkflowID')::varchar(512))) workflow_count FROM {etsTableName} WHERE code like 'ACCC_BOOTSTRAP_%' AND  insert_dts >=  {insertdts}  AND dts >=  {insertdts}  AND json_extract_path_text(params,'ACCC_Version_Downloading')::varchar(512) like '{accBuildNumber}'  group by code, install_mode, selfupdate_mode,source order by workflow_count DESC;
</query_sql>
</query_object>		
  
<query_object>
<query_name>v1.acc.errors.details</query_name>
<query_sql> 
SELECT count( distinct(json_extract_path_text(params, 'lbsWorkflowID')::varchar(512))) workflow_count, json_extract_path_text(params,'Error_Code')::varchar(512) errorcode, json_extract_path_text(params,'Error_SubCode')::varchar(512) errorsubcode, code, json_extract_path_text(params,'ACCC_Install_Mode')::varchar(512) install_mode, json_extract_path_text(params,'ACCC_Install_LBSMode')::varchar(512) selfupdate_mode, json_extract_path_text(params,'source')::varchar(512) source FROM {etsTableName} WHERE code like 'ACCC_BOOTSTRAP_%' AND  insert_dts >=  {insertdts}  AND dts >=  {insertdts}  AND json_extract_path_text(params,'ACCC_Version_Downloading')::varchar(512) like '{accBuildNumber}' group by errorcode, errorsubcode, code, install_mode,selfupdate_mode,source order by workflow_count DESC
</query_sql>
</query_object>		  
  
<query_object>
<query_name>v1.acc.success</query_name>
<query_sql> SELECT code, count( distinct(json_extract_path_text(params, 'lbsWorkflowID')::varchar(512))) workflow_count FROM  {etsTableName} WHERE code like 'ACCC_BOOTSTRAP_%' AND  insert_dts >= {insertdts} AND dts >=  {insertdts} AND json_extract_path_text(params,'ACCC_Version_Downloading')::varchar(512) like '{accBuildNumber}' group by code order by workflow_count DESC
</query_sql>
</query_object>		

<query_object>
<query_name>v1.acc.errors</query_name>
<query_sql>SELECT count( distinct(json_extract_path_text(params, 'lbsWorkflowID')::varchar(512))) workflow_count, json_extract_path_text(params,'Error_Code')::varchar(512) errorcode,code event_type FROM {etsTableName} WHERE code like 'ACCC_BOOTSTRAP_%' AND (json_extract_path_text(params,'Error_Code')::varchar(512)) != ''  AND  insert_dts >=  {insertdts} AND dts >=  {insertdts}  AND json_extract_path_text(params,'ACCC_Version_Downloading')::varchar(512) like '{accBuildNumber}' group by errorcode, code order by workflow_count DESC limit 20
</query_sql>
</query_object>

<query_object>
<query_name>v1.hostfile.events</query_name>
<query_sql>SELECT count(distinct(json_extract_path_text(params, 'lbsWorkflowID')::varchar(512))) workflow_count,code FROM {etsTableName} WHERE code in ('ACCC_HOSTFILE_ERROR_DETECT','ACCC_HOSTFILE_LINK_CLICKED','ACCC_HOSTFILE_ISSUE_FIXED')  AND  insert_dts >= {insertdts}  AND dts >=  {insertdts} AND json_extract_path_text(params,'ACCC_Version') like '{accBuildNumber}' group by code
</query_sql>
</query_object>
</queries_document>

