<queries_document>
<query_tableName>public.all_ets_event_simple</query_tableName>
<query_accBuildNumber>4.7.0.400</query_accBuildNumber>
<query_insertdts>CAST('2018-09-17 08:00:00' AS TIMESTAMP)</query_insertdts>

<query_object>
<query_name>v1.hd2.errors</query_name>
<query_sql> select json_extract_path_text(params,'Error_Code')::varchar(512) errorcode,json_extract_path_text(params,'Error_Type')::varchar(512) errortype, count(distinct(user_guid)) ecount from {etsTableName} where code like 'ACCC_ERROR' and  json_extract_path_text(params,'ACCC_HYPERDRIVE_BUILD_PVALUE')::varchar(512) = 'HD' and json_extract_path_text(params,'ACCC_Version')::varchar(512) like '{accBuildNumber}' and  insert_dts >= {insertdts} and dts >= {insertdts} and json_extract_path_text(params,'Product_ID')::varchar(512) NOT IN ('COSY','CCXP','LIBS') group by errorcode, errortype order by ecount desc
</query_sql>
</query_object>		
</queries_document>