<queries_document>
<query_tableName>public.all_ets_event_simple</query_tableName>
<query_accBuildNumber>4.7.0.400</query_accBuildNumber>
<query_insertdts>CAST('2018-10-15 00:00:00' AS TIMESTAMP)</query_insertdts>
<query_object>
<query_name>max18.productWise</query_name>
<query_sql>select  case code 
                when 'ACCC_APPS_UPDATE_DL_START' then 'ACCC_DL_START' 
                when 'ACCC_APPS_UPDATE_SUCCESS' then 'ACCC_INSTALL_END'  
                when 'ACCC_APPS_UPDATE_FAIL' then 'ACCC_ERROR' 
                when 'ACCC_APPS_UPDATE_ERROR' then 'ACCC_ERROR' 
                when 'ACCC_APPS_UPDATE_INSTALL_CANCEL' then 'ACCC_APPS_HD_CANCEL' 
                when 'ACCC_APPS_UPDATE_DL_CANCEL' then 'ACCC_APPS_HD_CANCEL' 
        else code 
        end as code, 
        json_extract_path_text(params, 'Product_ID') as product_code, 
        count(distinct user_guid) numusers
from all_ets_event_simple
where   1=1
and     code in ('ACCC_DL_START','ACCC_INSTALL_END', 'ACCC_ERROR','ACCC_APPS_HD_CANCEL', 'ACCC_APPS_UPDATE_DL_START', 'ACCC_APPS_UPDATE_SUCCESS', 'ACCC_APPS_UPDATE_FAIL', 'ACCC_APPS_UPDATE_ERROR', 'ACCC_APPS_UPDATE_INSTALL_CANCEL', 'ACCC_APPS_UPDATE_DL_CANCEL')
and     json_extract_path_text(params,'ACCC_Version') = '4.7.0.400'
and     json_extract_path_text(params, 'ACCC_HYPERDRIVE_BUILD_PVALUE') = 'HD'
and ((json_extract_path_text(params, 'Product_ID') = 'SPRK' and json_extract_path_text(params, 'Product_Version') like '13.0%') OR (json_extract_path_text(params, 'Product_ID') = 'LRCC' and json_extract_path_text(params, 'Product_Version') like '2.0%') OR (json_extract_path_text(params, 'Product_ID') = 'PHSP' and json_extract_path_text(params, 'Product_Version') like '20.0%') OR (json_extract_path_text(params, 'Product_ID') = 'RUSH' and json_extract_path_text(params, 'Product_Version') like '1.0%') OR (json_extract_path_text(params, 'Product_ID') = 'PPRO' and json_extract_path_text(params, 'Product_Version') like '13.0%') OR (json_extract_path_text(params, 'Product_ID') = 'IDSN' and json_extract_path_text(params, 'Product_Version') like '14.0%'))
and     insert_dts  >= {insertdts} 
and     dts         >= {insertdts} 
group by case code 
                when 'ACCC_APPS_UPDATE_DL_START' then 'ACCC_DL_START' 
                when 'ACCC_APPS_UPDATE_SUCCESS' then 'ACCC_INSTALL_END'  
                when 'ACCC_APPS_UPDATE_FAIL' then 'ACCC_ERROR' 
                when 'ACCC_APPS_UPDATE_ERROR' then 'ACCC_ERROR' 
                when 'ACCC_APPS_UPDATE_INSTALL_CANCEL' then 'ACCC_APPS_HD_CANCEL' 
                when 'ACCC_APPS_UPDATE_DL_CANCEL' then 'ACCC_APPS_HD_CANCEL' 
        else code 
        end,  
        json_extract_path_text(params, 'Product_ID');</query_sql>
</query_object>		


<query_object>
<query_name>max18Overall</query_name>
<query_sql>
select code, count(distinct user_guid) numusers
from all_ets_event_simple
where   1=1
and     code in ('ACCC_DL_START','ACCC_INSTALL_END', 'ACCC_ERROR','ACCC_APPS_HD_CANCEL')
and     json_extract_path_text(params,'ACCC_Version') = '4.7.0.400'
and     json_extract_path_text(params, 'ACCC_HYPERDRIVE_BUILD_PVALUE') = 'HD'
and     json_extract_path_text(params,'Product_ID') not in ('LIBS', 'CCXP', 'COSY', 'NGL')
and     insert_dts  >= CAST('2018-10-14 00:00:00' as timestamp)
and     dts         >= CAST('2018-10-14 00:00:00' as timestamp)
group by code
</query_sql>
</query_object>		
  
  
  
</queries_document>

