workflow_count,errorcode,errorsubcode,code,install_mode,selfupdate_mode,source
947988,,,ACCC_BOOTSTRAP_DL_START,Fresh,,WAM
877787,,,ACCC_BOOTSTRAP_INSTALL_START,Fresh,,WAM
876982,,,ACCC_BOOTSTRAP_DL_END,Fresh,,WAM
839502,,,ACCC_BOOTSTRAP_INSTALL_END,Fresh,,WAM
191613,,,ACCC_BOOTSTRAP_ADMINPRIVELEGES,Self-Update,true,
169460,,,ACCC_BOOTSTRAP_DL_START,Auto-Update,,
167996,,,ACCC_BOOTSTRAP_DL_START,Fresh,repair,
149407,,,ACCC_BOOTSTRAP_INSTALL_START,Fresh,repair,
149171,,,ACCC_BOOTSTRAP_DL_END,Fresh,repair,
145693,,,ACCC_BOOTSTRAP_INSTALL_END,Fresh,repair,
140529,,,ACCC_BOOTSTRAP_INSTALL_START,Auto-Update,,
140314,,,ACCC_BOOTSTRAP_DL_END,Auto-Update,,
134286,,,ACCC_BOOTSTRAP_INSTALL_END,Auto-Update,,
73252,,,ACCC_BOOTSTRAP_DL_START,Fresh,,
65165,,,ACCC_BOOTSTRAP_INSTALL_START,Fresh,,
65090,,,ACCC_BOOTSTRAP_DL_END,Fresh,,
60809,,,ACCC_BOOTSTRAP_ADMINPRIVELEGES,Fresh,,
58927,,,ACCC_BOOTSTRAP_INSTALL_END,Fresh,,
56600,,,ACCC_BOOTSTRAP_DL_START,Update,,WAM
55299,PIM_STATUS_DOWNLOAD_CANCELED,,ACCC_BOOTSTRAP_DL_FATAL_ERROR,Fresh,,WAM
54406,,,ACCC_BOOTSTRAP_INSTALL_START,Update,,WAM
54352,,,ACCC_BOOTSTRAP_DL_END,Update,,WAM
52332,,,ACCC_BOOTSTRAP_INSTALL_END,Update,,WAM
49690,PIM_STATUS_SUCCESS,,ACCC_BOOTSTRAP_DL_RETRY,Fresh,,WAM
39106,,,ACCC_BOOTSTRAP_DL_START,Self-Update,repair,
32865,,,ACCC_BOOTSTRAP_INSTALL_START,Self-Update,repair,
32743,,,ACCC_BOOTSTRAP_DL_END,Self-Update,repair,
30642,,,ACCC_BOOTSTRAP_INSTALL_END,Self-Update,repair,
15398,,,ACCC_BOOTSTRAP_DL_START,Self-Update,true,
14302,,,ACCC_BOOTSTRAP_ADMINPRIVELEGES,Self-Update,,
13903,,,ACCC_BOOTSTRAP_INSTALL_START,Self-Update,true,
13885,,,ACCC_BOOTSTRAP_DL_END,Self-Update,true,
13323,,,ACCC_BOOTSTRAP_INSTALL_END,Self-Update,true,
10218,PIM_STATUS_DOWNLOAD_CANCELED,,ACCC_BOOTSTRAP_DL_FATAL_ERROR,Fresh,repair,
9813,,,ACCC_BOOTSTRAP_INSTALL_END,Self-Update,,
8503,,,ACCC_BOOTSTRAP_DL_START,Self-Update,,
7676,,,ACCC_BOOTSTRAP_INSTALL_START,Self-Update,,
7665,,,ACCC_BOOTSTRAP_DL_END,Self-Update,,
7660,PIM_STATUS_DOWNLOAD_CANCELED,PIM_STATUS_DOWNLOAD_SERVER_UNRESPONSIVE,ACCC_BOOTSTRAP_DL_FATAL_ERROR,Fresh,,WAM
6583,PIM_STATUS_DOWNLOAD_ERROR,,ACCC_BOOTSTRAP_DL_FATAL_ERROR,Fresh,,WAM
5733,PIM_STATUS_DOWNLOAD_FILE_HANDLING_ERROR,,ACCC_BOOTSTRAP_DL_FATAL_ERROR,Fresh,,WAM
5273,PIM_STATUS_DOWNLOAD_ERROR,,ACCC_BOOTSTRAP_DL_FATAL_ERROR,Auto-Update,,
4919,PIM_STATUS_DOWNLOAD_CANCELED,,ACCC_BOOTSTRAP_DL_FATAL_ERROR,Fresh,,
4775,PIM_STATUS_DOWNLOAD_CANCELED,PIM_STATUS_DOWNLOAD_NETWORK_UNAVAILABLE,ACCC_BOOTSTRAP_DL_FATAL_ERROR,Fresh,,WAM
3395,PIM_STATUS_DOWNLOAD_ERROR,,ACCC_BOOTSTRAP_PIM_DL_ERROR,Auto-Update,,
3198,PIM_STATUS_ERROR,,ACCC_BOOTSTRAP_INSTALL_FATAL_ERROR,Fresh,,WAM
3165,PIM_STATUS_DOWNLOAD_SERVER_UNRESPONSIVE,,ACCC_BOOTSTRAP_DL_RETRY,Fresh,repair,
2528,PIM_STATUS_DOWNLOAD_CANCELED,,ACCC_BOOTSTRAP_DL_FATAL_ERROR,Self-Update,repair,
1955,PIM_STATUS_DOWNLOAD_EXTRACTION_ERROR,,ACCC_BOOTSTRAP_DL_FATAL_ERROR,Fresh,,WAM
1929,PIM_STATUS_SUCCESS,,ACCC_BOOTSTRAP_DL_RETRY,Update,,WAM
1906,PIM_STATUS_DOWNLOAD_CANCELED,PIM_STATUS_DOWNLOAD_SERVER_UNRESPONSIVE,ACCC_BOOTSTRAP_DL_FATAL_ERROR,Fresh,repair,
1837,PIM_STATUS_DOWNLOAD_SERVER_UNRESPONSIVE,,ACCC_BOOTSTRAP_DL_RETRY,Fresh,,
1610,PIM_STATUS_DOWNLOAD_SERVER_UNRESPONSIVE,,ACCC_BOOTSTRAP_PIM_DL_ERROR,Auto-Update,,
1597,PIM_STATUS_FILE_EXTRACTION_ERROR,,ACCC_BOOTSTRAP_INSTALL_FATAL_ERROR,Fresh,,WAM
1518,PIM_STATUS_DOWNLOAD_ERROR,,ACCC_BOOTSTRAP_DL_FATAL_ERROR,Fresh,repair,
1506,PIM_STATUS_FILE_NOT_FOUND,,ACCC_BOOTSTRAP_INSTALL_FATAL_ERROR,Fresh,,WAM
1447,PIM_STATUS_DOWNLOAD_DOWNLOAD_INVALID_FILE_ERROR,,ACCC_BOOTSTRAP_PIM_DL_ERROR,Auto-Update,,
1400,PIM_STATUS_DOWNLOAD_CANCELED,,ACCC_BOOTSTRAP_DL_FATAL_ERROR,Update,,WAM
1353,PIM_STATUS_DOWNLOAD_FILE_HANDLING_ERROR,,ACCC_BOOTSTRAP_DL_FATAL_ERROR,Auto-Update,,
1308,PIM_STATUS_ERROR,,ACCC_BOOTSTRAP_INSTALL_FATAL_ERROR,Update,,WAM
1282,PIM_STATUS_DOWNLOAD_CANCELED,PIM_STATUS_DOWNLOAD_SERVER_UNRESPONSIVE,ACCC_BOOTSTRAP_DL_FATAL_ERROR,Auto-Update,,
1041,PIM_STATUS_DOWNLOAD_SERVER_UNRESPONSIVE,,ACCC_BOOTSTRAP_DL_RETRY,Self-Update,repair,
996,PIM_STATUS_DOWNLOAD_HTTP_INVALID_URL,,ACCC_BOOTSTRAP_DL_FATAL_ERROR,Fresh,,WAM
981,PIM_STATUS_FAILED_TO_BACKUP,,ACCC_BOOTSTRAP_INSTALL_FATAL_ERROR,Self-Update,repair,
958,PIM_STATUS_DOWNLOAD_CANCELED,,ACCC_BOOTSTRAP_DL_FATAL_ERROR,Auto-Update,,
936,PIM_STATUS_DOWNLOAD_SERVER_UNRESPONSIVE,,ACCC_BOOTSTRAP_DL_RETRY,Auto-Update,,
891,PIM_STATUS_INSUFFICIENT_FREE_DISK_SPACE,,ACCC_BOOTSTRAP_INSTALL_FATAL_ERROR,Fresh,,WAM
857,PIM_STATUS_DOWNLOAD_CANCELED,PIM_STATUS_DOWNLOAD_SERVER_UNRESPONSIVE,ACCC_BOOTSTRAP_DL_FATAL_ERROR,Self-Update,repair,
851,PIM_STATUS_FILE_EXTRACTION_ERROR,,ACCC_BOOTSTRAP_INSTALL_FATAL_ERROR,Fresh,repair,
806,PIM_STATUS_DOWNLOAD_CANCELED,,ACCC_BOOTSTRAP_DL_FATAL_ERROR,Self-Update,true,
720,PIM_STATUS_DOWNLOAD_CANCELED,PIM_STATUS_DOWNLOAD_DOWNLOAD_INVALID_FILE_ERROR,ACCC_BOOTSTRAP_DL_FATAL_ERROR,Fresh,,WAM
708,PIM_STATUS_DOWNLOAD_FILE_HANDLING_ERROR,,ACCC_BOOTSTRAP_DL_FATAL_ERROR,Fresh,repair,
687,PIM_STATUS_DOWNLOAD_CANCELED,PIM_STATUS_DOWNLOAD_SERVER_UNRESPONSIVE,ACCC_BOOTSTRAP_DL_FATAL_ERROR,Fresh,,
660,PIM_STATUS_DOWNLOAD_ERROR,,ACCC_BOOTSTRAP_DL_FATAL_ERROR,Fresh,,
602,PIM_STATUS_DOWNLOAD_EXTRACTION_ERROR,,ACCC_BOOTSTRAP_DL_FATAL_ERROR,Auto-Update,,
588,PIM_STATUS_FAILED_TO_BACKUP,,ACCC_BOOTSTRAP_INSTALL_FATAL_ERROR,Auto-Update,,
583,PIM_STATUS_DOWNLOAD_HTTP_INVALID_URL,,ACCC_BOOTSTRAP_DL_FATAL_ERROR,Auto-Update,,
552,PIM_STATUS_DOWNLOAD_ERROR,,ACCC_BOOTSTRAP_DL_FATAL_ERROR,Self-Update,repair,
542,PIM_STATUS_FILE_EXTRACTION_ERROR,,ACCC_BOOTSTRAP_INSTALL_FATAL_ERROR,Fresh,,
536,PIM_STATUS_DOWNLOAD_SERVER_UNRESPONSIVE,,ACCC_BOOTSTRAP_PIM_DL_ERROR,Self-Update,repair,
500,PIM_STATUS_DOWNLOAD_FILE_HANDLING_ERROR,,ACCC_BOOTSTRAP_DL_FATAL_ERROR,Fresh,,
492,PIM_STATUS_DOWNLOAD_NETWORK_UNAVAILABLE,,ACCC_BOOTSTRAP_PIM_DL_ERROR,Auto-Update,,
446,PIM_STATUS_FILE_NOT_FOUND,,ACCC_BOOTSTRAP_INSTALL_FATAL_ERROR,Fresh,repair,
438,PIM_STATUS_FAILED_TO_BACKUP,,ACCC_BOOTSTRAP_INSTALL_FATAL_ERROR,Fresh,,WAM
436,PIM_STATUS_DOWNLOAD_EXTRACTION_ERROR,,ACCC_BOOTSTRAP_DL_FATAL_ERROR,Fresh,repair,
393,PIM_STATUS_DOWNLOAD_ERROR,,ACCC_BOOTSTRAP_DL_FATAL_ERROR,Update,,WAM
386,PIM_STATUS_DOWNLOAD_SERVER_UNRESPONSIVE,,ACCC_BOOTSTRAP_DL_RETRY,Self-Update,true,
383,PIM_STATUS_DOWNLOAD_HTTP_INVALID_URL,,ACCC_BOOTSTRAP_DL_FATAL_ERROR,Fresh,repair,
351,PIM_STATUS_DOWNLOAD_ERROR,,ACCC_BOOTSTRAP_PIM_DL_ERROR,Self-Update,repair,
329,PIM_STATUS_DOWNLOAD_CANCELED,PIM_STATUS_DOWNLOAD_ERROR,ACCC_BOOTSTRAP_DL_FATAL_ERROR,Fresh,,WAM
319,PIM_STATUS_DOWNLOAD_CANCELED,PIM_STATUS_DOWNLOAD_DOWNLOAD_INVALID_FILE_ERROR,ACCC_BOOTSTRAP_DL_FATAL_ERROR,Auto-Update,,
304,PIM_STATUS_DOWNLOAD_FILE_HANDLING_ERROR,,ACCC_BOOTSTRAP_DL_FATAL_ERROR,Self-Update,repair,
292,PIM_STATUS_DOWNLOAD_ERROR,,ACCC_BOOTSTRAP_DL_FATAL_ERROR,Self-Update,true,
288,PIM_STATUS_DOWNLOAD_CANCELED,,ACCC_BOOTSTRAP_DL_FATAL_ERROR,Self-Update,,
279,PIM_STATUS_DOWNLOAD_DOWNLOAD_INVALID_FILE_ERROR,,ACCC_BOOTSTRAP_DL_RETRY,Fresh,repair,
279,PIM_STATUS_FILE_COPY_ERROR,,ACCC_BOOTSTRAP_INSTALL_FATAL_ERROR,Auto-Update,,
248,PIM_STATUS_DOWNLOAD_CANCELED,PIM_STATUS_DOWNLOAD_SERVER_UNRESPONSIVE,ACCC_BOOTSTRAP_DL_FATAL_ERROR,Update,,WAM
248,PIM_STATUS_DOWNLOAD_DOWNLOAD_INVALID_FILE_ERROR,,ACCC_BOOTSTRAP_PIM_DL_ERROR,Self-Update,repair,
246,PIM_STATUS_DOWNLOAD_SERVER_UNRESPONSIVE,,ACCC_BOOTSTRAP_PIM_DL_ERROR,Fresh,,
239,PIM_STATUS_DOWNLOAD_DOWNLOAD_INVALID_FILE_ERROR,,ACCC_BOOTSTRAP_DL_RETRY,Fresh,,
235,PIM_STATUS_FILE_EXTRACTION_ERROR,,ACCC_BOOTSTRAP_INSTALL_FATAL_ERROR,Self-Update,repair,
227,PIM_STATUS_DOWNLOAD_FILE_HANDLING_ERROR,,ACCC_BOOTSTRAP_PIM_DL_ERROR,Auto-Update,,
219,eCC_HELPER_REMOTE_OBJECT_PROXY_CREATION_FAILED,,ACCC_BOOTSTRAP_HELPER_FAILURE,Self-Update,true,
219,PIM_STATUS_FILE_CORRUPTED_PIMX,,ACCC_BOOTSTRAP_INSTALL_FATAL_ERROR,Fresh,,WAM
215,PIM_STATUS_DOWNLOAD_ERROR,,ACCC_BOOTSTRAP_PIM_DL_ERROR,Fresh,,
205,PIM_STATUS_DOWNLOAD_SERVER_UNRESPONSIVE,,ACCC_BOOTSTRAP_DL_FATAL_ERROR,Fresh,,WAM
202,PIM_STATUS_DOWNLOAD_CANCELED,PIM_STATUS_DOWNLOAD_NETWORK_UNAVAILABLE,ACCC_BOOTSTRAP_DL_FATAL_ERROR,Fresh,repair,
199,PIM_STATUS_DOWNLOAD_SERVER_UNRESPONSIVE,,ACCC_BOOTSTRAP_DL_FATAL_ERROR,Fresh,,
193,PIM_STATUS_FILE_NOT_FOUND,,ACCC_BOOTSTRAP_INSTALL_FATAL_ERROR,Fresh,,
192,PIM_STATUS_DOWNLOAD_FILE_HANDLING_ERROR,,ACCC_BOOTSTRAP_DL_FATAL_ERROR,Update,,WAM
188,PIM_STATUS_FILE_NOT_FOUND,,ACCC_BOOTSTRAP_INSTALL_FATAL_ERROR,Auto-Update,,
187,PIM_STATUS_DOWNLOAD_HTTP_INVALID_URL,,ACCC_BOOTSTRAP_DL_FATAL_ERROR,Fresh,,
179,PIM_STATUS_DOWNLOAD_SERVER_UNRESPONSIVE,,ACCC_BOOTSTRAP_DL_RETRY,Self-Update,,
176,PIM_STATUS_ERROR,,ACCC_BOOTSTRAP_INSTALL_FATAL_ERROR,Self-Update,true,
175,PIM_STATUS_FILE_EXTRACTION_ERROR,,ACCC_BOOTSTRAP_INSTALL_FATAL_ERROR,Auto-Update,,
174,PIM_STATUS_DOWNLOAD_EXTRACTION_ERROR,,ACCC_BOOTSTRAP_DL_FATAL_ERROR,Fresh,,
173,PIM_STATUS_DOWNLOAD_NETWORK_UNAVAILABLE,,ACCC_BOOTSTRAP_PIM_DL_ERROR,Self-Update,repair,
172,PIM_STATUS_INSUFFICIENT_FREE_DISK_SPACE,,ACCC_BOOTSTRAP_INSTALL_FATAL_ERROR,Auto-Update,,
165,PIM_STATUS_DOWNLOAD_ERROR,,ACCC_BOOTSTRAP_DL_RETRY,Fresh,repair,
161,HELPER_BLESS_FAILED,,ACCC_BOOTSTRAP_HELPER_FAILURE,Self-Update,true,
159,PIM_STATUS_DOWNLOAD_HTTP_INVALID_URL,,ACCC_BOOTSTRAP_PIM_DL_ERROR,Auto-Update,,
159,PIM_STATUS_DOWNLOAD_DOWNLOAD_INVALID_FILE_ERROR,,ACCC_BOOTSTRAP_DL_RETRY,Auto-Update,,
155,PIM_STATUS_DOWNLOAD_CANCELED,PIM_STATUS_DOWNLOAD_DOWNLOAD_INVALID_FILE_ERROR,ACCC_BOOTSTRAP_DL_FATAL_ERROR,Fresh,repair,
152,PIM_STATUS_FILE_EXTRACTION_ERROR,,ACCC_BOOTSTRAP_INSTALL_FATAL_ERROR,Update,,WAM
150,PIM_STATUS_DOWNLOAD_CANCELED,PIM_STATUS_DOWNLOAD_ERROR,ACCC_BOOTSTRAP_DL_FATAL_ERROR,Auto-Update,,
145,PIM_STATUS_DOWNLOAD_CANCELED,PIM_STATUS_DOWNLOAD_NETWORK_UNAVAILABLE,ACCC_BOOTSTRAP_DL_FATAL_ERROR,Fresh,,
143,PIM_STATUS_DOWNLOAD_NETWORK_UNAVAILABLE,,ACCC_BOOTSTRAP_PIM_DL_ERROR,Fresh,,
142,PIM_STATUS_DOWNLOAD_CANCELED,PIM_STATUS_DOWNLOAD_SERVER_UNRESPONSIVE,ACCC_BOOTSTRAP_DL_FATAL_ERROR,Self-Update,true,
141,PIM_STATUS_DOWNLOAD_ERROR,,ACCC_BOOTSTRAP_PIM_DL_ERROR,Self-Update,true,
138,PIM_STATUS_FILE_CREATE_ERROR,,ACCC_BOOTSTRAP_INSTALL_FATAL_ERROR,Fresh,,WAM
135,PIM_STATUS_DOWNLOAD_DOWNLOAD_INVALID_FILE_ERROR,,ACCC_BOOTSTRAP_PIM_DL_ERROR,Fresh,,
129,PIM_STATUS_DOWNLOAD_DOWNLOAD_INVALID_FILE_ERROR,,ACCC_BOOTSTRAP_DL_RETRY,Self-Update,true,
118,PIM_STATUS_DOWNLOAD_CANCELED,PIM_STATUS_DOWNLOAD_ERROR,ACCC_BOOTSTRAP_DL_FATAL_ERROR,Fresh,repair,
116,PIM_STATUS_DOWNLOAD_CANCELED,PIM_STATUS_DOWNLOAD_DOWNLOAD_INVALID_FILE_ERROR,ACCC_BOOTSTRAP_DL_FATAL_ERROR,Fresh,,
115,PIM_STATUS_DOWNLOAD_ERROR,,ACCC_BOOTSTRAP_DL_RETRY,Auto-Update,,
115,PIM_STATUS_FAILED_TO_BACKUP,,ACCC_BOOTSTRAP_INSTALL_FATAL_ERROR,Update,,WAM
113,PIM_STATUS_DOWNLOAD_ERROR,,ACCC_BOOTSTRAP_DL_FATAL_ERROR,Self-Update,,
112,PIM_STATUS_ERROR,,ACCC_BOOTSTRAP_INSTALL_FATAL_ERROR,Fresh,repair,
108,PIM_STATUS_DOWNLOAD_SERVER_UNRESPONSIVE,,ACCC_BOOTSTRAP_PIM_DL_ERROR,Self-Update,,
108,PIM_STATUS_DOWNLOAD_CANCELED,PIM_STATUS_DOWNLOAD_NETWORK_UNAVAILABLE,ACCC_BOOTSTRAP_DL_FATAL_ERROR,Update,,WAM
104,PIM_STATUS_FILE_EXTRACTION_ERROR,,ACCC_BOOTSTRAP_INSTALL_FATAL_ERROR,Self-Update,true,
101,PIM_STATUS_FILE_NOT_FOUND,,ACCC_BOOTSTRAP_INSTALL_FATAL_ERROR,Self-Update,repair,
101,PIM_STATUS_SUCCESS,,ACCC_BOOTSTRAP_DL_RETRY,Fresh,repair,
100,PIM_STATUS_ERROR,,ACCC_BOOTSTRAP_INSTALL_FATAL_ERROR,Fresh,,
98,PIM_STATUS_FILE_CORRUPTED_PIMX,,ACCC_BOOTSTRAP_INSTALL_FATAL_ERROR,Fresh,repair,
94,PIM_STATUS_DOWNLOAD_PROXY_AUTHENTICATION_REQUIRED,,ACCC_BOOTSTRAP_PIM_DL_ERROR,Auto-Update,,
91,PIM_STATUS_DOWNLOAD_ERROR,,ACCC_BOOTSTRAP_DL_RETRY,Fresh,,
89,PIM_STATUS_DOWNLOAD_CANCELED,PIM_STATUS_DOWNLOAD_NETWORK_UNAVAILABLE,ACCC_BOOTSTRAP_DL_FATAL_ERROR,Self-Update,repair,
88,PIM_STATUS_DOWNLOAD_DOWNLOAD_INVALID_FILE_ERROR,,ACCC_BOOTSTRAP_DL_RETRY,Self-Update,repair,
86,PIM_STATUS_DOWNLOAD_OUTPUT_DISK_FULL,,ACCC_BOOTSTRAP_PIM_DL_ERROR,Auto-Update,,
85,PIM_STATUS_INSUFFICIENT_FREE_DISK_SPACE,,ACCC_BOOTSTRAP_INSTALL_FATAL_ERROR,Fresh,,
83,PIM_STATUS_DOWNLOAD_CANCELED,PIM_STATUS_DOWNLOAD_DOWNLOAD_INVALID_FILE_ERROR,ACCC_BOOTSTRAP_DL_FATAL_ERROR,Update,,WAM
78,PIM_STATUS_DOWNLOAD_CANCELED,PIM_STATUS_DOWNLOAD_DOWNLOAD_INVALID_FILE_ERROR,ACCC_BOOTSTRAP_DL_FATAL_ERROR,Self-Update,repair,
77,PIM_STATUS_FILE_CREATE_ERROR,,ACCC_BOOTSTRAP_INSTALL_FATAL_ERROR,Self-Update,repair,
76,PIM_STATUS_DOWNLOAD_FILE_HANDLING_ERROR,,ACCC_BOOTSTRAP_PIM_DL_ERROR,Self-Update,repair,
75,PIM_STATUS_SUCCESS,,ACCC_BOOTSTRAP_DL_RETRY,Fresh,,
74,PIM_STATUS_INSUFFICIENT_FREE_DISK_SPACE,,ACCC_BOOTSTRAP_INSTALL_FATAL_ERROR,Fresh,repair,
74,PIM_STATUS_DOWNLOAD_HTTP_INVALID_URL,,ACCC_BOOTSTRAP_DL_FATAL_ERROR,Self-Update,repair,
73,PIM_STATUS_FILE_EXTRACTION_ERROR,,ACCC_BOOTSTRAP_PIM_DL_ERROR,Auto-Update,,
70,PIM_STATUS_PACKAGE_NOT_GENUINE,,ACCC_BOOTSTRAP_DL_FATAL_ERROR,Fresh,,WAM
69,PIM_STATUS_DOWNLOAD_HTTP_INVALID_URL,,ACCC_BOOTSTRAP_DL_FATAL_ERROR,Update,,WAM
67,PIM_STATUS_DOWNLOAD_SERVER_UNRESPONSIVE,,ACCC_BOOTSTRAP_PIM_DL_ERROR,Self-Update,true,
64,PIM_STATUS_DOWNLOAD_ERROR,,ACCC_BOOTSTRAP_DL_RETRY,Self-Update,repair,
62,PIM_STATUS_DOWNLOAD_CANCELED,PIM_STATUS_DOWNLOAD_ERROR,ACCC_BOOTSTRAP_DL_FATAL_ERROR,Self-Update,repair,
59,PIM_STATUS_DOWNLOAD_ERROR,,ACCC_BOOTSTRAP_PIM_DL_ERROR,Self-Update,,
59,PIM_STATUS_DOWNLOAD_CANCELED,PIM_STATUS_DOWNLOAD_SERVER_UNRESPONSIVE,ACCC_BOOTSTRAP_DL_FATAL_ERROR,Self-Update,,
57,PIM_STATUS_DOWNLOAD_HTTP_INVALID_URL,,ACCC_BOOTSTRAP_DL_FATAL_ERROR,Self-Update,true,
56,PIM_STATUS_DOWNLOAD_EXTRACTION_ERROR,,ACCC_BOOTSTRAP_DL_FATAL_ERROR,Update,,WAM
55,PIM_STATUS_DOWNLOAD_CANCELED,PIM_STATUS_DOWNLOAD_OUTPUT_DISK_FULL,ACCC_BOOTSTRAP_DL_FATAL_ERROR,Fresh,,WAM
54,PIM_STATUS_DOWNLOAD_DATA_VALIDATION_ERROR,,ACCC_BOOTSTRAP_DL_FATAL_ERROR,Fresh,,WAM
54,PIM_STATUS_FILE_NOT_FOUND,,ACCC_BOOTSTRAP_INSTALL_FATAL_ERROR,Update,,WAM
54,PIM_STATUS_DOWNLOAD_FILE_HANDLING_ERROR,,ACCC_BOOTSTRAP_DL_FATAL_ERROR,Self-Update,true,
53,PIM_STATUS_DOWNLOAD_FILE_HANDLING_ERROR,,ACCC_BOOTSTRAP_PIM_DL_ERROR,Fresh,,
53,PIM_STATUS_ERROR,,ACCC_BOOTSTRAP_INSTALL_FATAL_ERROR,Self-Update,,
50,PIM_STATUS_FAILED_TO_BACKUP,,ACCC_BOOTSTRAP_INSTALL_FATAL_ERROR,Self-Update,,
50,PIM_STATUS_DOWNLOAD_DOWNLOAD_INVALID_FILE_ERROR,,ACCC_BOOTSTRAP_PIM_DL_ERROR,Self-Update,true,
48,PIM_STATUS_DOWNLOAD_CANCELED,PIM_STATUS_DOWNLOAD_DOWNLOAD_INVALID_FILE_ERROR,ACCC_BOOTSTRAP_DL_FATAL_ERROR,Self-Update,true,
46,PIM_STATUS_SUCCESS,,ACCC_BOOTSTRAP_DL_RETRY,Self-Update,repair,
44,PIM_STATUS_FAILED_TO_BACKUP,,ACCC_BOOTSTRAP_INSTALL_FATAL_ERROR,Fresh,repair,
41,PIM_STATUS_ERROR,,ACCC_BOOTSTRAP_INSTALL_FATAL_ERROR,Auto-Update,,
39,PIM_STATUS_DOWNLOAD_CANCELED,PIM_STATUS_DOWNLOAD_NETWORK_UNAVAILABLE,ACCC_BOOTSTRAP_DL_FATAL_ERROR,Auto-Update,,
38,PIM_STATUS_DOWNLOAD_EXTRACTION_ERROR,,ACCC_BOOTSTRAP_DL_FATAL_ERROR,Self-Update,true,
38,PIM_STATUS_FAILED_TO_BACKUP,,ACCC_BOOTSTRAP_INSTALL_FATAL_ERROR,Self-Update,true,
38,PIM_STATUS_DOWNLOAD_EXTRACTION_ERROR,,ACCC_BOOTSTRAP_DL_FATAL_ERROR,Self-Update,repair,
36,PIM_STATUS_PACKAGE_NOT_GENUINE,,ACCC_BOOTSTRAP_INSTALL_FATAL_ERROR,Fresh,,WAM
36,PIM_STATUS_FILE_CORRUPTED_PIMX,,ACCC_BOOTSTRAP_INSTALL_FATAL_ERROR,Update,,WAM
36,PIM_STATUS_ERROR,,ACCC_BOOTSTRAP_INSTALL_FATAL_ERROR,Self-Update,repair,
36,PIM_STATUS_FILE_EXTRACTION_ERROR,,ACCC_BOOTSTRAP_INSTALL_FATAL_ERROR,Self-Update,,
36,PIM_STATUS_FILE_CREATE_ERROR,,ACCC_BOOTSTRAP_INSTALL_FATAL_ERROR,Fresh,,
35,PIM_STATUS_DOWNLOAD_DOWNLOAD_INVALID_FILE_ERROR,,ACCC_BOOTSTRAP_DL_RETRY,Self-Update,,
33,PIM_STATUS_FILE_NOT_FOUND,,ACCC_BOOTSTRAP_INSTALL_FATAL_ERROR,Self-Update,true,
33,PIM_STATUS_DOWNLOAD_FILE_HANDLING_ERROR,,ACCC_BOOTSTRAP_DL_FATAL_ERROR,Self-Update,,
33,PIM_STATUS_PACKAGE_NOT_GENUINE,,ACCC_BOOTSTRAP_DL_FATAL_ERROR,Fresh,repair,
32,PIM_STATUS_FAILED_TO_BACKUP,,ACCC_BOOTSTRAP_INSTALL_FATAL_ERROR,Fresh,,
31,PIM_STATUS_DOWNLOAD_CANCELED,PIM_STATUS_DOWNLOAD_ERROR,ACCC_BOOTSTRAP_DL_FATAL_ERROR,Fresh,,
30,PIM_STATUS_DOWNLOAD_PROXY_AUTHENTICATION_REQUIRED,,ACCC_BOOTSTRAP_DL_RETRY,Fresh,,WAM
28,PIM_STATUS_INSUFFICIENT_FREE_DISK_SPACE,,ACCC_BOOTSTRAP_INSTALL_FATAL_ERROR,Update,,WAM
27,PIM_STATUS_FILE_CORRUPTED_PIMX,,ACCC_BOOTSTRAP_INSTALL_FATAL_ERROR,Self-Update,repair,
27,PIM_STATUS_PACKAGE_NOT_GENUINE,,ACCC_BOOTSTRAP_INSTALL_FATAL_ERROR,Fresh,repair,
27,PIM_STATUS_DOWNLOAD_PROXY_AUTHENTICATION_REQUIRED,,ACCC_BOOTSTRAP_DL_RETRY,Auto-Update,,
23,PIM_STATUS_DOWNLOAD_NETWORK_UNAVAILABLE,,ACCC_BOOTSTRAP_PIM_DL_ERROR,Self-Update,true,
22,PIM_STATUS_DOWNLOAD_DOWNLOAD_INVALID_FILE_ERROR,,ACCC_BOOTSTRAP_PIM_DL_ERROR,Self-Update,,
22,PIM_STATUS_FILE_EXTRACTION_ERROR,,ACCC_BOOTSTRAP_PIM_DL_ERROR,Fresh,,
20,PIM_STATUS_FILE_EXTRACTION_ERROR,,ACCC_BOOTSTRAP_PIM_DL_ERROR,Self-Update,repair,
20,PIM_STATUS_FILE_CORRUPTED_PIMX,,ACCC_BOOTSTRAP_INSTALL_FATAL_ERROR,Fresh,,
20,PIM_STATUS_DOWNLOAD_DOWNLOAD_INVALID_FILE_ERROR,,ACCC_BOOTSTRAP_DL_FATAL_ERROR,Fresh,,WAM
19,PIM_STATUS_DOWNLOAD_CANCELED,PIM_STATUS_DOWNLOAD_NETWORK_UNAVAILABLE,ACCC_BOOTSTRAP_DL_FATAL_ERROR,Self-Update,true,
19,PIM_STATUS_INSUFFICIENT_FREE_DISK_SPACE,,ACCC_BOOTSTRAP_INSTALL_FATAL_ERROR,Self-Update,repair,
19,PIM_STATUS_ACC_FAILED_TO_QUIT,,ACCC_BOOTSTRAP_INSTALL_FATAL_ERROR,Auto-Update,,
19,PIM_STATUS_DOWNLOAD_EXTRACTION_ERROR,,ACCC_BOOTSTRAP_DL_FATAL_ERROR,Self-Update,,
17,PIM_STATUS_SUCCESS,,ACCC_BOOTSTRAP_DL_RETRY,Self-Update,true,
17,PIM_STATUS_DOWNLOAD_NETWORK_UNAVAILABLE,,ACCC_BOOTSTRAP_PIM_DL_ERROR,Self-Update,,
17,PIM_STATUS_INSUFFICIENT_FREE_DISK_SPACE,,ACCC_BOOTSTRAP_INSTALL_FATAL_ERROR,Self-Update,true,
16,eCC_HELPER_REMOTE_OBJECT_PROXY_CREATION_FAILED,,ACCC_BOOTSTRAP_HELPER_FAILURE,Fresh,,
16,PIM_STATUS_DOWNLOAD_DATA_VALIDATION_ERROR,,ACCC_BOOTSTRAP_DL_FATAL_ERROR,Auto-Update,,
15,PIM_STATUS_PACKAGE_NOT_GENUINE,,ACCC_BOOTSTRAP_DL_FATAL_ERROR,Auto-Update,,
15,PIM_STATUS_DOWNLOAD_CANCELED,PIM_STATUS_DOWNLOAD_ERROR,ACCC_BOOTSTRAP_DL_FATAL_ERROR,Update,,WAM
15,PIM_STATUS_FILE_CORRUPTED_PIMX,,ACCC_BOOTSTRAP_INSTALL_FATAL_ERROR,Auto-Update,,
15,PIM_STATUS_DOWNLOAD_OUTPUT_DISK_FULL,,ACCC_BOOTSTRAP_PIM_DL_ERROR,Self-Update,repair,
15,PIM_STATUS_FILE_COPY_ERROR,,ACCC_BOOTSTRAP_INSTALL_FATAL_ERROR,Self-Update,,
15,PIM_STATUS_DOWNLOAD_ERROR,,ACCC_BOOTSTRAP_DL_RETRY,Self-Update,,
15,PIM_STATUS_DOWNLOAD_ERROR,,ACCC_BOOTSTRAP_DL_RETRY,Self-Update,true,
14,PIM_STATUS_DOWNLOAD_DOWNLOAD_INVALID_FILE_ERROR,,ACCC_BOOTSTRAP_DL_FATAL_ERROR,Fresh,,
14,HELPER_BLESS_FAILED,,ACCC_BOOTSTRAP_HELPER_FAILURE,Fresh,,
13,PIM_STATUS_FILE_CREATE_ERROR,,ACCC_BOOTSTRAP_INSTALL_FATAL_ERROR,Fresh,repair,
13,PIM_STATUS_DOWNLOAD_HTTP_INVALID_URL,,ACCC_BOOTSTRAP_DL_FATAL_ERROR,Self-Update,,
13,PIM_STATUS_DOWNLOAD_CANCELED,PIM_STATUS_DOWNLOAD_PROXY_AUTHENTICATION_REQUIRED,ACCC_BOOTSTRAP_DL_FATAL_ERROR,Auto-Update,,
12,PIM_STATUS_DOWNLOAD_HTTP_INVALID_URL,,ACCC_BOOTSTRAP_PIM_DL_ERROR,Self-Update,repair,
12,PIM_STATUS_DOWNLOAD_CANCELED,PIM_STATUS_DOWNLOAD_ERROR,ACCC_BOOTSTRAP_DL_FATAL_ERROR,Self-Update,true,
12,PIM_STATUS_PACKAGE_NOT_GENUINE,,ACCC_BOOTSTRAP_DL_FATAL_ERROR,Fresh,,
11,PIM_STATUS_DOWNLOAD_OUTPUT_DISK_FULL,,ACCC_BOOTSTRAP_PIM_DL_ERROR,Fresh,,
11,PIM_STATUS_NOTIFIER_CLOSE_ERROR,,ACCC_BOOTSTRAP_INSTALL_FATAL_ERROR,Auto-Update,,
11,PIM_STATUS_FILE_CREATE_ERROR,,ACCC_BOOTSTRAP_INSTALL_FATAL_ERROR,Update,,WAM
11,PIM_STATUS_INSUFFICIENT_FREE_DISK_SPACE,,ACCC_BOOTSTRAP_INSTALL_FATAL_ERROR,Self-Update,,
10,PIM_STATUS_DATABASE_INIT_ERROR,,ACCC_BOOTSTRAP_INSTALL_FATAL_ERROR,Fresh,,WAM
10,PIM_STATUS_FILE_NOT_FOUND,,ACCC_BOOTSTRAP_INSTALL_FATAL_ERROR,Self-Update,,
10,PIM_STATUS_DOWNLOAD_DATA_VALIDATION_ERROR,,ACCC_BOOTSTRAP_DL_FATAL_ERROR,Fresh,repair,
10,PIM_STATUS_DOWNLOAD_FILE_HANDLING_ERROR,,ACCC_BOOTSTRAP_PIM_DL_ERROR,Self-Update,true,
9,PIM_STATUS_DOWNLOAD_CANCELED,PIM_STATUS_DOWNLOAD_NETWORK_UNAVAILABLE,ACCC_BOOTSTRAP_DL_FATAL_ERROR,Self-Update,,
9,PIM_STATUS_DOWNLOAD_CANCELED,PIM_STATUS_DOWNLOAD_DOWNLOAD_INVALID_FILE_ERROR,ACCC_BOOTSTRAP_DL_FATAL_ERROR,Self-Update,,
8,PIM_STATUS_PACKAGE_NOT_GENUINE,,ACCC_BOOTSTRAP_INSTALL_FATAL_ERROR,Auto-Update,,
8,PIM_STATUS_DOWNLOAD_CANCELED,PIM_STATUS_DOWNLOAD_ERROR,ACCC_BOOTSTRAP_DL_FATAL_ERROR,Self-Update,,
8,PIM_STATUS_DOWNLOAD_CANCELED,PIM_STATUS_DOWNLOAD_OUTPUT_DISK_FULL,ACCC_BOOTSTRAP_DL_FATAL_ERROR,Fresh,,
7,eCC_HELPER_ACTION_FAILED,,ACCC_BOOTSTRAP_HELPER_FAILURE,Self-Update,true,
7,PIM_STATUS_FILE_CORRUPTED_PIMX,,ACCC_BOOTSTRAP_INSTALL_FATAL_ERROR,Self-Update,true,
7,PIM_STATUS_FILE_CREATE_ERROR,,ACCC_BOOTSTRAP_INSTALL_FATAL_ERROR,Self-Update,true,
7,PIM_STATUS_DOWNLOAD_HTTP_INVALID_URL,,ACCC_BOOTSTRAP_PIM_DL_ERROR,Fresh,,
6,PIM_STATUS_DOWNLOAD_DATA_VALIDATION_ERROR,,ACCC_BOOTSTRAP_DL_FATAL_ERROR,Update,,WAM
6,PIM_STATUS_PACKAGE_NOT_GENUINE,,ACCC_BOOTSTRAP_DL_FATAL_ERROR,Self-Update,repair,
6,PIM_STATUS_DOWNLOAD_PROXY_AUTHENTICATION_REQUIRED,,ACCC_BOOTSTRAP_PIM_DL_ERROR,Self-Update,,
6,PIM_STATUS_DOWNLOAD_OUTPUT_DISK_FULL,,ACCC_BOOTSTRAP_PIM_DL_ERROR,Self-Update,true,
5,,,ACCC_BOOTSTRAP_INIT_START,Auto-Update,,
5,PIM_STATUS_DOWNLOAD_FILE_HANDLING_ERROR,,ACCC_BOOTSTRAP_PIM_DL_ERROR,Self-Update,,
5,PIM_STATUS_SUCCESS,,ACCC_BOOTSTRAP_DL_RETRY,Self-Update,,
5,PIM_STATUS_DOWNLOAD_OUTPUT_DISK_FULL,,ACCC_BOOTSTRAP_DL_RETRY,Fresh,,
5,PIM_STATUS_DOWNLOAD_DATA_VALIDATION_ERROR,,ACCC_BOOTSTRAP_PIM_DL_ERROR,Auto-Update,,
4,PIM_STATUS_DOWNLOAD_OUTPUT_DISK_FULL,,ACCC_BOOTSTRAP_DL_RETRY,Auto-Update,,
4,PIM_STATUS_PACKAGE_NOT_GENUINE,,ACCC_BOOTSTRAP_INSTALL_FATAL_ERROR,Fresh,,
4,PIM_STATUS_DOWNLOAD_DATA_VALIDATION_ERROR,,ACCC_BOOTSTRAP_DL_FATAL_ERROR,Self-Update,repair,
4,PIM_STATUS_PACKAGE_NOT_GENUINE,,ACCC_BOOTSTRAP_DL_FATAL_ERROR,Update,,WAM
4,PIM_STATUS_DOWNLOAD_DATA_VALIDATION_ERROR,,ACCC_BOOTSTRAP_DL_FATAL_ERROR,Fresh,,
4,PIM_STATUS_PACKAGE_NOT_GENUINE,,ACCC_BOOTSTRAP_INSTALL_FATAL_ERROR,Self-Update,repair,
4,PIM_STATUS_FILE_CREATE_ERROR,,ACCC_BOOTSTRAP_INSTALL_FATAL_ERROR,Auto-Update,,
4,PIM_STATUS_FILE_CORRUPTED_PIMX,,ACCC_BOOTSTRAP_INSTALL_FATAL_ERROR,Self-Update,,
4,PIM_STATUS_PACKAGE_NOT_GENUINE,,ACCC_BOOTSTRAP_INSTALL_FATAL_ERROR,Update,,WAM
3,PIM_STATUS_DOWNLOAD_HTTP_INVALID_URL,,ACCC_BOOTSTRAP_PIM_DL_ERROR,Self-Update,,
3,,,ACCC_BOOTSTRAP_INIT_START,Self-Update,,
3,PIM_STATUS_DOWNLOAD_CANCELED,PIM_STATUS_DOWNLOAD_PROXY_AUTHENTICATION_REQUIRED,ACCC_BOOTSTRAP_DL_FATAL_ERROR,Fresh,,WAM
3,PIM_STATUS_DOWNLOAD_HTTP_INVALID_URL,,ACCC_BOOTSTRAP_PIM_DL_ERROR,Self-Update,true,
3,PIM_STATUS_DOWNLOAD_CANCELED,PIM_STATUS_DOWNLOAD_WRITE_PERMISSION,ACCC_BOOTSTRAP_DL_FATAL_ERROR,Fresh,,WAM
3,PIM_STATUS_FILE_EXTRACTION_ERROR,,ACCC_BOOTSTRAP_PIM_DL_ERROR,Self-Update,true,
3,LBS_ERROR_IPC,,ACCC_BOOTSTRAP_INIT_FATAL_ERROR,Auto-Update,,
2,PIM_STATUS_DOWNLOAD_OUTPUT_DISK_FULL,,ACCC_BOOTSTRAP_DL_FATAL_ERROR,Fresh,,
2,PIM_STATUS_NOTIFIER_CLOSE_ERROR,,ACCC_BOOTSTRAP_INSTALL_FATAL_ERROR,Fresh,repair,
2,PIM_STATUS_DOWNLOAD_OUTPUT_DISK_FULL,,ACCC_BOOTSTRAP_PIM_DL_ERROR,Self-Update,,
2,PIM_STATUS_DATABASE_DELETE_ERROR,,ACCC_BOOTSTRAP_INSTALL_FATAL_ERROR,Self-Update,repair,
2,PIM_STATUS_DOWNLOAD_PROXY_AUTHENTICATION_REQUIRED,,ACCC_BOOTSTRAP_PIM_DL_ERROR,Self-Update,repair,
2,PIM_STATUS_NOTIFIER_CLOSE_ERROR,,ACCC_BOOTSTRAP_INSTALL_FATAL_ERROR,Fresh,,WAM
2,PIM_STATUS_DOWNLOAD_ERROR,303,ACCC_BOOTSTRAP_DL_FATAL_ERROR,Self-Update,repair,
2,PIM_STATUS_DOWNLOAD_CANCELED,PIM_STATUS_DOWNLOAD_OUTPUT_DISK_FULL,ACCC_BOOTSTRAP_DL_FATAL_ERROR,Self-Update,true,
2,PIM_STATUS_DOWNLOAD_OUTPUT_DISK_FULL,,ACCC_BOOTSTRAP_DL_RETRY,Self-Update,true,
2,PIM_STATUS_NOTIFIER_CLOSE_ERROR,,ACCC_BOOTSTRAP_INSTALL_FATAL_ERROR,Self-Update,,
2,PIM_STATUS_DATABASE_DELETE_ERROR,,ACCC_BOOTSTRAP_INSTALL_FATAL_ERROR,Self-Update,true,
2,PIM_STATUS_DATABASE_INIT_ERROR,,ACCC_BOOTSTRAP_INSTALL_FATAL_ERROR,Self-Update,repair,
2,PIM_STATUS_DOWNLOAD_ERROR,303,ACCC_BOOTSTRAP_DL_FATAL_ERROR,Fresh,repair,
2,PIM_STATUS_AAMDETECTPLUGIN_LOADED,,ACCC_BOOTSTRAP_INSTALL_FATAL_ERROR,Update,,WAM
2,PIM_STATUS_DOWNLOAD_OUTPUT_DISK_FULL,,ACCC_BOOTSTRAP_DL_RETRY,Fresh,repair,
2,PIM_STATUS_DOWNLOAD_CANCELED,PIM_STATUS_DOWNLOAD_OUTPUT_DISK_FULL,ACCC_BOOTSTRAP_DL_FATAL_ERROR,Self-Update,repair,
2,PIM_STATUS_DOWNLOAD_NETWORK_UNAVAILABLE,,ACCC_BOOTSTRAP_DL_RETRY,Self-Update,repair,
2,PIM_STATUS_DOWNLOAD_PROXY_AUTHENTICATION_REQUIRED,,ACCC_BOOTSTRAP_PIM_DL_ERROR,Fresh,,
2,PIM_STATUS_DOWNLOAD_PROXY_AUTHENTICATION_REQUIRED,,ACCC_BOOTSTRAP_DL_RETRY,Update,,WAM
2,PIM_STATUS_FILE_EXTRACTION_ERROR,,ACCC_BOOTSTRAP_PIM_DL_ERROR,Self-Update,,
2,PIM_STATUS_DATABASE_INIT_ERROR,,ACCC_BOOTSTRAP_INSTALL_FATAL_ERROR,Self-Update,true,
1,PIM_STATUS_DOWNLOAD_CANCELED,PIM_STATUS_DOWNLOAD_OUTPUT_DISK_FULL,ACCC_BOOTSTRAP_DL_FATAL_ERROR,Fresh,repair,
1,PIM_STATUS_FILE_CREATE_ERROR,,ACCC_BOOTSTRAP_INSTALL_FATAL_ERROR,Self-Update,,
1,PIM_STATUS_AAMDETECTPLUGIN_LOADED,,ACCC_BOOTSTRAP_INSTALL_FATAL_ERROR,Fresh,,WAM
1,PIM_STATUS_NOTIFIER_CLOSE_ERROR,,ACCC_BOOTSTRAP_INSTALL_FATAL_ERROR,Self-Update,true,
1,PIM_STATUS_DOWNLOAD_NETWORK_UNAVAILABLE,,ACCC_BOOTSTRAP_DL_RETRY,Self-Update,,
1,PIM_STATUS_DOWNLOAD_DATA_VALIDATION_ERROR,,ACCC_BOOTSTRAP_PIM_DL_ERROR,Self-Update,repair,
1,PIM_STATUS_PACKAGE_NOT_GENUINE,,ACCC_BOOTSTRAP_INSTALL_FATAL_ERROR,Self-Update,,
1,PIM_STATUS_NOTIFIER_CLOSE_ERROR,,ACCC_BOOTSTRAP_INSTALL_FATAL_ERROR,Self-Update,repair,
1,PIM_STATUS_DOWNLOAD_WRITE_PERMISSION,,ACCC_BOOTSTRAP_DL_FATAL_ERROR,Fresh,,WAM
1,PIM_STATUS_DATABASE_DELETE_ERROR,,ACCC_BOOTSTRAP_INSTALL_FATAL_ERROR,Fresh,,WAM
1,1988947280,,ACCC_BOOTSTRAP_PIM_DL_ERROR,Self-Update,repair,
1,1984359760,,ACCC_BOOTSTRAP_PIM_DL_ERROR,Self-Update,repair,
1,1991568796,,ACCC_BOOTSTRAP_PIM_DL_ERROR,Fresh,,
1,PIM_STATUS_DOWNLOAD_PROXY_AUTHENTICATION_REQUIRED,,ACCC_BOOTSTRAP_PIM_DL_ERROR,Self-Update,true,
1,PIM_STATUS_PACKAGE_NOT_GENUINE,,ACCC_BOOTSTRAP_INSTALL_FATAL_ERROR,Self-Update,true,
1,PIM_STATUS_DOWNLOAD_CANCELED,PIM_STATUS_DOWNLOAD_PROXY_AUTHENTICATION_REQUIRED,ACCC_BOOTSTRAP_DL_FATAL_ERROR,Self-Update,,
1,PIM_STATUS_DOWNLOAD_ERROR,303,ACCC_BOOTSTRAP_DL_FATAL_ERROR,Fresh,,WAM
1,PIM_STATUS_DOWNLOAD_DOWNLOAD_INVALID_FILE_ERROR,,ACCC_BOOTSTRAP_DL_FATAL_ERROR,Self-Update,,
1,PIM_STATUS_DOWNLOAD_SERVER_UNRESPONSIVE,,ACCC_BOOTSTRAP_DL_FATAL_ERROR,Self-Update,,
1,PIM_STATUS_NOTIFIER_CLOSE_ERROR,,ACCC_BOOTSTRAP_INSTALL_FATAL_ERROR,Fresh,,
