workflow_count,errorcode,event_type
92081,PIM_STATUS_DOWNLOAD_CANCELED,ACCC_BOOTSTRAP_DL_FATAL_ERROR
51911,PIM_STATUS_SUCCESS,ACCC_BOOTSTRAP_DL_RETRY
14978,PIM_STATUS_DOWNLOAD_ERROR,ACCC_BOOTSTRAP_DL_FATAL_ERROR
8541,PIM_STATUS_DOWNLOAD_FILE_HANDLING_ERROR,ACCC_BOOTSTRAP_DL_FATAL_ERROR
7398,PIM_STATUS_DOWNLOAD_SERVER_UNRESPONSIVE,ACCC_BOOTSTRAP_DL_RETRY
4454,PIM_STATUS_ERROR,ACCC_BOOTSTRAP_INSTALL_FATAL_ERROR
4112,PIM_STATUS_DOWNLOAD_ERROR,ACCC_BOOTSTRAP_PIM_DL_ERROR
3646,PIM_STATUS_FILE_EXTRACTION_ERROR,ACCC_BOOTSTRAP_INSTALL_FATAL_ERROR
3299,PIM_STATUS_DOWNLOAD_EXTRACTION_ERROR,ACCC_BOOTSTRAP_DL_FATAL_ERROR
2540,PIM_STATUS_DOWNLOAD_SERVER_UNRESPONSIVE,ACCC_BOOTSTRAP_PIM_DL_ERROR
2527,PIM_STATUS_FILE_NOT_FOUND,ACCC_BOOTSTRAP_INSTALL_FATAL_ERROR
2139,PIM_STATUS_DOWNLOAD_HTTP_INVALID_URL,ACCC_BOOTSTRAP_DL_FATAL_ERROR
2040,PIM_STATUS_FAILED_TO_BACKUP,ACCC_BOOTSTRAP_INSTALL_FATAL_ERROR
1876,PIM_STATUS_DOWNLOAD_DOWNLOAD_INVALID_FILE_ERROR,ACCC_BOOTSTRAP_PIM_DL_ERROR
1287,PIM_STATUS_INSUFFICIENT_FREE_DISK_SPACE,ACCC_BOOTSTRAP_INSTALL_FATAL_ERROR
880,PIM_STATUS_DOWNLOAD_DOWNLOAD_INVALID_FILE_ERROR,ACCC_BOOTSTRAP_DL_RETRY
847,PIM_STATUS_DOWNLOAD_NETWORK_UNAVAILABLE,ACCC_BOOTSTRAP_PIM_DL_ERROR
463,PIM_STATUS_DOWNLOAD_ERROR,ACCC_BOOTSTRAP_DL_RETRY
419,PIM_STATUS_FILE_CORRUPTED_PIMX,ACCC_BOOTSTRAP_INSTALL_FATAL_ERROR
407,PIM_STATUS_DOWNLOAD_SERVER_UNRESPONSIVE,ACCC_BOOTSTRAP_DL_FATAL_ERROR
