code,install_mode,selfupdate_mode,source,workflow_count
ACCC_BOOTSTRAP_DL_START,Fresh,,WAM,945660
ACCC_BOOTSTRAP_INSTALL_START,Fresh,,WAM,875597
ACCC_BOOTSTRAP_DL_END,Fresh,,WAM,874811
ACCC_BOOTSTRAP_INSTALL_END,Fresh,,WAM,837372
ACCC_BOOTSTRAP_ADMINPRIVELEGES,Self-Update,true,,191196
ACCC_BOOTSTRAP_DL_START,Auto-Update,,,169172
ACCC_BOOTSTRAP_DL_START,Fresh,repair,,167705
ACCC_BOOTSTRAP_INSTALL_START,Fresh,repair,,149140
ACCC_BOOTSTRAP_DL_END,Fresh,repair,,148906
ACCC_BOOTSTRAP_INSTALL_END,Fresh,repair,,145448
ACCC_BOOTSTRAP_INSTALL_START,Auto-Update,,,140286
ACCC_BOOTSTRAP_DL_END,Auto-Update,,,140072
ACCC_BOOTSTRAP_INSTALL_END,Auto-Update,,,134056
ACCC_BOOTSTRAP_DL_FATAL_ERROR,Fresh,,WAM,79987
ACCC_BOOTSTRAP_DL_START,Fresh,,,73076
ACCC_BOOTSTRAP_INSTALL_START,Fresh,,,65012
ACCC_BOOTSTRAP_DL_END,Fresh,,,64938
ACCC_BOOTSTRAP_ADMINPRIVELEGES,Fresh,,,60660
ACCC_BOOTSTRAP_INSTALL_END,Fresh,,,58788
ACCC_BOOTSTRAP_DL_START,Update,,WAM,56471
ACCC_BOOTSTRAP_INSTALL_START,Update,,WAM,54283
ACCC_BOOTSTRAP_DL_END,Update,,WAM,54229
ACCC_BOOTSTRAP_INSTALL_END,Update,,WAM,52212
ACCC_BOOTSTRAP_DL_RETRY,Fresh,,WAM,49623
ACCC_BOOTSTRAP_DL_START,Self-Update,repair,,39045
ACCC_BOOTSTRAP_INSTALL_START,Self-Update,repair,,32817
ACCC_BOOTSTRAP_DL_END,Self-Update,repair,,32695
ACCC_BOOTSTRAP_INSTALL_END,Self-Update,repair,,30600
ACCC_BOOTSTRAP_DL_FATAL_ERROR,Fresh,repair,,15502
ACCC_BOOTSTRAP_DL_START,Self-Update,true,,15370
ACCC_BOOTSTRAP_ADMINPRIVELEGES,Self-Update,,,14269
ACCC_BOOTSTRAP_INSTALL_START,Self-Update,true,,13879
ACCC_BOOTSTRAP_DL_END,Self-Update,true,,13858
ACCC_BOOTSTRAP_INSTALL_END,Self-Update,true,,13302
ACCC_BOOTSTRAP_DL_FATAL_ERROR,Auto-Update,,,10128
ACCC_BOOTSTRAP_INSTALL_END,Self-Update,,,9791
ACCC_BOOTSTRAP_DL_START,Self-Update,,,8487
ACCC_BOOTSTRAP_INSTALL_FATAL_ERROR,Fresh,,WAM,7778
ACCC_BOOTSTRAP_INSTALL_START,Self-Update,,,7658
ACCC_BOOTSTRAP_DL_END,Self-Update,,,7648
ACCC_BOOTSTRAP_PIM_DL_ERROR,Auto-Update,,,7429
ACCC_BOOTSTRAP_DL_FATAL_ERROR,Fresh,,,7248
ACCC_BOOTSTRAP_DL_FATAL_ERROR,Self-Update,repair,,4581
ACCC_BOOTSTRAP_DL_RETRY,Fresh,repair,,3648
ACCC_BOOTSTRAP_DL_FATAL_ERROR,Update,,WAM,2425
ACCC_BOOTSTRAP_DL_RETRY,Fresh,,,2181
ACCC_BOOTSTRAP_DL_RETRY,Update,,WAM,1925
ACCC_BOOTSTRAP_INSTALL_FATAL_ERROR,Update,,WAM,1671
ACCC_BOOTSTRAP_INSTALL_FATAL_ERROR,Fresh,repair,,1658
ACCC_BOOTSTRAP_INSTALL_FATAL_ERROR,Auto-Update,,,1491
ACCC_BOOTSTRAP_INSTALL_FATAL_ERROR,Self-Update,repair,,1479
ACCC_BOOTSTRAP_PIM_DL_ERROR,Self-Update,repair,,1430
ACCC_BOOTSTRAP_DL_FATAL_ERROR,Self-Update,true,,1408
ACCC_BOOTSTRAP_DL_RETRY,Auto-Update,,,1225
ACCC_BOOTSTRAP_DL_RETRY,Self-Update,repair,,1218
ACCC_BOOTSTRAP_INSTALL_FATAL_ERROR,Fresh,,,993
ACCC_BOOTSTRAP_PIM_DL_ERROR,Fresh,,,814
ACCC_BOOTSTRAP_DL_FATAL_ERROR,Self-Update,,,537
ACCC_BOOTSTRAP_DL_RETRY,Self-Update,true,,531
ACCC_BOOTSTRAP_HELPER_FAILURE,Self-Update,true,,384
ACCC_BOOTSTRAP_INSTALL_FATAL_ERROR,Self-Update,true,,382
ACCC_BOOTSTRAP_PIM_DL_ERROR,Self-Update,true,,299
ACCC_BOOTSTRAP_DL_RETRY,Self-Update,,,226
ACCC_BOOTSTRAP_PIM_DL_ERROR,Self-Update,,,224
ACCC_BOOTSTRAP_INSTALL_FATAL_ERROR,Self-Update,,,180
ACCC_BOOTSTRAP_HELPER_FAILURE,Fresh,,,30
ACCC_BOOTSTRAP_INIT_START,Auto-Update,,,5
ACCC_BOOTSTRAP_INIT_START,Self-Update,,,3
ACCC_BOOTSTRAP_INIT_FATAL_ERROR,Auto-Update,,,3
