workflow_count,errorcode,event_type
16,PIM_STATUS_SUCCESS,ACCC_BOOTSTRAP_DL_RETRY
15,PIM_STATUS_DOWNLOAD_NETWORK_UNAVAILABLE,ACCC_BOOTSTRAP_PIM_DL_ERROR
14,PIM_STATUS_DOWNLOAD_CANCELED,ACCC_BOOTSTRAP_DL_FATAL_ERROR
9,PIM_STATUS_DOWNLOAD_ERROR,ACCC_BOOTSTRAP_DL_FATAL_ERROR
8,PIM_STATUS_FAILED_TO_BACKUP,ACCC_BOOTSTRAP_INSTALL_FATAL_ERROR
7,PIM_STATUS_DOWNLOAD_SERVER_UNRESPONSIVE,ACCC_BOOTSTRAP_DL_RETRY
6,PIM_STATUS_DOWNLOAD_SERVER_UNRESPONSIVE,ACCC_BOOTSTRAP_PIM_DL_ERROR
6,PIM_STATUS_DOWNLOAD_ERROR,ACCC_BOOTSTRAP_DL_RETRY
2,LBS_ERROR_ADMIN_PRIVILEDGE_REQUIRED,ACCC_BOOTSTRAP_INIT_FATAL_ERROR
2,eCC_HELPER_REMOTE_OBJECT_PROXY_CREATION_FAILED,ACCC_BOOTSTRAP_HELPER_FAILURE
1,PIM_STATUS_FILE_EXTRACTION_ERROR,ACCC_BOOTSTRAP_INSTALL_FATAL_ERROR
1,PIM_STATUS_DOWNLOAD_FILE_HANDLING_ERROR,ACCC_BOOTSTRAP_DL_FATAL_ERROR
1,PIM_STATUS_FILE_NOT_FOUND,ACCC_BOOTSTRAP_INSTALL_FATAL_ERROR
1,PIM_STATUS_DOWNLOAD_EXTRACTION_ERROR,ACCC_BOOTSTRAP_DL_FATAL_ERROR
1,HELPER_BLESS_FAILED,ACCC_BOOTSTRAP_HELPER_FAILURE
1,PIM_STATUS_DOWNLOAD_HTTP_INVALID_URL,ACCC_BOOTSTRAP_DL_FATAL_ERROR
1,PIM_STATUS_DOWNLOAD_DATA_VALIDATION_ERROR,ACCC_BOOTSTRAP_DL_FATAL_ERROR
1,PIM_STATUS_DOWNLOAD_ERROR,ACCC_BOOTSTRAP_PIM_DL_ERROR
1,PIM_STATUS_DOWNLOAD_FILE_HANDLING_ERROR,ACCC_BOOTSTRAP_PIM_DL_ERROR
