code,install_mode,selfupdate_mode,source,workflow_count
ACCC_BOOTSTRAP_DL_START,Fresh,,WAM,1230
ACCC_BOOTSTRAP_INSTALL_START,Fresh,,WAM,1182
ACCC_BOOTSTRAP_DL_END,Fresh,,WAM,1181
ACCC_BOOTSTRAP_INSTALL_END,Fresh,,WAM,1164
ACCC_BOOTSTRAP_DL_END,Update,,WAM,200
ACCC_BOOTSTRAP_INSTALL_START,Update,,WAM,200
ACCC_BOOTSTRAP_DL_START,Update,,WAM,200
ACCC_BOOTSTRAP_INSTALL_END,Update,,WAM,199
ACCC_BOOTSTRAP_ADMINPRIVELEGES,Self-Update,true,,151
ACCC_BOOTSTRAP_DL_START,Auto-Update,,,150
ACCC_BOOTSTRAP_INIT_START,Auto-Update,,,148
ACCC_BOOTSTRAP_DL_END,Auto-Update,,,141
ACCC_BOOTSTRAP_INSTALL_START,Auto-Update,,,141
ACCC_BOOTSTRAP_INSTALL_END,Auto-Update,,,133
ACCC_BOOTSTRAP_DL_START,Fresh,,,108
ACCC_BOOTSTRAP_DL_END,Fresh,,,106
ACCC_BOOTSTRAP_INSTALL_START,Fresh,,,105
ACCC_BOOTSTRAP_INSTALL_END,Fresh,,,102
ACCC_BOOTSTRAP_INSTALL_END,Self-Update,true,,97
ACCC_BOOTSTRAP_DL_START,Self-Update,true,,96
ACCC_BOOTSTRAP_INSTALL_START,Self-Update,true,,95
ACCC_BOOTSTRAP_DL_END,Self-Update,true,,95
ACCC_BOOTSTRAP_ADMINPRIVELEGES,Fresh,,,64
ACCC_BOOTSTRAP_DL_END,Self-Update,,,31
ACCC_BOOTSTRAP_INSTALL_START,Self-Update,,,31
ACCC_BOOTSTRAP_INSTALL_END,Self-Update,,,31
ACCC_BOOTSTRAP_DL_START,Self-Update,,,30
ACCC_BOOTSTRAP_INIT_START,Self-Update,,,25
ACCC_BOOTSTRAP_DL_FATAL_ERROR,Fresh,,WAM,15
ACCC_BOOTSTRAP_PIM_DL_ERROR,Auto-Update,,,13
ACCC_BOOTSTRAP_DL_RETRY,Fresh,,WAM,12
ACCC_BOOTSTRAP_DL_RETRY,Auto-Update,,,7
ACCC_BOOTSTRAP_INSTALL_FATAL_ERROR,Auto-Update,,,6
ACCC_BOOTSTRAP_PIM_DL_ERROR,Fresh,,,6
ACCC_BOOTSTRAP_DL_FATAL_ERROR,Auto-Update,,,4
ACCC_BOOTSTRAP_DL_RETRY,Update,,WAM,4
ACCC_BOOTSTRAP_DL_RETRY,Self-Update,true,,3
ACCC_BOOTSTRAP_DL_FATAL_ERROR,Update,,WAM,3
ACCC_BOOTSTRAP_DL_FATAL_ERROR,Fresh,,,2
ACCC_BOOTSTRAP_INIT_FATAL_ERROR,Self-Update,,,2
ACCC_BOOTSTRAP_HELPER_FAILURE,Self-Update,true,,2
ACCC_BOOTSTRAP_DL_FATAL_ERROR,Self-Update,,,1
ACCC_BOOTSTRAP_INSTALL_FATAL_ERROR,Fresh,,,1
ACCC_BOOTSTRAP_INSTALL_FATAL_ERROR,Self-Update,,,1
ACCC_BOOTSTRAP_INSTALL_FATAL_ERROR,Self-Update,true,,1
ACCC_BOOTSTRAP_DL_RETRY,Fresh,,,1
ACCC_BOOTSTRAP_INSTALL_FATAL_ERROR,Fresh,,WAM,1
ACCC_BOOTSTRAP_DL_RETRY,Self-Update,,,1
