workflow_count,errorcode,errorsubcode,code,install_mode,selfupdate_mode,source
1240,,,ACCC_BOOTSTRAP_DL_START,Fresh,,WAM
1184,,,ACCC_BOOTSTRAP_INSTALL_START,Fresh,,WAM
1182,,,ACCC_BOOTSTRAP_DL_END,Fresh,,WAM
1177,,,ACCC_BOOTSTRAP_INSTALL_END,Fresh,,WAM
200,,,ACCC_BOOTSTRAP_DL_START,Update,,WAM
200,,,ACCC_BOOTSTRAP_INSTALL_START,Update,,WAM
200,,,ACCC_BOOTSTRAP_DL_END,Update,,WAM
199,,,ACCC_BOOTSTRAP_INSTALL_END,Update,,WAM
170,,,ACCC_BOOTSTRAP_DL_START,Auto-Update,,
167,,,ACCC_BOOTSTRAP_INIT_START,Auto-Update,,
160,,,ACCC_BOOTSTRAP_INSTALL_START,Auto-Update,,
160,,,ACCC_BOOTSTRAP_DL_END,Auto-Update,,
151,,,ACCC_BOOTSTRAP_ADMINPRIVELEGES,Self-Update,true,
151,,,ACCC_BOOTSTRAP_INSTALL_END,Auto-Update,,
108,,,ACCC_BOOTSTRAP_DL_START,Fresh,,
106,,,ACCC_BOOTSTRAP_DL_END,Fresh,,
105,,,ACCC_BOOTSTRAP_INSTALL_START,Fresh,,
102,,,ACCC_BOOTSTRAP_INSTALL_END,Fresh,,
97,,,ACCC_BOOTSTRAP_INSTALL_END,Self-Update,true,
96,,,ACCC_BOOTSTRAP_DL_START,Self-Update,true,
95,,,ACCC_BOOTSTRAP_DL_END,Self-Update,true,
95,,,ACCC_BOOTSTRAP_INSTALL_START,Self-Update,true,
64,,,ACCC_BOOTSTRAP_ADMINPRIVELEGES,Fresh,,
31,,,ACCC_BOOTSTRAP_DL_END,Self-Update,,
31,,,ACCC_BOOTSTRAP_INSTALL_START,Self-Update,,
31,,,ACCC_BOOTSTRAP_INSTALL_END,Self-Update,,
30,,,ACCC_BOOTSTRAP_DL_START,Self-Update,,
25,,,ACCC_BOOTSTRAP_INIT_START,Self-Update,,
12,PIM_STATUS_SUCCESS,,ACCC_BOOTSTRAP_DL_RETRY,Fresh,,WAM
10,PIM_STATUS_DOWNLOAD_NETWORK_UNAVAILABLE,,ACCC_BOOTSTRAP_PIM_DL_ERROR,Auto-Update,,
8,PIM_STATUS_DOWNLOAD_CANCELED,,ACCC_BOOTSTRAP_DL_FATAL_ERROR,Fresh,,WAM
6,PIM_STATUS_DOWNLOAD_ERROR,,ACCC_BOOTSTRAP_DL_FATAL_ERROR,Fresh,,WAM
6,PIM_STATUS_FAILED_TO_BACKUP,,ACCC_BOOTSTRAP_INSTALL_FATAL_ERROR,Auto-Update,,
6,PIM_STATUS_DOWNLOAD_SERVER_UNRESPONSIVE,,ACCC_BOOTSTRAP_DL_RETRY,Auto-Update,,
4,PIM_STATUS_SUCCESS,,ACCC_BOOTSTRAP_DL_RETRY,Update,,WAM
3,PIM_STATUS_DOWNLOAD_NETWORK_UNAVAILABLE,,ACCC_BOOTSTRAP_PIM_DL_ERROR,Fresh,,
3,PIM_STATUS_DOWNLOAD_ERROR,,ACCC_BOOTSTRAP_DL_RETRY,Self-Update,true,
3,PIM_STATUS_DOWNLOAD_SERVER_UNRESPONSIVE,,ACCC_BOOTSTRAP_PIM_DL_ERROR,Fresh,,
3,PIM_STATUS_DOWNLOAD_SERVER_UNRESPONSIVE,,ACCC_BOOTSTRAP_PIM_DL_ERROR,Auto-Update,,
2,PIM_STATUS_DOWNLOAD_CANCELED,PIM_STATUS_DOWNLOAD_ERROR,ACCC_BOOTSTRAP_DL_FATAL_ERROR,Fresh,,WAM
2,LBS_ERROR_ADMIN_PRIVILEDGE_REQUIRED,,ACCC_BOOTSTRAP_INIT_FATAL_ERROR,Self-Update,,
2,PIM_STATUS_DOWNLOAD_CANCELED,,ACCC_BOOTSTRAP_DL_FATAL_ERROR,Auto-Update,,
1,PIM_STATUS_DOWNLOAD_ERROR,,ACCC_BOOTSTRAP_DL_RETRY,Self-Update,,
1,PIM_STATUS_DOWNLOAD_CANCELED,,ACCC_BOOTSTRAP_DL_FATAL_ERROR,Update,,WAM
1,PIM_STATUS_DOWNLOAD_ERROR,,ACCC_BOOTSTRAP_DL_FATAL_ERROR,Fresh,,
1,PIM_STATUS_DOWNLOAD_EXTRACTION_ERROR,,ACCC_BOOTSTRAP_DL_FATAL_ERROR,Update,,WAM
1,eCC_HELPER_REMOTE_OBJECT_PROXY_CREATION_FAILED,,ACCC_BOOTSTRAP_HELPER_FAILURE,Self-Update,true,
1,PIM_STATUS_DOWNLOAD_DATA_VALIDATION_ERROR,,ACCC_BOOTSTRAP_DL_FATAL_ERROR,Fresh,,WAM
1,PIM_STATUS_DOWNLOAD_CANCELED,PIM_STATUS_DOWNLOAD_SERVER_UNRESPONSIVE,ACCC_BOOTSTRAP_DL_FATAL_ERROR,Auto-Update,,
1,HELPER_BLESS_FAILED,,ACCC_BOOTSTRAP_HELPER_FAILURE,Self-Update,true,
1,PIM_STATUS_DOWNLOAD_ERROR,,ACCC_BOOTSTRAP_DL_FATAL_ERROR,Auto-Update,,
1,PIM_STATUS_FAILED_TO_BACKUP,,ACCC_BOOTSTRAP_INSTALL_FATAL_ERROR,Self-Update,,
1,PIM_STATUS_DOWNLOAD_ERROR,,ACCC_BOOTSTRAP_DL_RETRY,Auto-Update,,
1,PIM_STATUS_DOWNLOAD_FILE_HANDLING_ERROR,,ACCC_BOOTSTRAP_PIM_DL_ERROR,Fresh,,
1,PIM_STATUS_DOWNLOAD_ERROR,,ACCC_BOOTSTRAP_PIM_DL_ERROR,Auto-Update,,
1,PIM_STATUS_FILE_EXTRACTION_ERROR,,ACCC_BOOTSTRAP_INSTALL_FATAL_ERROR,Fresh,,
1,PIM_STATUS_FILE_NOT_FOUND,,ACCC_BOOTSTRAP_INSTALL_FATAL_ERROR,Fresh,,WAM
1,PIM_STATUS_FAILED_TO_BACKUP,,ACCC_BOOTSTRAP_INSTALL_FATAL_ERROR,Self-Update,true,
1,PIM_STATUS_DOWNLOAD_ERROR,,ACCC_BOOTSTRAP_DL_FATAL_ERROR,Update,,WAM
1,PIM_STATUS_DOWNLOAD_ERROR,,ACCC_BOOTSTRAP_DL_RETRY,Fresh,,
1,PIM_STATUS_DOWNLOAD_HTTP_INVALID_URL,,ACCC_BOOTSTRAP_DL_FATAL_ERROR,Fresh,,WAM
1,PIM_STATUS_DOWNLOAD_CANCELED,,ACCC_BOOTSTRAP_DL_FATAL_ERROR,Self-Update,,
1,PIM_STATUS_DOWNLOAD_FILE_HANDLING_ERROR,,ACCC_BOOTSTRAP_DL_FATAL_ERROR,Fresh,,
