product,errorcode,errortype,ecount
LRCC,301,GenericError,3
SPRK,305,GenericError,3
AICY,301,GenericError,3
LRCC,305,GenericError,2
KBRG,301,GenericError,2
ILST,305,GenericError,2
PHSP,305,GenericError,2
AICY,190,GenericError,2
FLPR,305,GenericError,2
KBRG,305,GenericError,2
DRWV,305,GenericError,2
AUDT,305,GenericError,2
AICY,113,GenericError,1
DRWV,303,GenericError,1
AUDT,190,GenericError,1
IDSN,108,GenericError,1
CHAR,305,GenericError,1
SPRK,191,GenericError,1
AICY,305,GenericError,1
ILST,113,GenericError,1
IDSN,305,GenericError,1
SPRK,127,ExtractionError,1
LTRM,305,GenericError,1
CHAR,303,GenericError,1
AICY,108,GenericError,1
FLPR,303,GenericError,1
IDSN,,DownloadError,1
LTRM,119,GenericError,1
AUDT,303,GenericError,1
ILST,108,GenericError,1
LTRM,303,GenericError,1
IDSN,301,GenericError,1
IDSN,113,GenericError,0
AUDT,108,GenericError,0
PHSP,127,ExtractionError,0
