product,errorcode,errortype,ecount
PHSP,183,InstallationError,8
PHSP,125,DownloadError,7
SPRK,191,InstallationError,5
KBRG,305,GenericError,4
SPRK,192,InstallationError,4
AME,125,DownloadError,4
PPRO,305,GenericError,4
AME,305,GenericError,4
PHSP,121,DownloadError,4
ILST,113,DownloadError,3
IDSN,190,InstallationError,3
IDSN,305,GenericError,3
AUDT,301,GenericError,3
ILST,305,GenericError,3
LRCC,305,GenericError,3
AME,113,DownloadError,3
CHAR,125,DownloadError,3
ESHR,305,GenericError,3
SPRK,305,GenericError,3
IDSN,113,DownloadError,2
DRWV,125,DownloadError,2
PHSP,301,GenericError,2
PHSP,305,GenericError,2
ILST,125,DownloadError,2
RUSH,125,DownloadError,2
DRWV,113,DownloadError,2
IDSN,125,DownloadError,2
PHSP,403,GenericError,2
DRWV,177,InstallationError,2
KBRG,125,DownloadError,1
PPRO,113,DownloadError,1
LRCC,,DownloadError,1
NGLR,107,InstallationError,1
AICY,190,InstallationError,1
FLPR,128,InstallationError,1
AEFT,113,DownloadError,1
IDSN,107,InstallationError,1
LTRM,305,GenericError,1
AEFT,,DownloadError,1
AUDT,125,DownloadError,1
KBRG,128,InstallationError,1
PHSP,,DownloadError,1
KBRG,301,GenericError,1
PHSP,113,DownloadError,1
DRWV,305,GenericError,1
AME,301,GenericError,1
AME,190,InstallationError,1
LRCC,113,DownloadError,1
SPRK,125,DownloadError,1
ESHR,125,DownloadError,1
PHSP,143,InstallationError,1
FLPR,113,DownloadError,1
CHAR,113,DownloadError,1
LTRM,113,DownloadError,1
AEFT,125,DownloadError,1
AUDT,113,DownloadError,1
