product,vers,code,ecount,etype
KBRG,7.0,ACCC_DL_START,13,HD
AME,13.0,ACCC_ERROR,6,HD
DRWV,16.0.0,ACCC_APPS_DL_CANCEL,1,RIBS
PHSP,19.1.6,ACCC_INSTALL_END,72,HD
LRCC,2.0,ACCC_DL_START,39,HD
LTRM,6.0,ACCC_DL_START,14,RIBS
AUDT,10.1.2,ACCC_APPS_HD_CANCEL,3,HD
AUDT,12.0,ACCC_DL_START,45,HD
RUSH,0.1.0,ACCC_DL_START,5,HD
PPRO,12.0.1,ACCC_INSTALL_END,1,HD
DRWV,18.1,ACCC_DL_START,3,HD
ANMLBETA,1.0.6,ACCC_INSTALL_END,10,HD
IDSN,13.1,ACCC_ERROR,1,HD
ESHR,1.1.2,ACCC_INSTALL_END,6,HD
AME,13.0,ACCC_APPS_HD_CANCEL,35,HD
LRCC,1.5,ACCC_DL_START,78,HD
FLPR,15.1,ACCC_DL_START,8,RIBS
AEFT,13.5,ACCC_DL_START,8,RIBS
AICY,13.1,ACCC_INSTALL_END,42,HD
PHSP,15.0,ACCC_INSTALL_END,13,RIBS
PRLD,6.1.3,ACCC_APPS_HD_CANCEL,1,HD
AEFT,12.0,ACCC_INSTALL_END,8,RIBS
IDSN,13.0,ACCC_INSTALL_END,1,HD
IDSN,14.0,ACCC_INSTALL_END,83,HD
KBRG,9.0,ACCC_ERROR,5,HD
FLPR,15.2.1,ACCC_INSTALL_END,8,HD
DRWV,18.2,ACCC_APPS_HD_CANCEL,3,HD
APRO,18.0,ACCC_ERROR,1,PKG
PHSP,13.0,ACCC_DL_START,13,RIBS
PPRO,11.1.4,ACCC_DL_START,12,HD
PRLD,2.0,ACCC_DL_START,6,RIBS
LRCC,1.5,ACCC_APPS_HD_CANCEL,2,HD
PHSP,19.1.3,ACCC_DL_START,1,HD
SPRK,0.8.22,ACCC_INSTALL_END,1,HD
ILST,22.0.2,ACCC_DL_START,1,HD
AME,11.1.4,ACCC_INSTALL_END,16,HD
IDSN,13.0.1,ACCC_INSTALL_END,2,HD
KBRG,9.0,ACCC_APPS_HD_CANCEL,21,HD
SPRK,12.0.12,ACCC_DL_START,60,HD
IDSN,11.0,ACCC_INSTALL_END,10,RIBS
APRO,18.0,ACCC_INSTALL_END,4,PKG
APRO,19.0,ACCC_DL_START,5,PKG
AICY,9.0,ACCC_DL_START,6,RIBS
LTRM,7.3,ACCC_APPS_HD_CANCEL,1,HD
FLPR,18.0,ACCC_DL_START,1,HD
SPRK,12.0.12,ACCC_APPS_HD_CANCEL,7,HD
IDSN,14.0,ACCC_ERROR,8,HD
PRLD,8.0,ACCC_DL_START,29,HD
LTRM,4.4,ACCC_DL_START,1,RIBS
AUDT,11.0.2,ACCC_ERROR,1,HD
APRO,19.0,ACCC_INSTALL_END,22,APP
AUDT,6.0,ACCC_INSTALL_END,8,RIBS
AICY,13.0.1,ACCC_INSTALL_END,1,HD
ILST,22.1,ACCC_DL_START,68,HD
DRWV,18.0,ACCC_DL_START,1,HD
SPRK,11.0.22,ACCC_APPS_HD_CANCEL,5,HD
FLPR,18.0.2,ACCC_ERROR,1,HD
CHAR,1.5,ACCC_ERROR,1,HD
KBRG,9.0,ACCC_DL_START,76,HD
AEFT,16.0,ACCC_INSTALL_END,54,HD
EDGE,6.0,ACCC_DL_START,1,RIBS
AEFT,15.1.2,ACCC_DL_START,52,HD
AICY,13.1,ACCC_APPS_HD_CANCEL,1,HD
DRWV,18.0,ACCC_INSTALL_END,1,HD
FLPR,13.0,ACCC_INSTALL_END,8,RIBS
SPRK,12.0.12,ACCC_INSTALL_END,57,HD
PPRO,13.0,ACCC_DL_START,64,HD
PPRO,6.0,ACCC_DL_START,13,RIBS
ESHR,2.0,ACCC_ERROR,2,HD
DRWV,18.0,ACCC_APPS_HD_CANCEL,1,HD
ESHR,2.0,ACCC_DL_START,46,HD
AEFT,15.1,ACCC_DL_START,1,HD
AEFT,15.1.1,ACCC_DL_START,1,HD
LRCC,1.5,ACCC_ERROR,1,HD
LTRM,5.7.1,ACCC_DL_START,9,MSI
CHAR,2.0,ACCC_DL_START,60,HD
KBRG,8.1,ACCC_APPS_HD_CANCEL,4,HD
NGLR,1.0,ACCC_INSTALL_END,7,HD
ESHR,2.0,ACCC_APPS_HD_CANCEL,3,HD
KBRG,6.0,ACCC_APPS_DL_CANCEL,1,RIBS
FUSE,2017.1,ACCC_APPS_DL_CANCEL,4,RIBS
ILST,22.0.1,ACCC_INSTALL_END,1,HD
AEFT,15.1.2,ACCC_APPS_HD_CANCEL,5,HD
FLPR,12.0,ACCC_DL_START,9,RIBS
PPRO,12.1.2,ACCC_DL_START,54,HD
PHSP,15.0,ACCC_DL_START,13,RIBS
PHSP,19.1.6,ACCC_ERROR,5,HD
AUDT,11.0.2,ACCC_DL_START,3,HD
FLPR,14.0,ACCC_INSTALL_END,8,RIBS
DRWV,19.0,ACCC_INSTALL_END,36,HD
FLPR,19.0,ACCC_APPS_HD_CANCEL,5,HD
AICY,14.0,ACCC_INSTALL_END,34,HD
ILST,20.1.0,ACCC_INSTALL_END,10,HD
AME,12.0.0,ACCC_DL_START,1,HD
LRCC,1.3,ACCC_DL_START,1,HD
PRLD,6.1.3,ACCC_DL_START,7,HD
SPRK,11.0.22,ACCC_ERROR,1,HD
AUDT,11.1,ACCC_DL_START,25,HD
PHSP,19.1.4,ACCC_INSTALL_END,1,HD
ILST,17.0,ACCC_DL_START,14,RIBS
SPRK,0.8.22,ACCC_DL_START,1,HD
IDSN,10.0,ACCC_DL_START,11,RIBS
DRWV,17.5.0,ACCC_APPS_HD_CANCEL,1,HD
DRWV,19.1,ACCC_INSTALL_END,49,HD
PHSP,19.1.6,ACCC_APPS_HD_CANCEL,20,HD
IDSN,13.0.1,ACCC_DL_START,2,HD
ILST,23.0,ACCC_APPS_HD_CANCEL,13,HD
AICY,14.0,ACCC_ERROR,1,HD
PPRO,12.1,ACCC_DL_START,1,HD
FUSE,2015.1,ACCC_APPS_DL_CANCEL,1,RIBS
DRWV,13.0.0,ACCC_DL_START,11,RIBS
LRCC,1.2,ACCC_DL_START,1,HD
ILST,19.2.1,ACCC_INSTALL_END,13,HD
LTRM,7.4,ACCC_INSTALL_END,1,HD
DRWV,15.0.0,ACCC_DL_START,13,RIBS
LTRM,5.7.1,ACCC_INSTALL_END,9,MSI
ILST,16.0,ACCC_INSTALL_END,12,RIBS
DRWV,13.0.0,ACCC_INSTALL_END,11,RIBS
PRLD,7.1.1,ACCC_DL_START,42,HD
PHSP,19.1.5,ACCC_DL_START,4,HD
APRO,18.0,ACCC_DL_START,4,PKG
FUSE,2017.1,ACCC_DL_START,25,RIBS
LRCC,1.3,ACCC_APPS_HD_CANCEL,1,HD
ILST,19.2.1,ACCC_DL_START,13,HD
LTRM,5.7.1,ACCC_INSTALL_END,5,PKG
IDSN,13.1,ACCC_DL_START,58,HD
KBRG,8.1,ACCC_ERROR,1,HD
ILST,22.1,ACCC_APPS_HD_CANCEL,10,HD
FUSE,2015.1,ACCC_INSTALL_END,1,RIBS
KETK,4.0,ACCC_INSTALL_END,3,RIBS
ILST,21.1.0,ACCC_APPS_HD_CANCEL,2,HD
AEFT,12.0,ACCC_DL_START,9,RIBS
FLPR,15.2.1,ACCC_APPS_HD_CANCEL,1,HD
KBRG,8.1,ACCC_INSTALL_END,65,HD
KEMN,7.0,ACCC_DL_START,1,RIBS
ESHR,1.1.1,ACCC_INSTALL_END,38,HD
ILST,16.0,ACCC_DL_START,13,RIBS
IDSN,12.1.0,ACCC_DL_START,16,HD
LTRM,5.7.1,ACCC_DL_START,5,PKG
PHSP,17.0.2,ACCC_INSTALL_END,14,HD
AME,12.1.1,ACCC_DL_START,2,HD
AEFT,15.1.2,ACCC_INSTALL_END,48,HD
KBRG,9.0,ACCC_INSTALL_END,62,HD
IDSN,10.0,ACCC_INSTALL_END,10,RIBS
PHSP,17.0.2,ACCC_DL_START,15,HD
ILST,23.1,ACCC_INSTALL_END,38,HD
KETK,4.0,ACCC_DL_START,3,RIBS
KBRG,8.1,ACCC_DL_START,67,HD
RUSH,1.0,ACCC_ERROR,2,HD
AICY,10.0,ACCC_INSTALL_END,7,RIBS
LTRM,8.0,ACCC_APPS_HD_CANCEL,5,HD
LTRM,7.5,ACCC_INSTALL_END,45,HD
AEFT,11.0,ACCC_INSTALL_END,9,RIBS
AEFT,16.1,ACCC_ERROR,2,HD
PHSP,20.0,ACCC_ERROR,13,HD
AME,13.0,ACCC_DL_START,115,HD
CHAR,1.5,ACCC_INSTALL_END,45,HD
KBRG,6.3.1,ACCC_DL_START,12,HD
ILST,22.0.0,ACCC_INSTALL_END,1,HD
FLPR,15.2.1,ACCC_DL_START,9,HD
PRLD,7.1.1,ACCC_INSTALL_END,41,HD
MUSE,2018.0,ACCC_INSTALL_END,1,HD
AICY,9.0,ACCC_INSTALL_END,6,RIBS
AUDT,11.0.2,ACCC_INSTALL_END,3,HD
KBRG,6.0,ACCC_INSTALL_END,10,RIBS
FLPR,19.0,ACCC_INSTALL_END,44,HD
IDSN,14.0,ACCC_APPS_HD_CANCEL,13,HD
AME,12.1.2,ACCC_DL_START,73,HD
AEFT,16.0,ACCC_APPS_HD_CANCEL,10,HD
ILST,21.1.0,ACCC_DL_START,14,HD
AUDT,11.1.1,ACCC_APPS_HD_CANCEL,5,HD
LRCC,1.4,ACCC_DL_START,2,HD
AEFT,16.1,ACCC_INSTALL_END,9,HD
ILST,18.0,ACCC_ERROR,1,RIBS
FLPR,15.0,ACCC_DL_START,1,RIBS
PHSP,19.1.2,ACCC_INSTALL_END,1,HD
ILST,20.1.0,ACCC_DL_START,10,HD
LTRM,7.5,ACCC_APPS_HD_CANCEL,1,HD
DRWV,15.0.0,ACCC_INSTALL_END,13,RIBS
DRWV,17.5.0,ACCC_INSTALL_END,12,HD
ILST,23.0,ACCC_DL_START,100,HD
AUDT,5.0,ACCC_INSTALL_END,10,RIBS
SPRK,5.0.12,ACCC_APPS_HD_CANCEL,2,HD
FUSE,2015.1,ACCC_DL_START,2,RIBS
LRCC,1.2,ACCC_APPS_HD_CANCEL,1,HD
APRO,19.0,ACCC_INSTALL_END,4,PKG
AEFT,15.1.1,ACCC_INSTALL_END,1,HD
PPRO,11.1.4,ACCC_INSTALL_END,12,HD
LTRM,6.0,ACCC_INSTALL_END,14,RIBS
AEFT,11.0,ACCC_DL_START,9,RIBS
SPRK,12.0.12,ACCC_ERROR,9,HD
AUDT,12.0,ACCC_APPS_HD_CANCEL,4,HD
IDSN,9.0,ACCC_DL_START,10,RIBS
FLPR,16.5.1,ACCC_APPS_HD_CANCEL,1,HD
SPRK,11.0.22,ACCC_DL_START,66,HD
AEFT,13.5,ACCC_INSTALL_END,8,RIBS
LTRM,7.3,ACCC_ERROR,1,HD
AICY,8.0,ACCC_INSTALL_END,6,RIBS
LTRM,4.4,ACCC_INSTALL_END,1,RIBS
FLPR,15.0,ACCC_INSTALL_END,1,RIBS
IDSN,12.1.0,ACCC_INSTALL_END,14,HD
FLPR,18.0.1,ACCC_DL_START,1,HD
AICY,11.0,ACCC_DL_START,6,RIBS
AICY,13.0.1,ACCC_DL_START,1,HD
CHAR,2.0,ACCC_APPS_HD_CANCEL,4,HD
AEFT,14.2.2,ACCC_DL_START,10,HD
LTRM,7.4,ACCC_APPS_HD_CANCEL,1,HD
LRCC,1.4,ACCC_INSTALL_END,1,HD
NGLR,1.0,ACCC_DL_START,8,HD
AICY,12.0.0,ACCC_DL_START,11,HD
PRLD,7.1.1,ACCC_APPS_HD_CANCEL,2,HD
AME,12.1.2,ACCC_APPS_HD_CANCEL,12,HD
ESHR,1.1,ACCC_DL_START,1,HD
AME,11.1.4,ACCC_DL_START,18,HD
AICY,14.0,ACCC_APPS_HD_CANCEL,4,HD
ESHR,1.1.1,ACCC_DL_START,38,HD
ESHR,2.0,ACCC_INSTALL_END,43,HD
KEMN,7.0,ACCC_INSTALL_END,1,RIBS
APRO,18.0,ACCC_DL_START,5,APP
AME,12.1.1,ACCC_INSTALL_END,2,HD
PHSP,17.0.2,ACCC_APPS_HD_CANCEL,2,HD
RUSH,1.0,ACCC_APPS_HD_CANCEL,4,HD
FLPR,19.0,ACCC_ERROR,1,HD
PHSP,14.0,ACCC_APPS_DL_CANCEL,1,RIBS
AICY,14.0,ACCC_DL_START,35,HD
AUDT,12.0,ACCC_INSTALL_END,43,HD
LRCC,1.5,ACCC_INSTALL_END,76,HD
IDSN,12.1.0,ACCC_APPS_HD_CANCEL,2,HD
LRCC,1.4,ACCC_APPS_HD_CANCEL,2,HD
DRWV,16.0.0,ACCC_DL_START,13,RIBS
DRWV,18.2,ACCC_DL_START,50,HD
AME,12.1.2,ACCC_INSTALL_END,65,HD
EDGE,6.0,ACCC_APPS_INSTALL_CANCEL,1,RIBS
ILST,23.1,ACCC_DL_START,40,HD
PHSP,13.0,ACCC_INSTALL_END,11,RIBS
KBRG,6.3.1,ACCC_APPS_HD_CANCEL,1,HD
ILST,21.1.0,ACCC_INSTALL_END,13,HD
PPRO,7.0,ACCC_INSTALL_END,8,RIBS
SPRK,10.0.12,ACCC_APPS_HD_CANCEL,1,HD
AEFT,14.2.2,ACCC_INSTALL_END,10,HD
PHSP,19.1.3,ACCC_INSTALL_END,1,HD
FLPR,15.1,ACCC_INSTALL_END,8,RIBS
MUSE,2018.0,ACCC_DL_START,1,HD
PRLD,2.0,ACCC_INSTALL_END,6,RIBS
FLPR,16.5.1,ACCC_INSTALL_END,9,HD
PPRO,6.0,ACCC_INSTALL_END,12,RIBS
DRWV,19.0,ACCC_DL_START,37,HD
FUSE,2017.1,ACCC_ERROR,4,RIBS
AUDT,5.0,ACCC_DL_START,10,RIBS
DRWV,19.0,ACCC_APPS_HD_CANCEL,5,HD
ESHR,1.1.2,ACCC_DL_START,6,HD
DRWV,12.0.0,ACCC_INSTALL_END,11,RIBS
PHSP,18.1.6,ACCC_APPS_HD_CANCEL,4,HD
ILST,23.0,ACCC_ERROR,5,HD
AICY,8.0,ACCC_DL_START,6,RIBS
PRLD,1.0,ACCC_INSTALL_END,7,RIBS
APRO,19.0,ACCC_ERROR,1,APP
AICY,13.1,ACCC_DL_START,43,HD
ILST,22.0.0,ACCC_DL_START,1,HD
PHSP,19.1.5,ACCC_INSTALL_END,3,HD
PHSP,20.0,ACCC_INSTALL_END,139,HD
PHSP,18.1.6,ACCC_DL_START,20,HD
ESHR,1.1.2,ACCC_ERROR,1,HD
PPRO,12.0.1,ACCC_ERROR,1,HD
PHSP,18.1.6,ACCC_INSTALL_END,18,HD
PHSP,20.0,ACCC_APPS_HD_CANCEL,33,HD
SPRK,10.0.12,ACCC_DL_START,1,HD
PHSP,14.0,ACCC_INSTALL_END,12,RIBS
ILST,18.0,ACCC_INSTALL_END,12,RIBS
RUSH,1.0,ACCC_DL_START,42,HD
PHSP,16.0,ACCC_INSTALL_END,13,RIBS
AEFT,16.1,ACCC_APPS_HD_CANCEL,1,HD
LTRM,7.4,ACCC_DL_START,1,HD
FLPR,19.0,ACCC_DL_START,48,HD
PHSP,16.0,ACCC_DL_START,14,RIBS
PHSP,14.0,ACCC_DL_START,13,RIBS
FLPR,18.0.2,ACCC_APPS_HD_CANCEL,4,HD
PPRO,12.0.0,ACCC_DL_START,1,HD
FLPR,18.0.1,ACCC_INSTALL_END,1,HD
PPRO,6.0,ACCC_APPS_DL_CANCEL,1,RIBS
FLPR,16.5.1,ACCC_DL_START,10,HD
AICY,11.0,ACCC_INSTALL_END,6,RIBS
SPRK,0.6.32,ACCC_DL_START,1,HD
PHSP,19.1.2,ACCC_DL_START,1,HD
ESHR,1.1.2,ACCC_APPS_HD_CANCEL,1,HD
APRO,19.0,ACCC_APPS_DL_CANCEL,1,APP
PPRO,13.0,ACCC_INSTALL_END,60,HD
PRLD,8.0,ACCC_INSTALL_END,25,HD
DRWV,19.0,ACCC_ERROR,1,HD
DRWV,18.1,ACCC_APPS_HD_CANCEL,1,HD
LTRM,8.0,ACCC_INSTALL_END,43,HD
AUDT,6.0,ACCC_DL_START,8,RIBS
NGLR,1.0,ACCC_APPS_HD_CANCEL,1,HD
AUDT,11.1.1,ACCC_DL_START,49,HD
LRCC,1.4,ACCC_ERROR,1,HD
SPRK,5.0.12,ACCC_INSTALL_END,3,HD
IDSN,13.1,ACCC_INSTALL_END,57,HD
AUDT,11.1.1,ACCC_INSTALL_END,46,HD
ANMLBETA,1.0.6,ACCC_DL_START,10,HD
IDSN,8.0,ACCC_APPS_DL_CANCEL,1,RIBS
FLPR,18.0.2,ACCC_DL_START,48,HD
IDSN,8.0,ACCC_INSTALL_END,10,RIBS
AEFT,13.0,ACCC_INSTALL_END,8,RIBS
AME,11.1.4,ACCC_APPS_HD_CANCEL,2,HD
IDSN,9.0,ACCC_INSTALL_END,10,RIBS
ILST,22.0.1,ACCC_DL_START,1,HD
FUSE,2017.1,ACCC_INSTALL_END,19,RIBS
RUSH,0.1.0,ACCC_INSTALL_END,4,HD
IDSN,13.1,ACCC_APPS_HD_CANCEL,2,HD
LRCC,2.0,ACCC_INSTALL_END,36,HD
PPRO,13.0,ACCC_ERROR,2,HD
PRLD,8.0,ACCC_APPS_HD_CANCEL,5,HD
SHDW,1.5,ACCC_DL_START,1,MSI
APRO,18.0,ACCC_INSTALL_END,5,APP
DRWV,18.1,ACCC_INSTALL_END,2,HD
FLPR,13.0,ACCC_DL_START,8,RIBS
FLPR,14.0,ACCC_DL_START,8,RIBS
PHSP,19.1.4,ACCC_APPS_HD_CANCEL,2,HD
SPRK,11.0.22,ACCC_INSTALL_END,62,HD
PPRO,13.0,ACCC_APPS_HD_CANCEL,8,HD
ESHR,1.1,ACCC_INSTALL_END,1,HD
ILST,18.0,ACCC_DL_START,12,RIBS
LTRM,6.0,ACCC_APPS_DL_CANCEL,1,RIBS
LTRM,7.5,ACCC_DL_START,45,HD
ILST,22.1,ACCC_INSTALL_END,62,HD
DRWV,19.1,ACCC_ERROR,4,HD
SPRK,5.0.12,ACCC_DL_START,4,HD
DRWV,12.0.0,ACCC_DL_START,11,RIBS
LTRM,8.0,ACCC_DL_START,45,HD
PRLD,1.0,ACCC_DL_START,7,RIBS
AUDT,11.1,ACCC_INSTALL_END,25,HD
KBRG,6.0,ACCC_DL_START,11,RIBS
PPRO,12.1,ACCC_INSTALL_END,1,HD
APRO,19.0,ACCC_DL_START,23,APP
PHSP,19.1.5,ACCC_APPS_HD_CANCEL,2,HD
ILST,17.0,ACCC_APPS_DL_CANCEL,1,RIBS
DRWV,17.5.0,ACCC_DL_START,12,HD
ILST,16.0,ACCC_APPS_DL_CANCEL,1,RIBS
ILST,23.1,ACCC_APPS_HD_CANCEL,5,HD
KBRG,6.3.1,ACCC_INSTALL_END,11,HD
DRWV,18.2,ACCC_ERROR,2,HD
AUDT,10.1.2,ACCC_DL_START,12,HD
DRWV,19.1,ACCC_DL_START,54,HD
DRWV,19.1,ACCC_APPS_HD_CANCEL,4,HD
PPRO,7.0,ACCC_DL_START,8,RIBS
PHSP,19.1.6,ACCC_DL_START,82,HD
PPRO,12.0.1,ACCC_DL_START,1,HD
IDSN,14.0,ACCC_DL_START,94,HD
DRWV,16.0.0,ACCC_INSTALL_END,13,RIBS
PHSP,19.1.4,ACCC_DL_START,2,HD
AME,12.0.0,ACCC_INSTALL_END,1,HD
SHDW,1.5,ACCC_INSTALL_END,1,MSI
LRCC,2.0,ACCC_APPS_HD_CANCEL,3,HD
AEFT,15.1,ACCC_INSTALL_END,1,HD
AUDT,11.1,ACCC_APPS_HD_CANCEL,2,HD
KBRG,7.0,ACCC_INSTALL_END,12,HD
AME,12.1.2,ACCC_ERROR,2,HD
AUDT,10.1.2,ACCC_INSTALL_END,9,HD
AEFT,16.1,ACCC_DL_START,10,HD
SPRK,0.6.32,ACCC_INSTALL_END,1,HD
IDSN,8.0,ACCC_DL_START,11,RIBS
ILST,22.0.2,ACCC_INSTALL_END,1,HD
ILST,22.1,ACCC_ERROR,1,HD
LTRM,7.3,ACCC_DL_START,1,HD
DRWV,18.0,ACCC_ERROR,1,HD
LTRM,7.3,ACCC_INSTALL_END,1,HD
PPRO,12.1.2,ACCC_APPS_HD_CANCEL,1,HD
CHAR,2.0,ACCC_ERROR,3,HD
AEFT,16.0,ACCC_DL_START,60,HD
PHSP,20.0,ACCC_DL_START,156,HD
AUDT,11.1.1,ACCC_ERROR,2,HD
PHSP,13.0,ACCC_ERROR,1,RIBS
PPRO,12.0.0,ACCC_APPS_HD_CANCEL,1,HD
FLPR,18.0,ACCC_INSTALL_END,1,HD
FLPR,12.0,ACCC_INSTALL_END,9,RIBS
ILST,23.0,ACCC_INSTALL_END,91,HD
SPRK,10.0.12,ACCC_INSTALL_END,1,HD
PPRO,12.1.2,ACCC_INSTALL_END,53,HD
AEFT,13.0,ACCC_DL_START,10,RIBS
ILST,17.0,ACCC_INSTALL_END,12,RIBS
RUSH,0.1.0,ACCC_APPS_HD_CANCEL,1,HD
RUSH,1.0,ACCC_INSTALL_END,39,HD
PRLD,6.1.3,ACCC_INSTALL_END,6,HD
AME,13.0,ACCC_INSTALL_END,89,HD
DRWV,18.2,ACCC_INSTALL_END,49,HD
CHAR,2.0,ACCC_INSTALL_END,57,HD
CHAR,1.5,ACCC_DL_START,45,HD
IDSN,11.0,ACCC_DL_START,10,RIBS
FLPR,18.0.2,ACCC_INSTALL_END,45,HD
IDSN,13.0,ACCC_DL_START,1,HD
AICY,10.0,ACCC_DL_START,7,RIBS
AICY,12.0.0,ACCC_INSTALL_END,11,HD
