product,vers,code,ecount,etype
AICY,13.1,ACCC_APPS_HD_CANCEL,2,HD
DRWV,18.0,ACCC_INSTALL_END,1,HD
SPRK,11.0.22,ACCC_ERROR,5,HD
SPRK,12.0.12,ACCC_INSTALL_END,68,HD
IDSN,13.0.1,ACCC_DL_START,7,HD
SPRK,10.0.12,ACCC_APPS_HD_CANCEL,1,HD
AUDT,11.1,ACCC_DL_START,36,HD
FLPR,18.0.2,ACCC_APPS_HD_CANCEL,5,HD
FLPR,19.0,ACCC_DL_START,55,HD
ILST,23.0,ACCC_APPS_HD_CANCEL,17,HD
AICY,14.0,ACCC_ERROR,1,HD
APRO,19.0,ACCC_INSTALL_END,24,APP
FLPR,18.0.2,ACCC_DL_START,54,HD
IDSN,8.0,ACCC_INSTALL_END,10,RIBS
PHSP,19.1.3,ACCC_DL_START,3,HD
PHSP,19.1,ACCC_DL_START,1,HD
ESHR,1.1.2,ACCC_APPS_HD_CANCEL,1,HD
APRO,19.0,ACCC_APPS_DL_CANCEL,1,APP
DRWV,19.1,ACCC_ERROR,4,HD
SPRK,12.0.12,ACCC_APPS_HD_CANCEL,11,HD
PRLD,8.0,ACCC_APPS_HD_CANCEL,6,HD
SHDW,1.5,ACCC_DL_START,1,MSI
IDSN,13.1,ACCC_DL_START,72,HD
KBRG,8.1,ACCC_ERROR,1,HD
SPRK,0.8.22,ACCC_APPS_HD_CANCEL,1,HD
PPRO,12.0.1,ACCC_DL_START,1,HD
SPRK,10.0.12,ACCC_INSTALL_END,2,HD
DRWV,18.2,ACCC_ERROR,2,HD
AUDT,11.0.1,ACCC_INSTALL_END,3,HD
SPRK,5.0.12,ACCC_DL_START,9,HD
AUDT,11.1.1,ACCC_ERROR,3,HD
PPRO,12.1.2,ACCC_INSTALL_END,62,HD
IDSN,13.0,ACCC_DL_START,3,HD
SPRK,0.6.32,ACCC_INSTALL_END,1,HD
NGLR,0.2,ACCC_ERROR,1,HD
PRLD,7.1.1,ACCC_APPS_HD_CANCEL,2,HD
AICY,12.0.0,ACCC_DL_START,11,HD
AEFT,16.0,ACCC_DL_START,71,HD
IDSN,13.0.1,ACCC_INSTALL_END,7,HD
PHSP,18.1.6,ACCC_INSTALL_END,22,HD
IDSN,11.0,ACCC_DL_START,11,RIBS
FLPR,18.0.2,ACCC_INSTALL_END,50,HD
AICY,10.0,ACCC_DL_START,7,RIBS
DRWV,13.0.0,ACCC_INSTALL_END,11,RIBS
ILST,23.0,ACCC_INSTALL_END,99,HD
IDSN,14.0,ACCC_DL_START,115,HD
AUDT,6.0,ACCC_INSTALL_END,8,RIBS
AUDT,11.0.2,ACCC_ERROR,1,HD
AUDT,11.0.1,ACCC_DL_START,3,HD
KETK,4.0,ACCC_INSTALL_END,6,RIBS
ILST,21.1.0,ACCC_APPS_HD_CANCEL,3,HD
FLPR,19.0,ACCC_INSTALL_END,50,HD
IDSN,14.0,ACCC_APPS_HD_CANCEL,18,HD
ILST,23.0,ACCC_DL_START,113,HD
PHSP,20.0,ACCC_APPS_HD_CANCEL,39,HD
SPRK,10.0.12,ACCC_DL_START,2,HD
LTRM,7.5,ACCC_INSTALL_END,54,HD
CHAR,1.5,ACCC_APPS_HD_CANCEL,3,HD
LRCC,1.3,ACCC_DL_START,3,HD
PRLD,6.1.3,ACCC_DL_START,8,HD
FLPR,15.0,ACCC_INSTALL_END,1,RIBS
APRO,18.0,ACCC_APPS_INSTALL_CANCEL,1,APP
PHSP,19.0,ACCC_INSTALL_END,1,HD
IDSN,8.0,ACCC_DL_START,11,RIBS
APRO,19.0,ACCC_DL_START,25,APP
PRLD,6.1.3,ACCC_INSTALL_END,7,HD
ILST,21.0.2,ACCC_DL_START,1,HD
AICY,13.0.1,ACCC_INSTALL_END,3,HD
IDSN,12.1.0,ACCC_DL_START,20,HD
LRCC,1.4,ACCC_DL_START,3,HD
KBRG,8.1,ACCC_INSTALL_END,77,HD
KEMN,7.0,ACCC_DL_START,2,RIBS
FLPR,15.2.1,ACCC_APPS_HD_CANCEL,1,HD
ESHR,1.1.1,ACCC_DL_START,49,HD
AICY,14.0,ACCC_APPS_HD_CANCEL,5,HD
PHSP,19.1.2,ACCC_INSTALL_END,2,HD
DRWV,19.0,ACCC_APPS_HD_CANCEL,6,HD
IDSN,8.0,ACCC_APPS_DL_CANCEL,1,RIBS
ESHR,1.1,ACCC_DL_START,1,HD
AUDT,11.1.1,ACCC_INSTALL_END,55,HD
DRWV,12.0.0,ACCC_INSTALL_END,12,RIBS
ILST,16.0,ACCC_APPS_DL_CANCEL,1,RIBS
KBRG,6.3.1,ACCC_INSTALL_END,11,HD
AME,11.1.4,ACCC_DL_START,23,HD
DRWV,16.0.0,ACCC_APPS_DL_CANCEL,1,RIBS
AICY,8.0,ACCC_DL_START,6,RIBS
ESHR,2.0,ACCC_INSTALL_END,44,HD
PHSP,17.0.2,ACCC_APPS_HD_CANCEL,3,HD
PHSP,19.1.5,ACCC_INSTALL_END,5,HD
LRCC,1.5,ACCC_ERROR,2,HD
LTRM,5.7.1,ACCC_DL_START,12,MSI
LRCC,2.0,ACCC_INSTALL_END,40,HD
FUSE,2017.1,ACCC_INSTALL_END,24,RIBS
RUSH,0.1.0,ACCC_INSTALL_END,4,HD
IDSN,13.1,ACCC_APPS_HD_CANCEL,8,HD
AEFT,16.0,ACCC_APPS_HD_CANCEL,11,HD
ILST,23.1,ACCC_DL_START,47,HD
PHSP,13.0,ACCC_INSTALL_END,13,RIBS
ILST,18.0,ACCC_INSTALL_END,14,RIBS
FLPR,16.5.1,ACCC_DL_START,10,HD
PHSP,13.0,ACCC_DL_START,16,RIBS
PHSP,14.0,ACCC_DL_START,15,RIBS
LTRM,7.5,ACCC_DL_START,56,HD
PHSP,19.1.5,ACCC_ERROR,1,HD
ILST,18.0,ACCC_DL_START,14,RIBS
AME,12.1.2,ACCC_ERROR,4,HD
KBRG,7.0,ACCC_INSTALL_END,16,HD
AUDT,10.1.2,ACCC_ERROR,1,HD
ILST,22.1,ACCC_INSTALL_END,81,HD
AUDT,10.1.2,ACCC_INSTALL_END,11,HD
AEFT,15.1,ACCC_INSTALL_END,1,HD
LTRM,8.0,ACCC_DL_START,53,HD
LRCC,1.0,ACCC_INSTALL_END,1,HD
AEFT,15.1,ACCC_DL_START,1,HD
ILST,16.0,ACCC_INSTALL_END,14,RIBS
AEFT,12.0,ACCC_INSTALL_END,8,RIBS
PPRO,12.1.1,ACCC_INSTALL_END,2,HD
PPRO,7.0,ACCC_INSTALL_END,8,RIBS
ILST,21.1.0,ACCC_INSTALL_END,18,HD
AEFT,16.1,ACCC_APPS_HD_CANCEL,1,HD
PPRO,13.0,ACCC_APPS_HD_CANCEL,8,HD
ESHR,1.1,ACCC_INSTALL_END,1,HD
RUSH,1.0,ACCC_DL_START,51,HD
PHSP,16.0,ACCC_INSTALL_END,13,RIBS
PHSP,14.0,ACCC_APPS_DL_CANCEL,1,RIBS
ILST,22.1,ACCC_DL_START,92,HD
DRWV,18.0,ACCC_DL_START,1,HD
KBRG,9.0,ACCC_ERROR,5,HD
ILST,21.0.0,ACCC_INSTALL_END,1,HD
PHSP,19.1.6,ACCC_ERROR,8,HD
AUDT,11.0.2,ACCC_DL_START,5,HD
AEFT,14.2.2,ACCC_DL_START,13,HD
KBRG,6.0,ACCC_INSTALL_END,10,RIBS
AICY,10.0,ACCC_INSTALL_END,7,RIBS
CHAR,1.5,ACCC_INSTALL_END,50,HD
KBRG,6.3.1,ACCC_DL_START,12,HD
SPRK,4.0.12,ACCC_APPS_HD_CANCEL,1,HD
KBRG,6.3.1,ACCC_APPS_HD_CANCEL,1,HD
PPRO,6.0,ACCC_APPS_DL_CANCEL,2,RIBS
AEFT,13.0,ACCC_ERROR,1,RIBS
LTRM,6.0,ACCC_DL_START,14,RIBS
MUSE,2018.0,ACCC_DL_START,1,HD
PRLD,7.0.0,ACCC_INSTALL_END,1,HD
FLPR,18.0.1,ACCC_DL_START,1,HD
SPRK,4.0.12,ACCC_ERROR,1,HD
PHSP,19.1.3,ACCC_ERROR,1,HD
AEFT,12.0,ACCC_DL_START,9,RIBS
AUDT,12.0,ACCC_DL_START,52,HD
FUSE,2015.1,ACCC_INSTALL_END,1,RIBS
LTRM,7.4,ACCC_DL_START,1,HD
LRCC,1.5,ACCC_DL_START,89,HD
NGLR,1.0,ACCC_INSTALL_END,7,HD
KBRG,8.1,ACCC_APPS_HD_CANCEL,9,HD
ILST,21.1.0,ACCC_DL_START,20,HD
AUDT,11.1.1,ACCC_APPS_HD_CANCEL,7,HD
ILST,17.0,ACCC_APPS_DL_CANCEL,1,RIBS
PPRO,12.0.1,ACCC_INSTALL_END,1,HD
LTRM,7.3,ACCC_APPS_HD_CANCEL,1,HD
CHAR,2.0,ACCC_DL_START,71,HD
ILST,22.0.0,ACCC_APPS_HD_CANCEL,2,HD
AICY,13.1,ACCC_INSTALL_END,43,HD
EDGE,6.0,ACCC_DL_START,1,RIBS
CHAR,1.5,ACCC_ERROR,1,HD
FLPR,18.0.2,ACCC_ERROR,1,HD
AME,12.1.1,ACCC_DL_START,2,HD
PPRO,12.0.1,ACCC_ERROR,1,HD
IDSN,13.0,ACCC_INSTALL_END,3,HD
LRCC,2.0,ACCC_APPS_HD_CANCEL,4,HD
AME,12.0.0,ACCC_INSTALL_END,1,HD
SHDW,1.5,ACCC_INSTALL_END,1,MSI
SPRK,12.0.12,ACCC_DL_START,73,HD
IDSN,11.0,ACCC_INSTALL_END,11,RIBS
SPRK,5.0.12,ACCC_ERROR,1,HD
FUSE,2017.1,ACCC_APPS_DL_CANCEL,4,RIBS
FLPR,14.0,ACCC_DL_START,8,RIBS
AME,12.0.0,ACCC_DL_START,1,HD
PHSP,19.1.4,ACCC_DL_START,8,HD
FUSE,2017.1,ACCC_DL_START,30,RIBS
AEFT,13.0,ACCC_DL_START,11,RIBS
PHSP,15.0,ACCC_DL_START,14,RIBS
DRWV,13.0.0,ACCC_DL_START,11,RIBS
DRWV,17.5.0,ACCC_INSTALL_END,14,HD
LTRM,7.5,ACCC_ERROR,1,HD
PRLD,7.1.1,ACCC_INSTALL_END,43,HD
MUSE,2018.0,ACCC_INSTALL_END,1,HD
AICY,9.0,ACCC_INSTALL_END,6,RIBS
FLPR,12.0,ACCC_DL_START,9,RIBS
AEFT,15.1.1,ACCC_DL_START,1,HD
PHSP,19.1.1,ACCC_DL_START,5,HD
KEMN,7.0,ACCC_INSTALL_END,2,RIBS
ESHR,1.1.1,ACCC_APPS_HD_CANCEL,3,HD
ILST,22.1,ACCC_ERROR,2,HD
LTRM,7.3,ACCC_DL_START,1,HD
DRWV,18.0,ACCC_ERROR,1,HD
PRLD,1.0,ACCC_INSTALL_END,7,RIBS
ILST,18.0,ACCC_ERROR,1,RIBS
KETK,4.0,ACCC_DL_START,6,RIBS
APRO,19.0,ACCC_ERROR,1,APP
DRWV,15.0.0,ACCC_INSTALL_END,15,RIBS
APRO,18.0,ACCC_DL_START,9,PKG
IDSN,9.0,ACCC_DL_START,10,RIBS
FLPR,16.5.1,ACCC_APPS_HD_CANCEL,1,HD
PHSP,17.0.2,ACCC_INSTALL_END,15,HD
AICY,13.1,ACCC_DL_START,45,HD
ILST,22.0.0,ACCC_DL_START,6,HD
LTRM,6.0,ACCC_APPS_DL_CANCEL,1,RIBS
AUDT,11.1.1,ACCC_DL_START,58,HD
PRLD,8.0,ACCC_DL_START,31,HD
LTRM,4.4,ACCC_DL_START,1,RIBS
AME,11.1.4,ACCC_INSTALL_END,21,HD
NGLR,0.2,ACCC_DL_START,1,HD
FLPR,15.0,ACCC_DL_START,1,RIBS
APRO,18.0,ACCC_DL_START,10,APP
AUDT,11.1,ACCC_ERROR,1,HD
DRWV,16.0.0,ACCC_DL_START,15,RIBS
PPRO,6.0,ACCC_APPS_INSTALL_CANCEL,1,RIBS
AME,13.0,ACCC_DL_START,144,HD
ILST,22.1,ACCC_APPS_HD_CANCEL,18,HD
AEFT,15.1.2,ACCC_INSTALL_END,55,HD
KBRG,9.0,ACCC_INSTALL_END,71,HD
PHSP,19.1,ACCC_INSTALL_END,1,HD
DRWV,19.1,ACCC_INSTALL_END,59,HD
PHSP,19.1.6,ACCC_APPS_HD_CANCEL,40,HD
SPRK,5.0.12,ACCC_INSTALL_END,6,HD
PPRO,11.1.4,ACCC_INSTALL_END,13,HD
ESHR,1.0.1,ACCC_DL_START,1,HD
IDSN,14.0,ACCC_INSTALL_END,102,HD
LTRM,8.0,ACCC_APPS_HD_CANCEL,7,HD
ILST,17.0,ACCC_DL_START,15,RIBS
AEFT,16.0,ACCC_ERROR,1,HD
AEFT,16.1,ACCC_INSTALL_END,11,HD
ANMLBETA,1.0.6,ACCC_INSTALL_END,12,HD
IDSN,13.1,ACCC_ERROR,3,HD
LTRM,4.4,ACCC_INSTALL_END,1,RIBS
ILST,21.0.0,ACCC_DL_START,1,HD
APRO,19.0,ACCC_DL_START,5,PKG
AUDT,10.1.2,ACCC_APPS_HD_CANCEL,3,HD
AEFT,13.0,ACCC_INSTALL_END,9,RIBS
DRWV,18.0,ACCC_APPS_HD_CANCEL,1,HD
SPRK,12.0.12,ACCC_ERROR,9,HD
AEFT,11.0,ACCC_DL_START,10,RIBS
AUDT,12.0,ACCC_APPS_HD_CANCEL,4,HD
LTRM,7.5,ACCC_APPS_HD_CANCEL,4,HD
ILST,20.1.0,ACCC_DL_START,11,HD
APRO,18.0,ACCC_ERROR,1,PKG
ESHR,2.0,ACCC_ERROR,2,HD
DRWV,19.1,ACCC_DL_START,64,HD
PPRO,12.1,ACCC_DL_START,2,HD
FUSE,2015.1,ACCC_APPS_DL_CANCEL,1,RIBS
LRCC,1.3,ACCC_INSTALL_END,2,HD
AUDT,11.1,ACCC_APPS_HD_CANCEL,5,HD
PHSP,19.1.5,ACCC_APPS_HD_CANCEL,5,HD
ESHR,1.1.2,ACCC_DL_START,6,HD
ILST,22.0.1,ACCC_INSTALL_END,2,HD
PPRO,12.0.0,ACCC_DL_START,3,HD
FLPR,18.0.1,ACCC_INSTALL_END,1,HD
LTRM,5.7.1,ACCC_INSTALL_END,6,PKG
PHSP,15.0,ACCC_INSTALL_END,14,RIBS
KBRG,6.0,ACCC_DL_START,11,RIBS
PPRO,12.1,ACCC_INSTALL_END,2,HD
ILST,22.0.2,ACCC_INSTALL_END,2,HD
AEFT,16.0,ACCC_INSTALL_END,62,HD
AEFT,15.1.2,ACCC_DL_START,63,HD
AUDT,10.1.2,ACCC_DL_START,14,HD
RUSH,1.0,ACCC_INSTALL_END,48,HD
ILST,19.2.1,ACCC_INSTALL_END,14,HD
LTRM,7.4,ACCC_INSTALL_END,1,HD
PPRO,12.1.2,ACCC_ERROR,2,HD
LRCC,1.4,ACCC_ERROR,1,HD
IDSN,10.0,ACCC_INSTALL_END,10,RIBS
PRLD,2.0,ACCC_INSTALL_END,6,RIBS
PPRO,6.0,ACCC_INSTALL_END,13,RIBS
ILST,19.2.1,ACCC_DL_START,14,HD
LTRM,7.3.1,ACCC_DL_START,1,HD
AEFT,16.1,ACCC_ERROR,2,HD
AME,13.0,ACCC_INSTALL_END,109,HD
SPRK,5.0.12,ACCC_APPS_HD_CANCEL,4,HD
FUSE,2015.1,ACCC_DL_START,3,RIBS
PRLD,8.0,ACCC_INSTALL_END,27,HD
PPRO,12.0.0,ACCC_INSTALL_END,2,HD
FLPR,15.2.1,ACCC_DL_START,9,HD
FLPR,14.0,ACCC_INSTALL_END,8,RIBS
IDSN,13.1,ACCC_INSTALL_END,70,HD
CHAR,2.0,ACCC_APPS_HD_CANCEL,6,HD
ILST,17.0,ACCC_INSTALL_END,13,RIBS
RUSH,0.1.0,ACCC_APPS_HD_CANCEL,2,HD
AICY,9.0,ACCC_DL_START,6,RIBS
FLPR,15.2.1,ACCC_INSTALL_END,8,HD
DRWV,18.2,ACCC_INSTALL_END,57,HD
SPRK,11.0.22,ACCC_DL_START,95,HD
LTRM,7.3.1,ACCC_INSTALL_END,1,HD
PHSP,17.0.2,ACCC_DL_START,16,HD
KEMN,7.0,ACCC_APPS_DL_CANCEL,1,RIBS
AME,12.1.2,ACCC_APPS_HD_CANCEL,26,HD
ESHR,1.1.1,ACCC_ERROR,1,HD
IDSN,12.1.0,ACCC_INSTALL_END,18,HD
FLPR,15.1,ACCC_DL_START,8,RIBS
AEFT,13.5,ACCC_DL_START,10,RIBS
RUSH,1.0,ACCC_APPS_HD_CANCEL,4,HD
FLPR,19.0,ACCC_ERROR,1,HD
SPRK,4.0.12,ACCC_DL_START,1,HD
AICY,14.0,ACCC_INSTALL_END,41,HD
PPRO,13.0,ACCC_INSTALL_END,64,HD
ILST,20.1.0,ACCC_INSTALL_END,11,HD
PRLD,7.0.0,ACCC_DL_START,1,HD
PRLD,6.1.3,ACCC_APPS_HD_CANCEL,1,HD
AICY,14.0,ACCC_DL_START,42,HD
AEFT,15.1.1,ACCC_INSTALL_END,1,HD
AEFT,15.0.1,ACCC_DL_START,1,HD
NGLR,1.0,ACCC_DL_START,8,HD
ILST,22.0.2,ACCC_DL_START,2,HD
IDSN,9.0,ACCC_INSTALL_END,10,RIBS
ILST,16.0,ACCC_DL_START,15,RIBS
AICY,11.0,ACCC_DL_START,6,RIBS
DRWV,19.0,ACCC_DL_START,40,HD
FUSE,2017.1,ACCC_ERROR,4,RIBS
AME,11.1.4,ACCC_APPS_HD_CANCEL,3,HD
LRCC,1.4,ACCC_INSTALL_END,2,HD
KBRG,9.0,ACCC_DL_START,85,HD
AEFT,15.0.0,ACCC_DL_START,1,HD
LRCC,1.2,ACCC_APPS_HD_CANCEL,1,HD
ILST,23.1,ACCC_APPS_HD_CANCEL,6,HD
PHSP,18.1.6,ACCC_DL_START,27,HD
PPRO,12.1.2,ACCC_DL_START,67,HD
LTRM,5.7.1,ACCC_APPS_DL_CANCEL,2,MSI
ILST,19.2.1,ACCC_APPS_HD_CANCEL,1,HD
AME,13.0,ACCC_APPS_HD_CANCEL,43,HD
PRLD,2.0,ACCC_DL_START,6,RIBS
FLPR,13.0,ACCC_INSTALL_END,8,RIBS
PHSP,19.1.1,ACCC_APPS_HD_CANCEL,1,HD
LRCC,1.5,ACCC_APPS_HD_CANCEL,4,HD
DRWV,19.0,ACCC_INSTALL_END,38,HD
FLPR,19.0,ACCC_APPS_HD_CANCEL,6,HD
LTRM,7.3,ACCC_ERROR,1,HD
SPRK,0.6.32,ACCC_DL_START,1,HD
DRWV,18.2,ACCC_APPS_HD_CANCEL,6,HD
KBRG,9.0,ACCC_APPS_HD_CANCEL,25,HD
AEFT,15.1.2,ACCC_APPS_HD_CANCEL,9,HD
ILST,22.0.1,ACCC_DL_START,4,HD
DRWV,15.0.0,ACCC_APPS_DL_CANCEL,1,RIBS
AEFT,13.5,ACCC_INSTALL_END,9,RIBS
DRWV,19.1,ACCC_APPS_HD_CANCEL,8,HD
PPRO,12.1.1,ACCC_DL_START,2,HD
PPRO,12.1.2,ACCC_APPS_HD_CANCEL,6,HD
CHAR,2.0,ACCC_ERROR,3,HD
AEFT,15.0.0,ACCC_INSTALL_END,1,HD
ILST,23.0,ACCC_ERROR,7,HD
EDGE,6.0,ACCC_APPS_INSTALL_CANCEL,1,RIBS
LTRM,7.3,ACCC_INSTALL_END,1,HD
PHSP,20.0,ACCC_INSTALL_END,174,HD
FUSE,2015.1,ACCC_ERROR,1,RIBS
PPRO,13.0,ACCC_DL_START,68,HD
PPRO,6.0,ACCC_DL_START,14,RIBS
AEFT,11.0,ACCC_INSTALL_END,9,RIBS
PHSP,19.1.4,ACCC_INSTALL_END,6,HD
PHSP,19.0,ACCC_DL_START,1,HD
AICY,8.0,ACCC_INSTALL_END,6,RIBS
LTRM,5.7.1,ACCC_DL_START,6,PKG
ESHR,1.0.1,ACCC_INSTALL_END,1,HD
ESHR,1.1.2,ACCC_ERROR,1,HD
IDSN,14.0,ACCC_ERROR,8,HD
KBRG,8.1,ACCC_DL_START,82,HD
RUSH,1.0,ACCC_ERROR,2,HD
ILST,23.1,ACCC_INSTALL_END,44,HD
ILST,22.0.1,ACCC_APPS_HD_CANCEL,1,HD
PHSP,20.0,ACCC_ERROR,19,HD
ESHR,1.1.1,ACCC_INSTALL_END,48,HD
PPRO,11.1.4,ACCC_APPS_HD_CANCEL,2,HD
PHSP,20.0,ACCC_DL_START,198,HD
PHSP,16.0,ACCC_DL_START,14,RIBS
LRCC,1.2,ACCC_DL_START,1,HD
CHAR,1.5,ACCC_DL_START,52,HD
FLPR,18.0,ACCC_INSTALL_END,1,HD
AICY,12.0.0,ACCC_INSTALL_END,11,HD
AME,13.0,ACCC_ERROR,9,HD
AME,12.1.2,ACCC_INSTALL_END,84,HD
DRWV,18.2,ACCC_DL_START,59,HD
SPRK,0.8.22,ACCC_DL_START,2,HD
IDSN,10.0,ACCC_DL_START,11,RIBS
DRWV,17.5.0,ACCC_APPS_HD_CANCEL,1,HD
ILST,22.0.0,ACCC_INSTALL_END,4,HD
AEFT,16.1,ACCC_DL_START,12,HD
APRO,19.0,ACCC_INSTALL_END,4,PKG
LRCC,1.0,ACCC_DL_START,1,HD
AEFT,14.2.2,ACCC_APPS_HD_CANCEL,1,HD
PHSP,19.1.4,ACCC_APPS_HD_CANCEL,5,HD
ILST,21.0.2,ACCC_APPS_HD_CANCEL,1,HD
AUDT,5.0,ACCC_DL_START,10,RIBS
PHSP,19.1.3,ACCC_APPS_HD_CANCEL,1,HD
CHAR,2.0,ACCC_INSTALL_END,68,HD
LRCC,1.4,ACCC_APPS_HD_CANCEL,2,HD
AICY,13.0.1,ACCC_DL_START,3,HD
AEFT,14.2.2,ACCC_INSTALL_END,11,HD
PHSP,19.1.3,ACCC_INSTALL_END,3,HD
PHSP,13.0,ACCC_ERROR,1,RIBS
PPRO,12.0.0,ACCC_APPS_HD_CANCEL,1,HD
PHSP,19.1.2,ACCC_DL_START,2,HD
PPRO,7.0,ACCC_DL_START,8,RIBS
PHSP,19.1.6,ACCC_DL_START,127,HD
RUSH,0.1.0,ACCC_DL_START,7,HD
AUDT,11.1,ACCC_INSTALL_END,34,HD
DRWV,19.0,ACCC_ERROR,1,HD
FLPR,16.5.1,ACCC_INSTALL_END,9,HD
LTRM,6.0,ACCC_INSTALL_END,14,RIBS
LRCC,1.5,ACCC_INSTALL_END,85,HD
IDSN,12.1.0,ACCC_APPS_HD_CANCEL,2,HD
DRWV,16.0.0,ACCC_INSTALL_END,15,RIBS
PPRO,11.1.4,ACCC_DL_START,14,HD
AUDT,12.0,ACCC_INSTALL_END,49,HD
FLPR,15.1,ACCC_INSTALL_END,8,RIBS
DRWV,18.1,ACCC_DL_START,3,HD
DRWV,15.0.0,ACCC_DL_START,16,RIBS
LTRM,5.7.1,ACCC_INSTALL_END,10,MSI
SPRK,11.0.22,ACCC_INSTALL_END,86,HD
AUDT,12.0,ACCC_ERROR,1,HD
PPRO,13.0,ACCC_ERROR,2,HD
FLPR,12.0,ACCC_INSTALL_END,9,RIBS
PHSP,18.1.6,ACCC_APPS_HD_CANCEL,8,HD
PHSP,19.1.1,ACCC_INSTALL_END,4,HD
ANMLBETA,1.0.6,ACCC_DL_START,12,HD
ESHR,2.0,ACCC_DL_START,49,HD
ESHR,2.0,ACCC_APPS_HD_CANCEL,5,HD
KBRG,6.0,ACCC_APPS_DL_CANCEL,1,RIBS
SPRK,11.0.22,ACCC_APPS_HD_CANCEL,8,HD
PRLD,1.0,ACCC_DL_START,7,RIBS
DRWV,17.5.0,ACCC_DL_START,14,HD
PHSP,19.1.6,ACCC_INSTALL_END,110,HD
LRCC,2.0,ACCC_DL_START,44,HD
LRCC,1.3,ACCC_APPS_HD_CANCEL,1,HD
DRWV,18.1,ACCC_INSTALL_END,2,HD
FLPR,13.0,ACCC_DL_START,8,RIBS
FLPR,18.0,ACCC_DL_START,1,HD
AME,12.1.1,ACCC_INSTALL_END,2,HD
AICY,11.0,ACCC_INSTALL_END,6,RIBS
AEFT,15.0.1,ACCC_INSTALL_END,1,HD
PHSP,14.0,ACCC_INSTALL_END,13,RIBS
KBRG,7.0,ACCC_DL_START,17,HD
LTRM,7.4,ACCC_APPS_HD_CANCEL,1,HD
ESHR,1.1.2,ACCC_INSTALL_END,6,HD
AICY,13.0,ACCC_INSTALL_END,1,HD
PRLD,7.1.1,ACCC_DL_START,44,HD
APRO,18.0,ACCC_INSTALL_END,9,PKG
APRO,18.0,ACCC_INSTALL_END,9,APP
AUDT,11.0.2,ACCC_INSTALL_END,5,HD
AME,12.1.2,ACCC_DL_START,99,HD
SPRK,0.8.22,ACCC_INSTALL_END,1,HD
NGLR,1.0,ACCC_APPS_HD_CANCEL,1,HD
LTRM,8.0,ACCC_INSTALL_END,50,HD
AUDT,6.0,ACCC_DL_START,8,RIBS
AICY,13.0,ACCC_DL_START,1,HD
DRWV,18.1,ACCC_APPS_HD_CANCEL,1,HD
DRWV,12.0.0,ACCC_DL_START,12,RIBS
AUDT,5.0,ACCC_INSTALL_END,10,RIBS
PHSP,19.1.5,ACCC_DL_START,8,HD
