product,vers,code,ecount,etype
FLPR,19.0,ACCC_APPS_UPDATE_ERROR,2,HD
AICY,13.1,ACCC_APPS_UPDATE_DL_START,1,HD
FLPR,18.0.2,ACCC_APPS_UPDATE_INSTALL_START,1,HD
NGLR,0.9,ACCC_APPS_UPDATE_DL_END,1,HD
DRWV,18.2,ACCC_APPS_UPDATE_DL_CANCEL,2,HD
IDSN,11.0,ACCC_APPS_UPDATE_INSTALL_START,1,RIBS
SPRK,12.0.12,ACCC_APPS_UPDATE_DL_CANCEL,2,HD
PHSP,19.1.6,ACCC_APPS_UPDATE_INSTALL_CANCEL,11,HD
ILST,22.1,ACCC_APPS_UPDATE_DL_END,4,HD
PHSP,19.1.6,ACCC_APPS_UPDATE_ERROR,2,HD
ILST,23.0,ACCC_APPS_UPDATE_ERROR,3,HD
FLPR,13.0,ACCC_APPS_UPDATE_SUCCESS,1,RIBS
IDSN,8.0,ACCC_APPS_UPDATE_INSTALL_START,1,RIBS
PHSP,20.0,ACCC_APPS_UPDATE_DL_CANCEL,3,HD
LRCC,1.5,ACCC_APPS_UPDATE_DL_CANCEL,3,HD
ILST,23.1,ACCC_APPS_UPDATE_FAIL,1,HD
ILST,22.1,ACCC_APPS_UPDATE_ERROR,1,HD
PHSP,14.0,ACCC_APPS_UPDATE_DL_START,2,RIBS
ILST,23.1,ACCC_APPS_UPDATE_INSTALL_START,17,HD
PHSP,20.0,ACCC_APPS_UPDATE_INSTALL_CANCEL,3,HD
FWKS,12.0.0,ACCC_APPS_UPDATE_SUCCESS,1,RIBS
PHSP,19.1.5,ACCC_APPS_UPDATE_INSTALL_CANCEL,1,HD
FWKS,12.0.0,ACCC_APPS_UPDATE_INSTALL_START,1,RIBS
PHSP,19.1.5,ACCC_APPS_UPDATE_DL_CANCEL,1,HD
AICY,14.0,ACCC_APPS_UPDATE_SUCCESS,11,HD
DRWV,19.0,ACCC_APPS_UPDATE_INSTALL_START,9,HD
ESHR,1.1.2,ACCC_APPS_UPDATE_INSTALL_CANCEL,2,HD
MUSE,2018.1.0,ACCC_APPS_UPDATE_INSTALL_START,1,HD
DRWV,19.0,ACCC_APPS_UPDATE_SUCCESS,9,HD
IDSN,10.0,ACCC_APPS_UPDATE_DL_END,1,RIBS
PPRO,13.0,ACCC_APPS_UPDATE_DL_END,24,HD
FWKS,12.0.0,ACCC_APPS_UPDATE_DL_END,1,RIBS
AEFT,16.1,ACCC_APPS_UPDATE_DL_END,9,HD
LTRM,7.5,ACCC_APPS_UPDATE_ERROR,1,HD
ILST,17.0,ACCC_APPS_UPDATE_ERROR,2,RIBS
DRWV,18.2,ACCC_APPS_UPDATE_ERROR,2,HD
AUDT,11.1.1,ACCC_APPS_UPDATE_INSTALL_START,8,HD
PHSP,16.0,ACCC_APPS_UPDATE_SUCCESS,1,RIBS
ESHR,1.1.1,ACCC_APPS_UPDATE_INSTALL_CANCEL,0,HD
LTRM,8.0,ACCC_APPS_UPDATE_SUCCESS,3,HD
AICY,14.0,ACCC_APPS_UPDATE_FAIL,2,HD
LRCC,2.0,ACCC_APPS_UPDATE_SUCCESS,7,HD
IDSN,14.0,ACCC_APPS_UPDATE_DL_CANCEL,12,HD
AUDT,5.0,ACCC_APPS_UPDATE_SUCCESS,1,RIBS
AICY,14.0,ACCC_APPS_UPDATE_DL_END,11,HD
DRWV,19.0,ACCC_APPS_UPDATE_DL_END,9,HD
FWKS,12.0.0,ACCC_APPS_UPDATE_DL_START,1,RIBS
AICY,14.0,ACCC_APPS_UPDATE_DL_START,13,HD
FLPR,19.0,ACCC_APPS_UPDATE_DL_CANCEL,3,HD
FLPR,13.0,ACCC_APPS_UPDATE_INSTALL_START,1,RIBS
NGLR,0.9,ACCC_APPS_UPDATE_INSTALL_START,1,HD
ILST,23.0,ACCC_APPS_UPDATE_DL_END,27,HD
CHAR,1.5,ACCC_APPS_UPDATE_INSTALL_CANCEL,1,HD
PHSP,14.0,ACCC_APPS_UPDATE_DL_CANCEL,1,RIBS
AME,12.1.2,ACCC_APPS_UPDATE_INSTALL_START,1,HD
SPRK,11.0.22,ACCC_APPS_UPDATE_INSTALL_CANCEL,2,HD
ILST,22.1,ACCC_APPS_UPDATE_DL_START,6,HD
FLPR,18.0.2,ACCC_APPS_UPDATE_DL_END,1,HD
AUDT,12.0,ACCC_APPS_UPDATE_ERROR,2,HD
AICY,14.0,ACCC_APPS_UPDATE_ERROR,5,HD
KBRG,9.0,ACCC_APPS_UPDATE_SUCCESS,34,HD
AEFT,15.1.2,ACCC_APPS_UPDATE_INSTALL_START,2,HD
AUDT,12.0,ACCC_APPS_UPDATE_DL_CANCEL,2,HD
AEFT,15.1.2,ACCC_APPS_UPDATE_SUCCESS,1,HD
ESHR,2.0,ACCC_APPS_UPDATE_DL_START,10,HD
PRLD,8.0,ACCC_APPS_UPDATE_SUCCESS,2,HD
PHSP,19.1.5,ACCC_APPS_UPDATE_DL_START,1,HD
LRCC,2.0,ACCC_APPS_UPDATE_DL_END,7,HD
FLPR,12.0,ACCC_APPS_UPDATE_INSTALL_START,1,RIBS
ESHR,1.1.1,ACCC_APPS_UPDATE_INSTALL_START,0,HD
LTRM,7.5,ACCC_APPS_UPDATE_INSTALL_START,5,HD
PHSP,13.0,ACCC_APPS_UPDATE_DL_CANCEL,2,RIBS
PHSP,15.0,ACCC_APPS_UPDATE_DL_CANCEL,1,RIBS
CHAR,2.0,ACCC_APPS_UPDATE_SUCCESS,19,HD
LRCC,2.0,ACCC_APPS_UPDATE_DL_START,7,HD
PHSP,19.1.6,ACCC_APPS_UPDATE_DL_START,27,HD
LTRM,8.0,ACCC_APPS_UPDATE_DL_END,3,HD
ILST,23.0,ACCC_APPS_UPDATE_INSTALL_START,31,HD
DRWV,19.1,ACCC_APPS_UPDATE_INSTALL_START,15,HD
AICY,14.0,ACCC_APPS_UPDATE_DL_CANCEL,3,HD
ILST,22.1,ACCC_APPS_UPDATE_SUCCESS,4,HD
FLPR,18.0.2,ACCC_APPS_UPDATE_INSTALL_CANCEL,1,HD
PHSP,20.0,ACCC_APPS_UPDATE_DL_START,27,HD
SPRK,11.0.22,ACCC_APPS_UPDATE_ERROR,2,HD
KBRG,8.1,ACCC_APPS_UPDATE_DL_CANCEL,1,HD
PPRO,12.1.2,ACCC_APPS_UPDATE_DL_END,2,HD
PPRO,12.1.2,ACCC_APPS_UPDATE_DL_START,3,HD
ILST,22.1,ACCC_APPS_UPDATE_INSTALL_START,6,HD
AEFT,16.1,ACCC_APPS_UPDATE_INSTALL_CANCEL,1,HD
PHSP,20.0,ACCC_APPS_UPDATE_DL_END,23,HD
PHSP,15.0,ACCC_APPS_UPDATE_FAIL,1,RIBS
IDSN,10.0,ACCC_APPS_UPDATE_DL_START,1,RIBS
ILST,23.0,ACCC_APPS_UPDATE_SUCCESS,27,HD
RUSH,1.0,ACCC_APPS_UPDATE_DL_END,2,HD
PHSP,15.0,ACCC_APPS_UPDATE_INSTALL_CANCEL,1,RIBS
ILST,23.1,ACCC_APPS_UPDATE_DL_START,17,HD
PPRO,13.0,ACCC_APPS_UPDATE_INSTALL_START,27,HD
CHAR,2.0,ACCC_APPS_UPDATE_ERROR,1,HD
AEFT,16.0,ACCC_APPS_UPDATE_DL_END,28,HD
ESHR,2.0,ACCC_APPS_UPDATE_DL_CANCEL,4,HD
IDSN,9.0,ACCC_APPS_UPDATE_DL_START,3,RIBS
PHSP,13.0,ACCC_APPS_UPDATE_INSTALL_START,2,RIBS
FLPR,19.0,ACCC_APPS_UPDATE_SUCCESS,11,HD
MUSE,2018.1.0,ACCC_APPS_UPDATE_DL_END,1,HD
ACR,10.5,ACCC_APPS_UPDATE_SUCCESS,8,HD
RUSH,1.0,ACCC_APPS_UPDATE_DL_START,2,HD
SPRK,12.0.12,ACCC_APPS_UPDATE_INSTALL_CANCEL,2,HD
SPRK,12.0.12,ACCC_APPS_UPDATE_SUCCESS,10,HD
AUDT,11.1.1,ACCC_APPS_UPDATE_INSTALL_CANCEL,3,HD
LRCC,2.0,ACCC_APPS_UPDATE_INSTALL_START,7,HD
CHAR,1.5,ACCC_APPS_UPDATE_INSTALL_START,1,HD
IDSN,13.1,ACCC_APPS_UPDATE_DL_END,4,HD
IDSN,13.1,ACCC_APPS_UPDATE_DL_START,5,HD
AICY,14.0,ACCC_APPS_UPDATE_INSTALL_START,13,HD
CHAR,1.5,ACCC_APPS_UPDATE_DL_START,1,HD
PHSP,14.0,ACCC_APPS_UPDATE_DL_END,2,RIBS
DRWV,18.2,ACCC_APPS_UPDATE_DL_END,2,HD
LRCC,1.5,ACCC_APPS_UPDATE_SUCCESS,5,HD
AUDT,5.0,ACCC_APPS_UPDATE_ERROR,1,RIBS
AEFT,16.0,ACCC_APPS_UPDATE_DL_CANCEL,2,HD
IDSN,14.0,ACCC_APPS_UPDATE_DL_END,41,HD
AEFT,15.1.2,ACCC_APPS_UPDATE_INSTALL_CANCEL,1,HD
FLPR,15.0,ACCC_APPS_UPDATE_DL_END,1,RIBS
PHSP,13.0,ACCC_APPS_UPDATE_DL_END,3,RIBS
ILST,23.1,ACCC_APPS_UPDATE_INSTALL_CANCEL,1,HD
FLPR,19.0,ACCC_APPS_UPDATE_INSTALL_START,13,HD
PHSP,14.0,ACCC_APPS_UPDATE_INSTALL_START,2,RIBS
FLPR,13.0,ACCC_APPS_UPDATE_DL_START,1,RIBS
ILST,23.1,ACCC_APPS_UPDATE_ERROR,1,HD
KBRG,8.1,ACCC_APPS_UPDATE_DL_END,3,HD
KBRG,6.0,ACCC_APPS_UPDATE_SUCCESS,2,RIBS
PRLD,8.0,ACCC_APPS_UPDATE_DL_START,2,HD
KBRG,8.1,ACCC_APPS_UPDATE_DL_START,3,HD
AUDT,11.1.1,ACCC_APPS_UPDATE_DL_END,7,HD
AEFT,16.1,ACCC_APPS_UPDATE_INSTALL_START,9,HD
FLPR,15.0,ACCC_APPS_UPDATE_DL_START,1,RIBS
PHSP,19.1.6,ACCC_APPS_UPDATE_SUCCESS,19,HD
AICY,14.0,ACCC_APPS_UPDATE_INSTALL_CANCEL,3,HD
SPRK,11.0.22,ACCC_APPS_UPDATE_DL_END,3,HD
AME,12.1.2,ACCC_APPS_UPDATE_DL_END,1,HD
FLPR,18.0.2,ACCC_APPS_UPDATE_DL_CANCEL,1,HD
CHAR,1.5,ACCC_APPS_UPDATE_DL_CANCEL,1,HD
LTRM,7.5,ACCC_APPS_UPDATE_SUCCESS,5,HD
FLPR,14.0,ACCC_APPS_UPDATE_DL_END,1,RIBS
AEFT,16.0,ACCC_APPS_UPDATE_INSTALL_START,29,HD
LTRM,8.0,ACCC_APPS_UPDATE_FAIL,1,HD
ILST,17.0,ACCC_APPS_UPDATE_INSTALL_START,3,RIBS
AUDT,12.0,ACCC_APPS_UPDATE_INSTALL_CANCEL,2,HD
AME,13.0,ACCC_APPS_UPDATE_INSTALL_START,11,HD
AUDT,5.0,ACCC_APPS_UPDATE_INSTALL_START,1,RIBS
IDSN,9.0,ACCC_APPS_UPDATE_SUCCESS,2,RIBS
IDSN,10.0,ACCC_APPS_UPDATE_SUCCESS,1,RIBS
KBRG,9.0,ACCC_APPS_UPDATE_DL_END,35,HD
LTRM,8.0,ACCC_APPS_UPDATE_DL_START,3,HD
ILST,17.0,ACCC_APPS_UPDATE_DL_END,3,RIBS
PHSP,13.0,ACCC_APPS_UPDATE_SUCCESS,1,RIBS
AUDT,12.0,ACCC_APPS_UPDATE_INSTALL_START,5,HD
PHSP,14.0,ACCC_APPS_UPDATE_SUCCESS,1,RIBS
MUSE,2018.1.0,ACCC_APPS_UPDATE_SUCCESS,1,HD
FLPR,15.0,ACCC_APPS_UPDATE_SUCCESS,1,RIBS
KBRG,9.0,ACCC_APPS_UPDATE_ERROR,4,HD
ILST,17.0,ACCC_APPS_UPDATE_DL_START,3,RIBS
LRCC,1.5,ACCC_APPS_UPDATE_INSTALL_START,7,HD
ESHR,1.1.2,ACCC_APPS_UPDATE_INSTALL_START,3,HD
IDSN,11.0,ACCC_APPS_UPDATE_SUCCESS,1,RIBS
PPRO,12.1.2,ACCC_APPS_UPDATE_SUCCESS,2,HD
AUDT,5.0,ACCC_APPS_UPDATE_DL_START,1,RIBS
AME,13.0,ACCC_APPS_UPDATE_DL_START,11,HD
DRWV,18.2,ACCC_APPS_UPDATE_INSTALL_CANCEL,2,HD
AEFT,15.1.2,ACCC_APPS_UPDATE_DL_END,1,HD
CHAR,2.0,ACCC_APPS_UPDATE_DL_START,19,HD
KBRG,6.0,ACCC_APPS_UPDATE_DL_START,2,RIBS
SPRK,12.0.12,ACCC_APPS_UPDATE_DL_END,10,HD
LTRM,7.5,ACCC_APPS_UPDATE_DL_CANCEL,1,HD
AICY,13.1,ACCC_APPS_UPDATE_DL_CANCEL,0,HD
ILST,22.1,ACCC_APPS_UPDATE_INSTALL_CANCEL,2,HD
IDSN,14.0,ACCC_APPS_UPDATE_INSTALL_START,44,HD
AEFT,16.0,ACCC_APPS_UPDATE_SUCCESS,28,HD
IDSN,9.0,ACCC_APPS_UPDATE_FAIL,1,RIBS
AME,12.1.2,ACCC_APPS_UPDATE_SUCCESS,1,HD
LRCC,1.5,ACCC_APPS_UPDATE_DL_END,5,HD
PHSP,13.0,ACCC_APPS_UPDATE_DL_START,3,RIBS
DRWV,18.2,ACCC_APPS_UPDATE_DL_START,2,HD
IDSN,9.0,ACCC_APPS_UPDATE_INSTALL_START,3,RIBS
LRCC,1.5,ACCC_APPS_UPDATE_INSTALL_CANCEL,3,HD
AICY,13.1,ACCC_APPS_UPDATE_SUCCESS,1,HD
FLPR,18.0.2,ACCC_APPS_UPDATE_SUCCESS,1,HD
AEFT,16.0,ACCC_APPS_UPDATE_INSTALL_CANCEL,2,HD
AUDT,11.1.1,ACCC_APPS_UPDATE_ERROR,1,HD
AUDT,11.1,ACCC_APPS_UPDATE_SUCCESS,1,HD
LTRM,7.5,ACCC_APPS_UPDATE_DL_END,5,HD
PHSP,19.1.5,ACCC_APPS_UPDATE_INSTALL_START,1,HD
CHAR,2.0,ACCC_APPS_UPDATE_INSTALL_START,19,HD
ACR,10.5,ACCC_APPS_UPDATE_INSTALL_CANCEL,0,HD
IDSN,9.0,ACCC_APPS_UPDATE_DL_END,3,RIBS
LTRM,7.5,ACCC_APPS_UPDATE_DL_START,5,HD
ESHR,2.0,ACCC_APPS_UPDATE_INSTALL_CANCEL,4,HD
AUDT,11.1,ACCC_APPS_UPDATE_INSTALL_START,1,HD
AEFT,16.1,ACCC_APPS_UPDATE_SUCCESS,8,HD
KBRG,8.1,ACCC_APPS_UPDATE_SUCCESS,2,HD
IDSN,11.0,ACCC_APPS_UPDATE_DL_END,2,RIBS
AUDT,12.0,ACCC_APPS_UPDATE_DL_END,3,HD
PHSP,14.0,ACCC_APPS_UPDATE_FAIL,1,RIBS
LRCC,1.5,ACCC_APPS_UPDATE_ERROR,4,HD
IDSN,13.1,ACCC_APPS_UPDATE_INSTALL_START,5,HD
AUDT,11.1,ACCC_APPS_UPDATE_DL_END,1,HD
IDSN,14.0,ACCC_APPS_UPDATE_DL_START,44,HD
DRWV,19.1,ACCC_APPS_UPDATE_DL_CANCEL,1,HD
SPRK,11.0.22,ACCC_APPS_UPDATE_FAIL,1,HD
LRCC,1.5,ACCC_APPS_UPDATE_DL_START,7,HD
SPRK,12.0.12,ACCC_APPS_UPDATE_ERROR,2,HD
RUSH,1.0,ACCC_APPS_UPDATE_INSTALL_START,2,HD
KBRG,6.0,ACCC_APPS_UPDATE_DL_END,2,RIBS
AUDT,11.1.1,ACCC_APPS_UPDATE_SUCCESS,7,HD
IDSN,11.0,ACCC_APPS_UPDATE_DL_START,2,RIBS
FLPR,19.0,ACCC_APPS_UPDATE_DL_END,11,HD
IDSN,11.0,ACCC_APPS_UPDATE_DL_CANCEL,1,RIBS
PPRO,12.1.2,ACCC_APPS_UPDATE_INSTALL_CANCEL,1,HD
AUDT,11.1,ACCC_APPS_UPDATE_DL_START,1,HD
DRWV,19.1,ACCC_APPS_UPDATE_INSTALL_CANCEL,1,HD
ILST,17.0,ACCC_APPS_UPDATE_FAIL,1,RIBS
FLPR,14.0,ACCC_APPS_UPDATE_INSTALL_START,1,RIBS
FLPR,19.0,ACCC_APPS_UPDATE_DL_START,13,HD
AEFT,15.1.2,ACCC_APPS_UPDATE_DL_CANCEL,1,HD
LTRM,7.5,ACCC_APPS_UPDATE_INSTALL_CANCEL,1,HD
KBRG,8.1,ACCC_APPS_UPDATE_INSTALL_START,3,HD
IDSN,13.1,ACCC_APPS_UPDATE_DL_CANCEL,2,HD
KBRG,9.0,ACCC_APPS_UPDATE_INSTALL_CANCEL,16,HD
PHSP,19.1.6,ACCC_APPS_UPDATE_DL_END,19,HD
FLPR,12.0,ACCC_APPS_UPDATE_SUCCESS,1,RIBS
PRLD,8.0,ACCC_APPS_UPDATE_DL_END,2,HD
FLPR,12.0,ACCC_APPS_UPDATE_DL_END,1,RIBS
PPRO,13.0,ACCC_APPS_UPDATE_INSTALL_CANCEL,2,HD
AICY,13.1,ACCC_APPS_UPDATE_INSTALL_CANCEL,0,HD
ESHR,1.1.1,ACCC_APPS_UPDATE_DL_CANCEL,0,HD
ESHR,2.0,ACCC_APPS_UPDATE_SUCCESS,8,HD
KBRG,9.0,ACCC_APPS_UPDATE_DL_CANCEL,16,HD
PPRO,12.1.2,ACCC_APPS_UPDATE_INSTALL_START,3,HD
AEFT,15.1.2,ACCC_APPS_UPDATE_DL_START,2,HD
IDSN,13.1,ACCC_APPS_UPDATE_SUCCESS,3,HD
AUDT,12.0,ACCC_APPS_UPDATE_SUCCESS,3,HD
DRWV,18.2,ACCC_APPS_UPDATE_SUCCESS,2,HD
PHSP,16.0,ACCC_APPS_UPDATE_DL_START,1,RIBS
NGLR,0.9,ACCC_APPS_UPDATE_SUCCESS,1,HD
SPRK,11.0.22,ACCC_APPS_UPDATE_SUCCESS,3,HD
FLPR,18.0.2,ACCC_APPS_UPDATE_DL_START,1,HD
SPRK,11.0.22,ACCC_APPS_UPDATE_INSTALL_START,4,HD
ESHR,2.0,ACCC_APPS_UPDATE_DL_END,8,HD
ESHR,1.1.2,ACCC_APPS_UPDATE_DL_CANCEL,2,HD
ILST,22.1,ACCC_APPS_UPDATE_DL_CANCEL,2,HD
KBRG,9.0,ACCC_APPS_UPDATE_DL_START,39,HD
FLPR,14.0,ACCC_APPS_UPDATE_SUCCESS,1,RIBS
AME,13.0,ACCC_APPS_UPDATE_INSTALL_CANCEL,1,HD
IDSN,10.0,ACCC_APPS_UPDATE_INSTALL_START,1,RIBS
FLPR,15.0,ACCC_APPS_UPDATE_INSTALL_START,1,RIBS
LTRM,8.0,ACCC_APPS_UPDATE_INSTALL_START,3,HD
ACR,10.5,ACCC_APPS_UPDATE_DL_CANCEL,0,HD
AEFT,16.1,ACCC_APPS_UPDATE_DL_START,9,HD
KBRG,6.0,ACCC_APPS_UPDATE_DL_CANCEL,1,RIBS
AUDT,12.0,ACCC_APPS_UPDATE_FAIL,1,HD
PHSP,20.0,ACCC_APPS_UPDATE_INSTALL_START,27,HD
PPRO,12.1.2,ACCC_APPS_UPDATE_DL_CANCEL,1,HD
FLPR,18.0.2,ACCC_APPS_UPDATE_ERROR,1,HD
PHSP,20.0,ACCC_APPS_UPDATE_SUCCESS,24,HD
ILST,23.0,ACCC_APPS_UPDATE_DL_CANCEL,6,HD
KBRG,6.0,ACCC_APPS_UPDATE_INSTALL_START,2,RIBS
FLPR,19.0,ACCC_APPS_UPDATE_INSTALL_CANCEL,3,HD
ILST,23.1,ACCC_APPS_UPDATE_SUCCESS,16,HD
FLPR,14.0,ACCC_APPS_UPDATE_DL_START,1,RIBS
NGLR,0.9,ACCC_APPS_UPDATE_DL_START,1,HD
ESHR,1.1.2,ACCC_APPS_UPDATE_DL_START,3,HD
PHSP,19.1.6,ACCC_APPS_UPDATE_INSTALL_START,27,HD
AME,13.0,ACCC_APPS_UPDATE_DL_END,11,HD
AUDT,5.0,ACCC_APPS_UPDATE_DL_END,1,RIBS
SPRK,11.0.22,ACCC_APPS_UPDATE_DL_CANCEL,2,HD
KBRG,9.0,ACCC_APPS_UPDATE_INSTALL_START,39,HD
FLPR,12.0,ACCC_APPS_UPDATE_DL_CANCEL,1,RIBS
LTRM,8.0,ACCC_APPS_UPDATE_ERROR,1,HD
ILST,23.0,ACCC_APPS_UPDATE_INSTALL_CANCEL,6,HD
IDSN,14.0,ACCC_APPS_UPDATE_FAIL,1,HD
AEFT,16.0,ACCC_APPS_UPDATE_DL_START,29,HD
CHAR,2.0,ACCC_APPS_UPDATE_DL_END,18,HD
IDSN,8.0,ACCC_APPS_UPDATE_DL_START,1,RIBS
IDSN,8.0,ACCC_APPS_UPDATE_FAIL,1,RIBS
ACR,10.5,ACCC_APPS_UPDATE_INSTALL_START,8,HD
SPRK,12.0.12,ACCC_APPS_UPDATE_INSTALL_START,12,HD
AICY,13.1,ACCC_APPS_UPDATE_DL_END,1,HD
FLPR,12.0,ACCC_APPS_UPDATE_DL_START,2,RIBS
ESHR,1.1.1,ACCC_APPS_UPDATE_DL_START,0,HD
AME,13.0,ACCC_APPS_UPDATE_SUCCESS,10,HD
SPRK,11.0.22,ACCC_APPS_UPDATE_DL_START,4,HD
PRLD,8.0,ACCC_APPS_UPDATE_INSTALL_START,2,HD
PHSP,19.1.6,ACCC_APPS_UPDATE_FAIL,0,HD
FLPR,13.0,ACCC_APPS_UPDATE_DL_END,1,RIBS
PPRO,13.0,ACCC_APPS_UPDATE_SUCCESS,25,HD
RUSH,1.0,ACCC_APPS_UPDATE_SUCCESS,2,HD
ILST,23.1,ACCC_APPS_UPDATE_DL_END,16,HD
IDSN,14.0,ACCC_APPS_UPDATE_ERROR,2,HD
AUDT,11.1.1,ACCC_APPS_UPDATE_DL_START,8,HD
IDSN,9.0,ACCC_APPS_UPDATE_DL_CANCEL,1,RIBS
PHSP,16.0,ACCC_APPS_UPDATE_INSTALL_START,1,RIBS
PHSP,15.0,ACCC_APPS_UPDATE_DL_START,2,RIBS
DRWV,19.1,ACCC_APPS_UPDATE_DL_START,15,HD
ESHR,2.0,ACCC_APPS_UPDATE_INSTALL_START,10,HD
KBRG,8.1,ACCC_APPS_UPDATE_INSTALL_CANCEL,1,HD
PPRO,13.0,ACCC_APPS_UPDATE_DL_START,27,HD
AUDT,11.1.1,ACCC_APPS_UPDATE_DL_CANCEL,3,HD
DRWV,19.1,ACCC_APPS_UPDATE_DL_END,14,HD
IDSN,13.1,ACCC_APPS_UPDATE_INSTALL_CANCEL,2,HD
DRWV,19.0,ACCC_APPS_UPDATE_ERROR,1,HD
PHSP,13.0,ACCC_APPS_UPDATE_FAIL,1,RIBS
IDSN,13.1,ACCC_APPS_UPDATE_ERROR,1,HD
AUDT,11.1,ACCC_APPS_UPDATE_INSTALL_CANCEL,0,HD
ILST,23.0,ACCC_APPS_UPDATE_DL_START,31,HD
LRCC,2.0,ACCC_APPS_UPDATE_ERROR,1,HD
AUDT,12.0,ACCC_APPS_UPDATE_DL_START,5,HD
AUDT,11.1,ACCC_APPS_UPDATE_DL_CANCEL,0,HD
PHSP,15.0,ACCC_APPS_UPDATE_DL_END,2,RIBS
IDSN,14.0,ACCC_APPS_UPDATE_SUCCESS,41,HD
PHSP,19.1.6,ACCC_APPS_UPDATE_DL_CANCEL,11,HD
AICY,13.1,ACCC_APPS_UPDATE_INSTALL_START,1,HD
ILST,23.1,ACCC_APPS_UPDATE_DL_CANCEL,1,HD
ACR,10.5,ACCC_APPS_UPDATE_DL_START,8,HD
PHSP,16.0,ACCC_APPS_UPDATE_DL_END,1,RIBS
PPRO,13.0,ACCC_APPS_UPDATE_DL_CANCEL,2,HD
DRWV,19.0,ACCC_APPS_UPDATE_DL_START,9,HD
MUSE,2018.1.0,ACCC_APPS_UPDATE_DL_START,1,HD
PHSP,15.0,ACCC_APPS_UPDATE_INSTALL_START,2,RIBS
AME,12.1.2,ACCC_APPS_UPDATE_DL_START,1,HD
DRWV,19.1,ACCC_APPS_UPDATE_SUCCESS,14,HD
IDSN,8.0,ACCC_APPS_UPDATE_DL_END,1,RIBS
DRWV,18.2,ACCC_APPS_UPDATE_INSTALL_START,2,HD
IDSN,13.1,ACCC_APPS_UPDATE_FAIL,0,HD
ILST,17.0,ACCC_APPS_UPDATE_SUCCESS,1,RIBS
IDSN,14.0,ACCC_APPS_UPDATE_INSTALL_CANCEL,12,HD
SPRK,12.0.12,ACCC_APPS_UPDATE_DL_START,12,HD
ACR,10.5,ACCC_APPS_UPDATE_DL_END,5,HD
