product,vers,errorcode,errortype,workflowcount
LIBS,3.0,113,GenericError,3245
LIBS,3.0,305,GenericError,2821
LIBS,3.0,119,GenericError,2302
LIBS,3.0,146,GenericError,1867
LIBS,3.0,301,GenericError,1539
LIBS,3.0,183,GenericError,839
LIBS,3.0,108,GenericError,545
LIBS,3.0,117,GenericError,483
LIBS,3.0,,DownloadError,370
LIBS,3.0,127,ExtractionError,313
LIBS,3.0,116,GenericError,201
LIBS,3.0,125,GenericError,157
LIBS,3.0,145,GenericError,127
LIBS,3.0,303,GenericError,103
LIBS,3.0,184,GenericError,77
LIBS,3.0,123,GenericError,67
LIBS,3.0,188,GenericError,34
LIBS,3.0,128,GenericError,23
LIBS,3.0,0,GenericError,20
LIBS,3.0,105,GenericError,17
LIBS,3.0,101,GenericError,16
LIBS,3.0,107,GenericError,10
LIBS,3.0,126,GenericError,4
LIBS,3.0,143,GenericError,2
LIBS,3.0,139,GenericError,1
LIBS,3.0,121,GenericError,1
