product,vers,errorcode,errortype,workflowcount
LIBS,3.0,188,InstallationError,9809
LIBS,3.0,301,GenericError,1179
LIBS,3.0,113,DownloadError,271
LIBS,3.0,108,InstallationError,159
LIBS,3.0,105,InstallationError,156
LIBS,3.0,119,DownloadError,91
LIBS,3.0,305,GenericError,71
LIBS,3.0,117,DownloadError,65
LIBS,3.0,183,InstallationError,48
LIBS,3.0,128,InstallationError,22
LIBS,3.0,127,ExtractionError,22
LIBS,3.0,196,InstallationError,21
LIBS,3.0,125,DownloadError,14
LIBS,3.0,,DownloadError,12
LIBS,3.0,303,GenericError,9
LIBS,3.0,146,InstallationError,9
LIBS,3.0,116,DownloadError,8
LIBS,3.0,304,GenericError,5
LIBS,3.0,123,DownloadError,3
LIBS,3.0,184,InstallationError,3
LIBS,3.0,0,InstallationError,1
