<queries_document>
<query_tableName>public.all_ets_event_simple</query_tableName>
<query_accBuildNumber>4.6.0.384</query_accBuildNumber>
<query_insertdts>CAST('2018-08-20 04:00:00' AS TIMESTAMP)</query_insertdts>

<query_object>
<query_name>v2.hdapps.success</query_name>
<query_sql>select json_extract_path_text(params,'Product_ID')::varchar(512) product,json_extract_path_text(params,'Product_Version')::varchar(512) vers, code,count(distinct(user_guid)) ecount, json_extract_path_text(params,'ACCC_HYPERDRIVE_BUILD_PVALUE')::varchar(512) etype from {etsTableName} where code in ('ACCC_APPS_INSTALL_CANCEL', 'ACCC_DL_START','ACCC_INSTALL_END', 'ACCC_APPS_DL_CANCEL', 'ACCC_ERROR','ACCC_APPS_HD_CANCEL') and json_extract_path_text(params,'ACCC_Version')::varchar(512) like '{accBuildNumber}' and  insert_dts >=  {insertdts} and dts >=  {insertdts}  and json_extract_path_text(params,'Product_ID')::varchar(512) NOT IN ('COSY','CCXP','LIBS') group by product,vers,code,etype
</query_sql>
</query_object>

<query_object>
<query_name>v2.hdapps.tier1.success</query_name>
<query_sql>select json_extract_path_text(params,'Product_ID')::varchar(512) product,json_extract_path_text(params,'Product_Version')::varchar(512) vers, code,count(distinct(user_guid)) ecount, json_extract_path_text(params,'ACCC_HYPERDRIVE_BUILD_PVALUE')::varchar(512) etype from {etsTableName} where code in ('ACCC_APPS_INSTALL_CANCEL', 'ACCC_DL_START','ACCC_INSTALL_END', 'ACCC_APPS_DL_CANCEL', 'ACCC_ERROR','ACCC_APPS_HD_CANCEL') and json_extract_path_text(params,'ACCC_Version')::varchar(512) like '{accBuildNumber}' and  insert_dts >=  {insertdts}  and dts >=  {insertdts} and json_extract_path_text(params,'Product_ID')::varchar(512) NOT IN ('COSY','CCXP','LIBS') and json_extract_path_text(params,'Locale')::varchar(512) in ('US','GB','FR','DE','JP') group by product,vers,code,etype
</query_sql>
</query_object>
</queries_document>