code,install_mode,selfupdate_mode,source,workflow_count
ACCC_BOOTSTRAP_DL_START,Auto-Update,,,17569903
ACCC_BOOTSTRAP_INSTALL_START,Auto-Update,,,17251222
ACCC_BOOTSTRAP_DL_END,Auto-Update,,,17238474
ACCC_BOOTSTRAP_INSTALL_END,Auto-Update,,,16765566
ACCC_BOOTSTRAP_INIT_START,Auto-Update,,,16636726
ACCC_BOOTSTRAP_DL_START,Fresh,,WAM,4454801
ACCC_BOOTSTRAP_INSTALL_START,Fresh,,WAM,4133424
ACCC_BOOTSTRAP_DL_END,Fresh,,WAM,4129385
ACCC_BOOTSTRAP_INSTALL_END,Fresh,,WAM,3952377
ACCC_BOOTSTRAP_ADMINPRIVELEGES,Self-Update,true,,1317136
ACCC_BOOTSTRAP_DL_START,Fresh,repair,,854285
ACCC_BOOTSTRAP_INSTALL_START,Fresh,repair,,757872
ACCC_BOOTSTRAP_DL_END,Fresh,repair,,756669
ACCC_BOOTSTRAP_INSTALL_END,Fresh,repair,,740277
ACCC_BOOTSTRAP_DL_START,Self-Update,,,607282
ACCC_BOOTSTRAP_INSTALL_START,Self-Update,,,590965
ACCC_BOOTSTRAP_DL_END,Self-Update,,,590736
ACCC_BOOTSTRAP_INIT_START,Self-Update,,,590113
ACCC_BOOTSTRAP_INSTALL_END,Self-Update,,,586836
ACCC_BOOTSTRAP_DL_FATAL_ERROR,Fresh,,WAM,393694
ACCC_BOOTSTRAP_DL_START,Fresh,,,365157
ACCC_BOOTSTRAP_INSTALL_START,Fresh,,,324172
ACCC_BOOTSTRAP_DL_END,Fresh,,,323678
ACCC_BOOTSTRAP_ADMINPRIVELEGES,Fresh,,,305373
ACCC_BOOTSTRAP_INSTALL_END,Fresh,,,291327
ACCC_BOOTSTRAP_DL_FATAL_ERROR,Auto-Update,,,288891
ACCC_BOOTSTRAP_DL_RETRY,Fresh,,WAM,241783
ACCC_BOOTSTRAP_DL_START,Self-Update,repair,,235552
ACCC_BOOTSTRAP_INIT_FATAL_ERROR,Auto-Update,,,221833
ACCC_BOOTSTRAP_INSTALL_START,Self-Update,repair,,201661
ACCC_BOOTSTRAP_DL_END,Self-Update,repair,,201065
ACCC_BOOTSTRAP_INSTALL_FATAL_ERROR,Auto-Update,,,166152
ACCC_BOOTSTRAP_INSTALL_END,Self-Update,repair,,162537
ACCC_BOOTSTRAP_HELPER_FAILURE,Self-Update,true,,149224
ACCC_BOOTSTRAP_DL_START,Update,,WAM,114079
ACCC_BOOTSTRAP_INSTALL_START,Update,,WAM,107289
ACCC_BOOTSTRAP_DL_END,Update,,WAM,107168
ACCC_BOOTSTRAP_INSTALL_END,Update,,WAM,101685
ACCC_BOOTSTRAP_DL_RETRY,Auto-Update,,,87463
ACCC_BOOTSTRAP_DL_FATAL_ERROR,Fresh,repair,,85670
ACCC_BOOTSTRAP_DL_START,Self-Update,true,,85258
ACCC_BOOTSTRAP_INSTALL_START,Self-Update,true,,76943
ACCC_BOOTSTRAP_DL_END,Self-Update,true,,76819
ACCC_BOOTSTRAP_PIM_DL_ERROR,Auto-Update,,,75940
ACCC_BOOTSTRAP_INSTALL_END,Self-Update,true,,73904
ACCC_BOOTSTRAP_ADMINPRIVELEGES,Self-Update,,,64696
ACCC_BOOTSTRAP_INIT_FATAL_ERROR,Self-Update,,,45811
ACCC_BOOTSTRAP_DL_FATAL_ERROR,Fresh,,,38335
ACCC_BOOTSTRAP_INSTALL_FATAL_ERROR,Self-Update,repair,,35706
ACCC_BOOTSTRAP_INSTALL_FATAL_ERROR,Fresh,,WAM,34626
ACCC_BOOTSTRAP_DL_FATAL_ERROR,Self-Update,repair,,24968
ACCC_BOOTSTRAP_DL_RETRY,Fresh,repair,,20021
ACCC_BOOTSTRAP_DL_FATAL_ERROR,Self-Update,,,11252
ACCC_BOOTSTRAP_DL_RETRY,Fresh,,,10750
ACCC_BOOTSTRAP_INSTALL_FATAL_ERROR,Fresh,repair,,9152
ACCC_BOOTSTRAP_DL_FATAL_ERROR,Self-Update,true,,8113
ACCC_BOOTSTRAP_DL_FATAL_ERROR,Update,,WAM,7748
ACCC_BOOTSTRAP_DL_RETRY,Self-Update,,,6657
ACCC_BOOTSTRAP_DL_RETRY,Self-Update,repair,,6422
ACCC_BOOTSTRAP_DL_RETRY,Update,,WAM,6178
ACCC_BOOTSTRAP_INSTALL_FATAL_ERROR,Self-Update,,,5492
ACCC_BOOTSTRAP_INSTALL_FATAL_ERROR,Fresh,,,4801
ACCC_BOOTSTRAP_PIM_DL_ERROR,Self-Update,repair,,4646
ACCC_BOOTSTRAP_INSTALL_FATAL_ERROR,Update,,WAM,4412
ACCC_BOOTSTRAP_PIM_DL_ERROR,Fresh,,,4182
ACCC_BOOTSTRAP_PIM_DL_ERROR,Self-Update,,,3198
ACCC_BOOTSTRAP_DL_RETRY,Self-Update,true,,2922
ACCC_BOOTSTRAP_INSTALL_FATAL_ERROR,Self-Update,true,,2110
ACCC_BOOTSTRAP_PIM_DL_ERROR,Self-Update,true,,1608
ACCC_BOOTSTRAP_HELPER_FAILURE,Fresh,,,128
ACCC_BOOTSTRAP_PIM_DL_ERROR,Fresh,repair,,6
ACCC_BOOTSTRAP_INIT_START,,,,1
