workflow_count,errorcode,errorsubcode,code,install_mode,selfupdate_mode,source
17571308,,,ACCC_BOOTSTRAP_DL_START,Auto-Update,,
17252589,,,ACCC_BOOTSTRAP_INSTALL_START,Auto-Update,,
17239835,,,ACCC_BOOTSTRAP_DL_END,Auto-Update,,
16766861,,,ACCC_BOOTSTRAP_INSTALL_END,Auto-Update,,
16638042,,,ACCC_BOOTSTRAP_INIT_START,Auto-Update,,
4456726,,,ACCC_BOOTSTRAP_DL_START,Fresh,,WAM
4135259,,,ACCC_BOOTSTRAP_INSTALL_START,Fresh,,WAM
4131226,,,ACCC_BOOTSTRAP_DL_END,Fresh,,WAM
3954147,,,ACCC_BOOTSTRAP_INSTALL_END,Fresh,,WAM
1317486,,,ACCC_BOOTSTRAP_ADMINPRIVELEGES,Self-Update,true,
854651,,,ACCC_BOOTSTRAP_DL_START,Fresh,repair,
758202,,,ACCC_BOOTSTRAP_INSTALL_START,Fresh,repair,
756999,,,ACCC_BOOTSTRAP_DL_END,Fresh,repair,
740595,,,ACCC_BOOTSTRAP_INSTALL_END,Fresh,repair,
607378,,,ACCC_BOOTSTRAP_DL_START,Self-Update,,
591056,,,ACCC_BOOTSTRAP_INSTALL_START,Self-Update,,
590825,,,ACCC_BOOTSTRAP_DL_END,Self-Update,,
590265,,,ACCC_BOOTSTRAP_INIT_START,Self-Update,,
586930,,,ACCC_BOOTSTRAP_INSTALL_END,Self-Update,,
365310,,,ACCC_BOOTSTRAP_DL_START,Fresh,,
324305,,,ACCC_BOOTSTRAP_INSTALL_START,Fresh,,
323815,,,ACCC_BOOTSTRAP_DL_END,Fresh,,
305499,,,ACCC_BOOTSTRAP_ADMINPRIVELEGES,Fresh,,
291452,,,ACCC_BOOTSTRAP_INSTALL_END,Fresh,,
274256,PIM_STATUS_DOWNLOAD_CANCELED,,ACCC_BOOTSTRAP_DL_FATAL_ERROR,Fresh,,WAM
241786,PIM_STATUS_SUCCESS,,ACCC_BOOTSTRAP_DL_RETRY,Fresh,,WAM
235627,,,ACCC_BOOTSTRAP_DL_START,Self-Update,repair,
201720,,,ACCC_BOOTSTRAP_INSTALL_START,Self-Update,repair,
201124,,,ACCC_BOOTSTRAP_DL_END,Self-Update,repair,
162594,,,ACCC_BOOTSTRAP_INSTALL_END,Self-Update,repair,
153501,PIM_STATUS_DOWNLOAD_ERROR,,ACCC_BOOTSTRAP_DL_FATAL_ERROR,Auto-Update,,
148326,eCC_HELPER_REMOTE_OBJECT_PROXY_CREATION_FAILED,,ACCC_BOOTSTRAP_HELPER_FAILURE,Self-Update,true,
132655,LBS_ERROR_IPC,,ACCC_BOOTSTRAP_INIT_FATAL_ERROR,Auto-Update,,
119793,LBS_ERROR_ADMIN_PRIVILEDGE_REQUIRED,,ACCC_BOOTSTRAP_INIT_FATAL_ERROR,Auto-Update,,
114130,,,ACCC_BOOTSTRAP_DL_START,Update,,WAM
107337,,,ACCC_BOOTSTRAP_INSTALL_START,Update,,WAM
107216,,,ACCC_BOOTSTRAP_DL_END,Update,,WAM
101731,,,ACCC_BOOTSTRAP_INSTALL_END,Update,,WAM
87137,PIM_STATUS_FILE_COPY_ERROR,,ACCC_BOOTSTRAP_INSTALL_FATAL_ERROR,Auto-Update,,
85308,,,ACCC_BOOTSTRAP_DL_START,Self-Update,true,
76990,,,ACCC_BOOTSTRAP_INSTALL_START,Self-Update,true,
76866,,,ACCC_BOOTSTRAP_DL_END,Self-Update,true,
74926,PIM_STATUS_DOWNLOAD_SERVER_UNRESPONSIVE,,ACCC_BOOTSTRAP_DL_RETRY,Auto-Update,,
73950,,,ACCC_BOOTSTRAP_INSTALL_END,Self-Update,true,
64717,,,ACCC_BOOTSTRAP_ADMINPRIVELEGES,Self-Update,,
55971,PIM_STATUS_DOWNLOAD_CANCELED,,ACCC_BOOTSTRAP_DL_FATAL_ERROR,Fresh,repair,
37539,PIM_STATUS_DOWNLOAD_CANCELED,PIM_STATUS_DOWNLOAD_SERVER_UNRESPONSIVE,ACCC_BOOTSTRAP_DL_FATAL_ERROR,Fresh,,WAM
36379,PIM_STATUS_DOWNLOAD_FILE_HANDLING_ERROR,,ACCC_BOOTSTRAP_DL_FATAL_ERROR,Auto-Update,,
32648,PIM_STATUS_FAILED_TO_BACKUP,,ACCC_BOOTSTRAP_INSTALL_FATAL_ERROR,Self-Update,repair,
31974,PIM_STATUS_DOWNLOAD_CANCELED,PIM_STATUS_DOWNLOAD_SERVER_UNRESPONSIVE,ACCC_BOOTSTRAP_DL_FATAL_ERROR,Auto-Update,,
31576,PIM_STATUS_DOWNLOAD_ERROR,,ACCC_BOOTSTRAP_DL_FATAL_ERROR,Fresh,,WAM
30825,PIM_STATUS_DOWNLOAD_EXTRACTION_ERROR,,ACCC_BOOTSTRAP_DL_FATAL_ERROR,Auto-Update,,
30086,PIM_STATUS_DOWNLOAD_ERROR,,ACCC_BOOTSTRAP_PIM_DL_ERROR,Auto-Update,,
30023,PIM_STATUS_FAILED_TO_BACKUP,,ACCC_BOOTSTRAP_INSTALL_FATAL_ERROR,Auto-Update,,
27585,PIM_STATUS_DOWNLOAD_FILE_HANDLING_ERROR,,ACCC_BOOTSTRAP_DL_FATAL_ERROR,Fresh,,WAM
27039,PIM_STATUS_DOWNLOAD_CANCELED,,ACCC_BOOTSTRAP_DL_FATAL_ERROR,Auto-Update,,
26254,PIM_STATUS_DOWNLOAD_CANCELED,,ACCC_BOOTSTRAP_DL_FATAL_ERROR,Fresh,,
23901,PIM_STATUS_DOWNLOAD_CANCELED,PIM_STATUS_DOWNLOAD_NETWORK_UNAVAILABLE,ACCC_BOOTSTRAP_DL_FATAL_ERROR,Fresh,,WAM
23364,LBS_ERROR_ADMIN_PRIVILEDGE_REQUIRED,,ACCC_BOOTSTRAP_INIT_FATAL_ERROR,Self-Update,,
23008,PIM_STATUS_DOWNLOAD_SERVER_UNRESPONSIVE,,ACCC_BOOTSTRAP_PIM_DL_ERROR,Auto-Update,,
22297,LBS_ERROR_IPC,,ACCC_BOOTSTRAP_INIT_FATAL_ERROR,Self-Update,,
19345,PIM_STATUS_FILE_NOT_FOUND,,ACCC_BOOTSTRAP_INSTALL_FATAL_ERROR,Auto-Update,,
17409,PIM_STATUS_DOWNLOAD_SERVER_UNRESPONSIVE,,ACCC_BOOTSTRAP_DL_RETRY,Fresh,repair,
14560,PIM_STATUS_INSUFFICIENT_FREE_DISK_SPACE,,ACCC_BOOTSTRAP_INSTALL_FATAL_ERROR,Auto-Update,,
14502,PIM_STATUS_DOWNLOAD_CANCELED,,ACCC_BOOTSTRAP_DL_FATAL_ERROR,Self-Update,repair,
11857,PIM_STATUS_ERROR,,ACCC_BOOTSTRAP_INSTALL_FATAL_ERROR,Fresh,,WAM
11038,PIM_STATUS_DOWNLOAD_DOWNLOAD_INVALID_FILE_ERROR,,ACCC_BOOTSTRAP_PIM_DL_ERROR,Auto-Update,,
10652,PIM_STATUS_DOWNLOAD_CANCELED,PIM_STATUS_DOWNLOAD_SERVER_UNRESPONSIVE,ACCC_BOOTSTRAP_DL_FATAL_ERROR,Fresh,repair,
10455,PIM_STATUS_DOWNLOAD_EXTRACTION_ERROR,,ACCC_BOOTSTRAP_DL_FATAL_ERROR,Fresh,,WAM
9138,PIM_STATUS_DOWNLOAD_SERVER_UNRESPONSIVE,,ACCC_BOOTSTRAP_DL_RETRY,Fresh,,
8864,PIM_STATUS_DOWNLOAD_ERROR,,ACCC_BOOTSTRAP_DL_FATAL_ERROR,Fresh,repair,
8222,PIM_STATUS_DOWNLOAD_HTTP_INVALID_URL,,ACCC_BOOTSTRAP_DL_FATAL_ERROR,Auto-Update,,
7985,PIM_STATUS_DOWNLOAD_NETWORK_UNAVAILABLE,,ACCC_BOOTSTRAP_PIM_DL_ERROR,Auto-Update,,
7971,PIM_STATUS_DOWNLOAD_DOWNLOAD_INVALID_FILE_ERROR,,ACCC_BOOTSTRAP_DL_RETRY,Auto-Update,,
7655,PIM_STATUS_FILE_EXTRACTION_ERROR,,ACCC_BOOTSTRAP_INSTALL_FATAL_ERROR,Fresh,,WAM
7253,PIM_STATUS_FILE_NOT_FOUND,,ACCC_BOOTSTRAP_INSTALL_FATAL_ERROR,Fresh,,WAM
6641,PIM_STATUS_FILE_EXTRACTION_ERROR,,ACCC_BOOTSTRAP_INSTALL_FATAL_ERROR,Auto-Update,,
6175,PIM_STATUS_SUCCESS,,ACCC_BOOTSTRAP_DL_RETRY,Update,,WAM
6002,PIM_STATUS_DOWNLOAD_HTTP_INVALID_URL,,ACCC_BOOTSTRAP_DL_FATAL_ERROR,Fresh,,WAM
5526,PIM_STATUS_DOWNLOAD_SERVER_UNRESPONSIVE,,ACCC_BOOTSTRAP_DL_RETRY,Self-Update,repair,
5485,PIM_STATUS_DOWNLOAD_SERVER_UNRESPONSIVE,,ACCC_BOOTSTRAP_DL_RETRY,Self-Update,,
5047,PIM_STATUS_DOWNLOAD_ERROR,,ACCC_BOOTSTRAP_DL_FATAL_ERROR,Self-Update,,
5008,PIM_STATUS_DOWNLOAD_ERROR,,ACCC_BOOTSTRAP_DL_RETRY,Auto-Update,,
4651,PIM_STATUS_INSUFFICIENT_FREE_DISK_SPACE,,ACCC_BOOTSTRAP_INSTALL_FATAL_ERROR,Fresh,,WAM
4441,PIM_STATUS_DOWNLOAD_CANCELED,,ACCC_BOOTSTRAP_DL_FATAL_ERROR,Self-Update,true,
4438,PIM_STATUS_FILE_EXTRACTION_ERROR,,ACCC_BOOTSTRAP_INSTALL_FATAL_ERROR,Fresh,repair,
4372,PIM_STATUS_DOWNLOAD_CANCELED,PIM_STATUS_DOWNLOAD_SERVER_UNRESPONSIVE,ACCC_BOOTSTRAP_DL_FATAL_ERROR,Self-Update,repair,
4355,PIM_STATUS_DOWNLOAD_CANCELED,PIM_STATUS_DOWNLOAD_DOWNLOAD_INVALID_FILE_ERROR,ACCC_BOOTSTRAP_DL_FATAL_ERROR,Fresh,,WAM
4336,PIM_STATUS_DOWNLOAD_CANCELED,PIM_STATUS_DOWNLOAD_DOWNLOAD_INVALID_FILE_ERROR,ACCC_BOOTSTRAP_DL_FATAL_ERROR,Auto-Update,,
4101,PIM_STATUS_DOWNLOAD_CANCELED,,ACCC_BOOTSTRAP_DL_FATAL_ERROR,Update,,WAM
3807,PIM_STATUS_DOWNLOAD_FILE_HANDLING_ERROR,,ACCC_BOOTSTRAP_DL_FATAL_ERROR,Fresh,repair,
3671,PIM_STATUS_DOWNLOAD_ERROR,,ACCC_BOOTSTRAP_DL_FATAL_ERROR,Fresh,,
3550,PIM_STATUS_DOWNLOAD_CANCELED,PIM_STATUS_DOWNLOAD_SERVER_UNRESPONSIVE,ACCC_BOOTSTRAP_DL_FATAL_ERROR,Fresh,,
3376,LBS_ERROR_LAUNCH_FAILED,,ACCC_BOOTSTRAP_INIT_FATAL_ERROR,Auto-Update,,
3319,PIM_STATUS_ERROR,,ACCC_BOOTSTRAP_INSTALL_FATAL_ERROR,Update,,WAM
3123,PIM_STATUS_NOTIFIER_CLOSE_ERROR,,ACCC_BOOTSTRAP_INSTALL_FATAL_ERROR,Auto-Update,,
2977,PIM_STATUS_DOWNLOAD_CANCELED,PIM_STATUS_DOWNLOAD_ERROR,ACCC_BOOTSTRAP_DL_FATAL_ERROR,Auto-Update,,
2858,PIM_STATUS_FILE_EXTRACTION_ERROR,,ACCC_BOOTSTRAP_INSTALL_FATAL_ERROR,Fresh,,
2647,PIM_STATUS_DOWNLOAD_ERROR,,ACCC_BOOTSTRAP_DL_FATAL_ERROR,Self-Update,repair,
2551,PIM_STATUS_FILE_NOT_FOUND,,ACCC_BOOTSTRAP_INSTALL_FATAL_ERROR,Fresh,repair,
2483,PIM_STATUS_FAILED_TO_BACKUP,,ACCC_BOOTSTRAP_INSTALL_FATAL_ERROR,Fresh,,WAM
2441,PIM_STATUS_DOWNLOAD_FILE_HANDLING_ERROR,,ACCC_BOOTSTRAP_DL_FATAL_ERROR,Fresh,,
2430,PIM_STATUS_DOWNLOAD_EXTRACTION_ERROR,,ACCC_BOOTSTRAP_DL_FATAL_ERROR,Fresh,repair,
2292,PIM_STATUS_DOWNLOAD_CANCELED,,ACCC_BOOTSTRAP_DL_FATAL_ERROR,Self-Update,,
2214,PIM_STATUS_FILE_COPY_ERROR,,ACCC_BOOTSTRAP_INSTALL_FATAL_ERROR,Self-Update,,
2144,PIM_STATUS_DOWNLOAD_SERVER_UNRESPONSIVE,,ACCC_BOOTSTRAP_DL_RETRY,Self-Update,true,
2136,PIM_STATUS_ERROR,,ACCC_BOOTSTRAP_INSTALL_FATAL_ERROR,Auto-Update,,
2099,LBS_ERROR_FATAL,,ACCC_BOOTSTRAP_INIT_FATAL_ERROR,Auto-Update,,
2081,PIM_STATUS_DOWNLOAD_HTTP_INVALID_URL,,ACCC_BOOTSTRAP_DL_FATAL_ERROR,Fresh,repair,
1955,PIM_STATUS_ACC_FAILED_TO_QUIT,,ACCC_BOOTSTRAP_INSTALL_FATAL_ERROR,Auto-Update,,
1940,PIM_STATUS_DOWNLOAD_CANCELED,PIM_STATUS_DOWNLOAD_ERROR,ACCC_BOOTSTRAP_DL_FATAL_ERROR,Fresh,,WAM
1905,PIM_STATUS_PACKAGE_NOT_GENUINE,,ACCC_BOOTSTRAP_DL_FATAL_ERROR,Auto-Update,,
1863,PIM_STATUS_DOWNLOAD_ERROR,,ACCC_BOOTSTRAP_DL_FATAL_ERROR,Self-Update,true,
1844,PIM_STATUS_DOWNLOAD_OUTPUT_DISK_FULL,,ACCC_BOOTSTRAP_PIM_DL_ERROR,Auto-Update,,
1774,PIM_STATUS_FILE_CORRUPTED_PIMX,,ACCC_BOOTSTRAP_INSTALL_FATAL_ERROR,Auto-Update,,
1734,PIM_STATUS_DOWNLOAD_FILE_HANDLING_ERROR,,ACCC_BOOTSTRAP_DL_FATAL_ERROR,Self-Update,repair,
1719,PIM_STATUS_DOWNLOAD_SERVER_UNRESPONSIVE,,ACCC_BOOTSTRAP_PIM_DL_ERROR,Self-Update,repair,
1674,PIM_STATUS_DOWNLOAD_FILE_HANDLING_ERROR,,ACCC_BOOTSTRAP_PIM_DL_ERROR,Auto-Update,,
1375,PIM_STATUS_DOWNLOAD_ERROR,,ACCC_BOOTSTRAP_DL_FATAL_ERROR,Update,,WAM
1366,PIM_STATUS_DOWNLOAD_CANCELED,PIM_STATUS_DOWNLOAD_NETWORK_UNAVAILABLE,ACCC_BOOTSTRAP_DL_FATAL_ERROR,Auto-Update,,
1359,PIM_STATUS_FILE_EXTRACTION_ERROR,,ACCC_BOOTSTRAP_INSTALL_FATAL_ERROR,Self-Update,repair,
1334,PIM_STATUS_FAILED_TO_BACKUP,,ACCC_BOOTSTRAP_INSTALL_FATAL_ERROR,Self-Update,,
1324,PIM_STATUS_DOWNLOAD_DOWNLOAD_INVALID_FILE_ERROR,,ACCC_BOOTSTRAP_DL_RETRY,Fresh,repair,
1291,PIM_STATUS_DOWNLOAD_ERROR,,ACCC_BOOTSTRAP_PIM_DL_ERROR,Self-Update,,
1273,PIM_STATUS_DOWNLOAD_EXTRACTION_ERROR,,ACCC_BOOTSTRAP_DL_FATAL_ERROR,Self-Update,,
1249,PIM_STATUS_DOWNLOAD_CANCELED,PIM_STATUS_DOWNLOAD_SERVER_UNRESPONSIVE,ACCC_BOOTSTRAP_DL_FATAL_ERROR,Self-Update,,
1225,PIM_STATUS_DOWNLOAD_ERROR,,ACCC_BOOTSTRAP_PIM_DL_ERROR,Self-Update,repair,
1215,PIM_STATUS_DOWNLOAD_CANCELED,PIM_STATUS_DOWNLOAD_NETWORK_UNAVAILABLE,ACCC_BOOTSTRAP_DL_FATAL_ERROR,Fresh,repair,
1185,PIM_STATUS_DOWNLOAD_SERVER_UNRESPONSIVE,,ACCC_BOOTSTRAP_PIM_DL_ERROR,Fresh,,
1181,PIM_STATUS_DOWNLOAD_HTTP_INVALID_URL,,ACCC_BOOTSTRAP_PIM_DL_ERROR,Auto-Update,,
1181,PIM_STATUS_DOWNLOAD_ERROR,,ACCC_BOOTSTRAP_PIM_DL_ERROR,Fresh,,
1179,PIM_STATUS_DOWNLOAD_SERVER_UNRESPONSIVE,,ACCC_BOOTSTRAP_DL_FATAL_ERROR,Fresh,,WAM
1132,PIM_STATUS_DOWNLOAD_DOWNLOAD_INVALID_FILE_ERROR,,ACCC_BOOTSTRAP_DL_RETRY,Fresh,,
1073,PIM_STATUS_DOWNLOAD_ERROR,,ACCC_BOOTSTRAP_DL_RETRY,Fresh,repair,
1044,PIM_STATUS_DOWNLOAD_HTTP_INVALID_URL,,ACCC_BOOTSTRAP_DL_FATAL_ERROR,Fresh,,
1042,PIM_STATUS_DOWNLOAD_EXTRACTION_ERROR,,ACCC_BOOTSTRAP_DL_FATAL_ERROR,Fresh,,
1035,PIM_STATUS_ERROR,,ACCC_BOOTSTRAP_INSTALL_FATAL_ERROR,Self-Update,true,
1002,PIM_STATUS_FILE_CORRUPTED_PIMX,,ACCC_BOOTSTRAP_INSTALL_FATAL_ERROR,Fresh,,WAM
993,PIM_STATUS_DOWNLOAD_SERVER_UNRESPONSIVE,,ACCC_BOOTSTRAP_DL_FATAL_ERROR,Fresh,,
968,PIM_STATUS_DOWNLOAD_DATA_VALIDATION_ERROR,,ACCC_BOOTSTRAP_DL_FATAL_ERROR,Auto-Update,,
966,PIM_STATUS_DOWNLOAD_CANCELED,PIM_STATUS_DOWNLOAD_SERVER_UNRESPONSIVE,ACCC_BOOTSTRAP_DL_FATAL_ERROR,Update,,WAM
911,HELPER_BLESS_FAILED,,ACCC_BOOTSTRAP_HELPER_FAILURE,Self-Update,true,
903,PIM_STATUS_FILE_NOT_FOUND,,ACCC_BOOTSTRAP_INSTALL_FATAL_ERROR,Fresh,,
889,PIM_STATUS_DOWNLOAD_DOWNLOAD_INVALID_FILE_ERROR,,ACCC_BOOTSTRAP_PIM_DL_ERROR,Self-Update,repair,
860,PIM_STATUS_DOWNLOAD_SERVER_UNRESPONSIVE,,ACCC_BOOTSTRAP_PIM_DL_ERROR,Self-Update,,
856,PIM_STATUS_DOWNLOAD_ERROR,,ACCC_BOOTSTRAP_PIM_DL_ERROR,Self-Update,true,
852,PIM_STATUS_DOWNLOAD_CANCELED,PIM_STATUS_DOWNLOAD_SERVER_UNRESPONSIVE,ACCC_BOOTSTRAP_DL_FATAL_ERROR,Self-Update,true,
836,PIM_STATUS_DOWNLOAD_DOWNLOAD_INVALID_FILE_ERROR,,ACCC_BOOTSTRAP_DL_RETRY,Self-Update,,
773,PIM_STATUS_DOWNLOAD_CANCELED,PIM_STATUS_DOWNLOAD_DOWNLOAD_INVALID_FILE_ERROR,ACCC_BOOTSTRAP_DL_FATAL_ERROR,Fresh,repair,
736,PIM_STATUS_DOWNLOAD_CANCELED,PIM_STATUS_DOWNLOAD_NETWORK_UNAVAILABLE,ACCC_BOOTSTRAP_DL_FATAL_ERROR,Fresh,,
731,PIM_STATUS_DOWNLOAD_DOWNLOAD_INVALID_FILE_ERROR,,ACCC_BOOTSTRAP_PIM_DL_ERROR,Fresh,,
704,PIM_STATUS_ERROR,,ACCC_BOOTSTRAP_INSTALL_FATAL_ERROR,Fresh,repair,
682,PIM_STATUS_DOWNLOAD_CANCELED,PIM_STATUS_DOWNLOAD_ERROR,ACCC_BOOTSTRAP_DL_FATAL_ERROR,Fresh,repair,
673,PIM_STATUS_FILE_CREATE_ERROR,,ACCC_BOOTSTRAP_INSTALL_FATAL_ERROR,Fresh,,WAM
673,PIM_STATUS_DOWNLOAD_NETWORK_UNAVAILABLE,,ACCC_BOOTSTRAP_PIM_DL_ERROR,Fresh,,
660,PIM_STATUS_FILE_NOT_FOUND,,ACCC_BOOTSTRAP_INSTALL_FATAL_ERROR,Self-Update,repair,
659,PIM_STATUS_DOWNLOAD_DOWNLOAD_INVALID_FILE_ERROR,,ACCC_BOOTSTRAP_DL_RETRY,Self-Update,true,
620,PIM_STATUS_FILE_CREATE_ERROR,,ACCC_BOOTSTRAP_INSTALL_FATAL_ERROR,Self-Update,repair,
605,PIM_STATUS_PACKAGE_NOT_GENUINE,,ACCC_BOOTSTRAP_INSTALL_FATAL_ERROR,Auto-Update,,
597,PIM_STATUS_SUCCESS,,ACCC_BOOTSTRAP_DL_RETRY,Fresh,repair,
562,PIM_STATUS_FILE_CORRUPTED_PIMX,,ACCC_BOOTSTRAP_INSTALL_FATAL_ERROR,Fresh,repair,
561,PIM_STATUS_DOWNLOAD_CANCELED,PIM_STATUS_DOWNLOAD_DOWNLOAD_INVALID_FILE_ERROR,ACCC_BOOTSTRAP_DL_FATAL_ERROR,Fresh,,
556,PIM_STATUS_FILE_EXTRACTION_ERROR,,ACCC_BOOTSTRAP_INSTALL_FATAL_ERROR,Self-Update,true,
555,PIM_STATUS_DOWNLOAD_FILE_HANDLING_ERROR,,ACCC_BOOTSTRAP_DL_FATAL_ERROR,Self-Update,,
539,,,ACCC_BOOTSTRAP_INIT_FATAL_ERROR,Self-Update,,
508,PIM_STATUS_INSUFFICIENT_FREE_DISK_SPACE,,ACCC_BOOTSTRAP_INSTALL_FATAL_ERROR,Self-Update,,
481,PIM_STATUS_DOWNLOAD_FILE_HANDLING_ERROR,,ACCC_BOOTSTRAP_DL_FATAL_ERROR,Update,,WAM
477,PIM_STATUS_DOWNLOAD_DOWNLOAD_INVALID_FILE_ERROR,,ACCC_BOOTSTRAP_PIM_DL_ERROR,Self-Update,,
441,PIM_STATUS_DOWNLOAD_PROXY_AUTHENTICATION_REQUIRED,,ACCC_BOOTSTRAP_PIM_DL_ERROR,Auto-Update,,
435,PIM_STATUS_DOWNLOAD_HTTP_INVALID_URL,,ACCC_BOOTSTRAP_DL_FATAL_ERROR,Self-Update,repair,
434,PIM_STATUS_DOWNLOAD_NETWORK_UNAVAILABLE,,ACCC_BOOTSTRAP_PIM_DL_ERROR,Self-Update,repair,
428,PIM_STATUS_FILE_EXTRACTION_ERROR,,ACCC_BOOTSTRAP_INSTALL_FATAL_ERROR,Update,,WAM
425,PIM_STATUS_DOWNLOAD_CANCELED,PIM_STATUS_DOWNLOAD_NETWORK_UNAVAILABLE,ACCC_BOOTSTRAP_DL_FATAL_ERROR,Self-Update,repair,
422,PIM_STATUS_DOWNLOAD_PROXY_AUTHENTICATION_REQUIRED,,ACCC_BOOTSTRAP_DL_RETRY,Auto-Update,,
421,PIM_STATUS_PACKAGE_NOT_GENUINE,,ACCC_BOOTSTRAP_DL_FATAL_ERROR,Fresh,,WAM
420,PIM_STATUS_FILE_NOT_FOUND,,ACCC_BOOTSTRAP_INSTALL_FATAL_ERROR,Self-Update,,
411,PIM_STATUS_ERROR,,ACCC_BOOTSTRAP_INSTALL_FATAL_ERROR,Fresh,,
409,PIM_STATUS_FILE_EXTRACTION_ERROR,,ACCC_BOOTSTRAP_PIM_DL_ERROR,Auto-Update,,
406,PIM_STATUS_DOWNLOAD_ERROR,,ACCC_BOOTSTRAP_DL_RETRY,Fresh,,
406,PIM_STATUS_DOWNLOAD_DOWNLOAD_INVALID_FILE_ERROR,,ACCC_BOOTSTRAP_DL_RETRY,Self-Update,repair,
393,PIM_STATUS_DOWNLOAD_SERVER_UNRESPONSIVE,,ACCC_BOOTSTRAP_PIM_DL_ERROR,Self-Update,true,
388,PIM_STATUS_DOWNLOAD_HTTP_INVALID_URL,,ACCC_BOOTSTRAP_DL_FATAL_ERROR,Self-Update,true,
373,PIM_STATUS_DOWNLOAD_ERROR,,ACCC_BOOTSTRAP_DL_RETRY,Self-Update,,
370,PIM_STATUS_FILE_EXTRACTION_ERROR,,ACCC_BOOTSTRAP_INSTALL_FATAL_ERROR,Self-Update,,
367,PIM_STATUS_INSUFFICIENT_FREE_DISK_SPACE,,ACCC_BOOTSTRAP_INSTALL_FATAL_ERROR,Fresh,repair,
364,PIM_STATUS_ERROR,,ACCC_BOOTSTRAP_INSTALL_FATAL_ERROR,Self-Update,,
361,PIM_STATUS_INSUFFICIENT_FREE_DISK_SPACE,,ACCC_BOOTSTRAP_INSTALL_FATAL_ERROR,Fresh,,
358,PIM_STATUS_DOWNLOAD_CANCELED,PIM_STATUS_DOWNLOAD_NETWORK_UNAVAILABLE,ACCC_BOOTSTRAP_DL_FATAL_ERROR,Update,,WAM
346,PIM_STATUS_DOWNLOAD_ERROR,,ACCC_BOOTSTRAP_DL_RETRY,Self-Update,repair,
341,PIM_STATUS_DOWNLOAD_CANCELED,PIM_STATUS_DOWNLOAD_DOWNLOAD_INVALID_FILE_ERROR,ACCC_BOOTSTRAP_DL_FATAL_ERROR,Self-Update,repair,
332,PIM_STATUS_DOWNLOAD_CANCELED,PIM_STATUS_DOWNLOAD_OUTPUT_DISK_FULL,ACCC_BOOTSTRAP_DL_FATAL_ERROR,Fresh,,WAM
322,PIM_STATUS_DOWNLOAD_CANCELED,PIM_STATUS_DOWNLOAD_DOWNLOAD_INVALID_FILE_ERROR,ACCC_BOOTSTRAP_DL_FATAL_ERROR,Self-Update,true,
321,PIM_STATUS_DOWNLOAD_CANCELED,PIM_STATUS_DOWNLOAD_DOWNLOAD_INVALID_FILE_ERROR,ACCC_BOOTSTRAP_DL_FATAL_ERROR,Update,,WAM
318,PIM_STATUS_SUCCESS,,ACCC_BOOTSTRAP_DL_RETRY,Fresh,,
317,PIM_STATUS_DOWNLOAD_NETWORK_UNAVAILABLE,,ACCC_BOOTSTRAP_PIM_DL_ERROR,Self-Update,,
300,PIM_STATUS_DOWNLOAD_HTTP_INVALID_URL,,ACCC_BOOTSTRAP_DL_FATAL_ERROR,Update,,WAM
295,PIM_STATUS_DOWNLOAD_CANCELED,PIM_STATUS_DOWNLOAD_ERROR,ACCC_BOOTSTRAP_DL_FATAL_ERROR,Self-Update,repair,
294,PIM_STATUS_DOWNLOAD_EXTRACTION_ERROR,,ACCC_BOOTSTRAP_DL_FATAL_ERROR,Update,,WAM
291,PIM_STATUS_DOWNLOAD_HTTP_INVALID_URL,,ACCC_BOOTSTRAP_DL_FATAL_ERROR,Self-Update,,
286,PIM_STATUS_FAILED_TO_BACKUP,,ACCC_BOOTSTRAP_INSTALL_FATAL_ERROR,Update,,WAM
284,PIM_STATUS_DOWNLOAD_FILE_HANDLING_ERROR,,ACCC_BOOTSTRAP_DL_FATAL_ERROR,Self-Update,true,
280,PIM_STATUS_FAILED_TO_BACKUP,,ACCC_BOOTSTRAP_INSTALL_FATAL_ERROR,Fresh,repair,
275,PIM_STATUS_DOWNLOAD_FILE_HANDLING_ERROR,,ACCC_BOOTSTRAP_PIM_DL_ERROR,Fresh,,
256,PIM_STATUS_DOWNLOAD_EXTRACTION_ERROR,,ACCC_BOOTSTRAP_DL_FATAL_ERROR,Self-Update,repair,
255,PIM_STATUS_SUCCESS,,ACCC_BOOTSTRAP_DL_RETRY,Self-Update,repair,
250,PIM_STATUS_DOWNLOAD_CANCELED,PIM_STATUS_DOWNLOAD_DOWNLOAD_INVALID_FILE_ERROR,ACCC_BOOTSTRAP_DL_FATAL_ERROR,Self-Update,,
232,PIM_STATUS_DOWNLOAD_EXTRACTION_ERROR,,ACCC_BOOTSTRAP_DL_FATAL_ERROR,Self-Update,true,
223,PIM_STATUS_DOWNLOAD_CANCELED,PIM_STATUS_DOWNLOAD_OUTPUT_DISK_FULL,ACCC_BOOTSTRAP_DL_FATAL_ERROR,Auto-Update,,
222,PIM_STATUS_DOWNLOAD_SERVER_UNRESPONSIVE,,ACCC_BOOTSTRAP_DL_FATAL_ERROR,Self-Update,,
216,PIM_STATUS_DOWNLOAD_FILE_HANDLING_ERROR,,ACCC_BOOTSTRAP_PIM_DL_ERROR,Self-Update,repair,
212,PIM_STATUS_DOWNLOAD_DATA_VALIDATION_ERROR,,ACCC_BOOTSTRAP_DL_FATAL_ERROR,Fresh,,WAM
205,PIM_STATUS_PACKAGE_NOT_GENUINE,,ACCC_BOOTSTRAP_INSTALL_FATAL_ERROR,Fresh,,WAM
200,LBS_ERROR_FATAL,,ACCC_BOOTSTRAP_INIT_FATAL_ERROR,Self-Update,,
193,PIM_STATUS_PACKAGE_NOT_GENUINE,,ACCC_BOOTSTRAP_DL_FATAL_ERROR,Fresh,repair,
192,PIM_STATUS_DOWNLOAD_OUTPUT_DISK_FULL,,ACCC_BOOTSTRAP_DL_RETRY,Auto-Update,,
191,PIM_STATUS_FILE_CREATE_ERROR,,ACCC_BOOTSTRAP_INSTALL_FATAL_ERROR,Auto-Update,,
187,PIM_STATUS_FAILED_TO_BACKUP,,ACCC_BOOTSTRAP_INSTALL_FATAL_ERROR,Self-Update,true,
182,PIM_STATUS_FILE_NOT_FOUND,,ACCC_BOOTSTRAP_INSTALL_FATAL_ERROR,Update,,WAM
179,PIM_STATUS_DOWNLOAD_DOWNLOAD_INVALID_FILE_ERROR,,ACCC_BOOTSTRAP_PIM_DL_ERROR,Self-Update,true,
172,PIM_STATUS_PACKAGE_NOT_GENUINE,,ACCC_BOOTSTRAP_INSTALL_FATAL_ERROR,Fresh,repair,
170,PIM_STATUS_FILE_NOT_FOUND,,ACCC_BOOTSTRAP_INSTALL_FATAL_ERROR,Self-Update,true,
169,PIM_STATUS_DOWNLOAD_CANCELED,PIM_STATUS_DOWNLOAD_ERROR,ACCC_BOOTSTRAP_DL_FATAL_ERROR,Fresh,,
166,PIM_STATUS_DOWNLOAD_CANCELED,PIM_STATUS_DOWNLOAD_ERROR,ACCC_BOOTSTRAP_DL_FATAL_ERROR,Self-Update,,
152,PIM_STATUS_NOTIFIER_CLOSE_ERROR,,ACCC_BOOTSTRAP_INSTALL_FATAL_ERROR,Self-Update,,
148,PIM_STATUS_ERROR,,ACCC_BOOTSTRAP_INSTALL_FATAL_ERROR,Self-Update,repair,
143,PIM_STATUS_FAILED_TO_BACKUP,,ACCC_BOOTSTRAP_INSTALL_FATAL_ERROR,Fresh,,
142,PIM_STATUS_FILE_CORRUPTED_PIMX,,ACCC_BOOTSTRAP_INSTALL_FATAL_ERROR,Self-Update,repair,
122,LBS_ERROR_LAUNCH_FAILED,,ACCC_BOOTSTRAP_INIT_FATAL_ERROR,Self-Update,,
122,PIM_STATUS_DOWNLOAD_ERROR,,ACCC_BOOTSTRAP_DL_RETRY,Self-Update,true,
117,PIM_STATUS_ACC_FAILED_TO_QUIT,,ACCC_BOOTSTRAP_INSTALL_FATAL_ERROR,Self-Update,,
109,PIM_STATUS_DOWNLOAD_PROXY_AUTHENTICATION_REQUIRED,,ACCC_BOOTSTRAP_DL_RETRY,Fresh,,WAM
103,PIM_STATUS_DOWNLOAD_NETWORK_UNAVAILABLE,,ACCC_BOOTSTRAP_PIM_DL_ERROR,Self-Update,true,
102,PIM_STATUS_DOWNLOAD_CANCELED,PIM_STATUS_DOWNLOAD_NETWORK_UNAVAILABLE,ACCC_BOOTSTRAP_DL_FATAL_ERROR,Self-Update,true,
101,PIM_STATUS_DOWNLOAD_CANCELED,PIM_STATUS_DOWNLOAD_PROXY_AUTHENTICATION_REQUIRED,ACCC_BOOTSTRAP_DL_FATAL_ERROR,Auto-Update,,
99,PIM_STATUS_INSUFFICIENT_FREE_DISK_SPACE,,ACCC_BOOTSTRAP_INSTALL_FATAL_ERROR,Self-Update,true,
98,PIM_STATUS_FILE_CREATE_ERROR,,ACCC_BOOTSTRAP_INSTALL_FATAL_ERROR,Fresh,repair,
96,PIM_STATUS_INSUFFICIENT_FREE_DISK_SPACE,,ACCC_BOOTSTRAP_INSTALL_FATAL_ERROR,Update,,WAM
96,eCC_HELPER_REMOTE_OBJECT_PROXY_CREATION_FAILED,,ACCC_BOOTSTRAP_HELPER_FAILURE,Fresh,,
96,PIM_STATUS_DOWNLOAD_SERVER_UNRESPONSIVE,,ACCC_BOOTSTRAP_DL_FATAL_ERROR,Auto-Update,,
95,PIM_STATUS_FILE_CORRUPTED_PIMX,,ACCC_BOOTSTRAP_INSTALL_FATAL_ERROR,Fresh,,
87,PIM_STATUS_DOWNLOAD_OUTPUT_DISK_FULL,,ACCC_BOOTSTRAP_PIM_DL_ERROR,Fresh,,
85,PIM_STATUS_FILE_CREATE_ERROR,,ACCC_BOOTSTRAP_INSTALL_FATAL_ERROR,Fresh,,
82,PIM_STATUS_FILE_CORRUPTED_PIMX,,ACCC_BOOTSTRAP_INSTALL_FATAL_ERROR,Update,,WAM
82,PIM_STATUS_FILE_EXTRACTION_ERROR,,ACCC_BOOTSTRAP_PIM_DL_ERROR,Fresh,,
82,PIM_STATUS_INSUFFICIENT_FREE_DISK_SPACE,,ACCC_BOOTSTRAP_INSTALL_FATAL_ERROR,Self-Update,repair,
81,PIM_STATUS_SUCCESS,,ACCC_BOOTSTRAP_DL_RETRY,Self-Update,true,
75,PIM_STATUS_DOWNLOAD_CANCELED,PIM_STATUS_DOWNLOAD_ERROR,ACCC_BOOTSTRAP_DL_FATAL_ERROR,Update,,WAM
75,PIM_STATUS_DOWNLOAD_CANCELED,PIM_STATUS_DOWNLOAD_NETWORK_UNAVAILABLE,ACCC_BOOTSTRAP_DL_FATAL_ERROR,Self-Update,,
73,PIM_STATUS_DOWNLOAD_DATA_VALIDATION_ERROR,,ACCC_BOOTSTRAP_DL_FATAL_ERROR,Fresh,repair,
70,PIM_STATUS_DOWNLOAD_DOWNLOAD_INVALID_FILE_ERROR,,ACCC_BOOTSTRAP_DL_FATAL_ERROR,Fresh,,WAM
70,PIM_STATUS_PACKAGE_NOT_GENUINE,,ACCC_BOOTSTRAP_DL_FATAL_ERROR,Self-Update,,
67,eCC_HELPER_ACTION_FAILED,,ACCC_BOOTSTRAP_HELPER_FAILURE,Self-Update,true,
66,PIM_STATUS_DOWNLOAD_CANCELED,PIM_STATUS_DOWNLOAD_ERROR,ACCC_BOOTSTRAP_DL_FATAL_ERROR,Self-Update,true,
63,PIM_STATUS_DOWNLOAD_OUTPUT_DISK_FULL,,ACCC_BOOTSTRAP_PIM_DL_ERROR,Self-Update,,
57,PIM_STATUS_DOWNLOAD_FILE_HANDLING_ERROR,,ACCC_BOOTSTRAP_PIM_DL_ERROR,Self-Update,true,
57,PIM_STATUS_DOWNLOAD_HTTP_INVALID_URL,,ACCC_BOOTSTRAP_PIM_DL_ERROR,Self-Update,,
56,PIM_STATUS_DOWNLOAD_DATA_VALIDATION_ERROR,,ACCC_BOOTSTRAP_PIM_DL_ERROR,Auto-Update,,
56,PIM_STATUS_DOWNLOAD_FILE_HANDLING_ERROR,,ACCC_BOOTSTRAP_PIM_DL_ERROR,Self-Update,,
51,PIM_STATUS_DOWNLOAD_CANCELED,PIM_STATUS_DOWNLOAD_OUTPUT_DISK_FULL,ACCC_BOOTSTRAP_DL_FATAL_ERROR,Fresh,,
51,PIM_STATUS_DOWNLOAD_OUTPUT_DISK_FULL,,ACCC_BOOTSTRAP_DL_RETRY,Fresh,,
50,PIM_STATUS_PACKAGE_NOT_GENUINE,,ACCC_BOOTSTRAP_DL_FATAL_ERROR,Self-Update,repair,
50,PIM_STATUS_DOWNLOAD_DOWNLOAD_INVALID_FILE_ERROR,,ACCC_BOOTSTRAP_DL_FATAL_ERROR,Fresh,,
48,PIM_STATUS_FILE_EXTRACTION_ERROR,,ACCC_BOOTSTRAP_PIM_DL_ERROR,Self-Update,repair,
46,PIM_STATUS_FILE_CORRUPTED_PIMX,,ACCC_BOOTSTRAP_INSTALL_FATAL_ERROR,Self-Update,,
45,PIM_STATUS_DOWNLOAD_OUTPUT_DISK_FULL,,ACCC_BOOTSTRAP_PIM_DL_ERROR,Self-Update,repair,
44,PIM_STATUS_DOWNLOAD_PROXY_AUTHENTICATION_REQUIRED,,ACCC_BOOTSTRAP_PIM_DL_ERROR,Self-Update,,
43,PIM_STATUS_FILE_CORRUPTED_PIMX,,ACCC_BOOTSTRAP_INSTALL_FATAL_ERROR,Self-Update,true,
43,PIM_STATUS_FILE_EXTRACTION_ERROR,,ACCC_BOOTSTRAP_PIM_DL_ERROR,Self-Update,,
43,PIM_STATUS_DATABASE_INIT_ERROR,,ACCC_BOOTSTRAP_INSTALL_FATAL_ERROR,Fresh,,WAM
40,PIM_STATUS_DOWNLOAD_PROXY_AUTHENTICATION_REQUIRED,,ACCC_BOOTSTRAP_DL_RETRY,Self-Update,,
39,PIM_STATUS_DOWNLOAD_DATA_VALIDATION_ERROR,,ACCC_BOOTSTRAP_DL_FATAL_ERROR,Self-Update,,
37,PIM_STATUS_FILE_CREATE_ERROR,,ACCC_BOOTSTRAP_INSTALL_FATAL_ERROR,Self-Update,true,
37,PIM_STATUS_DOWNLOAD_HTTP_INVALID_URL,,ACCC_BOOTSTRAP_PIM_DL_ERROR,Self-Update,repair,
37,PIM_STATUS_FILE_CREATE_ERROR,,ACCC_BOOTSTRAP_INSTALL_FATAL_ERROR,Update,,WAM
35,PIM_STATUS_PACKAGE_NOT_GENUINE,,ACCC_BOOTSTRAP_DL_FATAL_ERROR,Fresh,,
33,HELPER_BLESS_FAILED,,ACCC_BOOTSTRAP_HELPER_FAILURE,Fresh,,
32,PIM_STATUS_DOWNLOAD_HTTP_INVALID_URL,,ACCC_BOOTSTRAP_PIM_DL_ERROR,Fresh,,
31,PIM_STATUS_PACKAGE_NOT_GENUINE,,ACCC_BOOTSTRAP_INSTALL_FATAL_ERROR,Self-Update,repair,
29,PIM_STATUS_PACKAGE_NOT_GENUINE,,ACCC_BOOTSTRAP_INSTALL_FATAL_ERROR,Self-Update,,
28,PIM_STATUS_DOWNLOAD_DATA_VALIDATION_ERROR,,ACCC_BOOTSTRAP_DL_FATAL_ERROR,Self-Update,repair,
22,PIM_STATUS_DOWNLOAD_ERROR,303,ACCC_BOOTSTRAP_DL_FATAL_ERROR,Fresh,,WAM
20,PIM_STATUS_PACKAGE_NOT_GENUINE,,ACCC_BOOTSTRAP_INSTALL_FATAL_ERROR,Fresh,,
19,PIM_STATUS_FILE_EXTRACTION_ERROR,,ACCC_BOOTSTRAP_PIM_DL_ERROR,Self-Update,true,
19,PIM_STATUS_DOWNLOAD_OUTPUT_DISK_FULL,,ACCC_BOOTSTRAP_DL_RETRY,Self-Update,,
19,PIM_STATUS_DOWNLOAD_CANCELED,PIM_STATUS_DOWNLOAD_PROXY_AUTHENTICATION_REQUIRED,ACCC_BOOTSTRAP_DL_FATAL_ERROR,Fresh,,WAM
18,PIM_STATUS_NOTIFIER_CLOSE_ERROR,,ACCC_BOOTSTRAP_INSTALL_FATAL_ERROR,Fresh,,WAM
18,PIM_STATUS_DOWNLOAD_DATA_VALIDATION_ERROR,,ACCC_BOOTSTRAP_DL_FATAL_ERROR,Fresh,,
17,PIM_STATUS_DOWNLOAD_OUTPUT_DISK_FULL,,ACCC_BOOTSTRAP_PIM_DL_ERROR,Self-Update,true,
17,PIM_STATUS_DATABASE_INIT_ERROR,,ACCC_BOOTSTRAP_INSTALL_FATAL_ERROR,Self-Update,repair,
17,PIM_STATUS_PACKAGE_NOT_GENUINE,,ACCC_BOOTSTRAP_DL_FATAL_ERROR,Update,,WAM
17,PIM_STATUS_DOWNLOAD_PROXY_AUTHENTICATION_REQUIRED,,ACCC_BOOTSTRAP_PIM_DL_ERROR,Fresh,,
16,PIM_STATUS_DOWNLOAD_DOWNLOAD_INVALID_FILE_ERROR,,ACCC_BOOTSTRAP_DL_FATAL_ERROR,Self-Update,,
16,PIM_STATUS_SUCCESS,,ACCC_BOOTSTRAP_DL_RETRY,Self-Update,,
15,PIM_STATUS_DOWNLOAD_CANCELED,PIM_STATUS_DOWNLOAD_OUTPUT_DISK_FULL,ACCC_BOOTSTRAP_DL_FATAL_ERROR,Self-Update,,
15,PIM_STATUS_DOWNLOAD_ERROR,303,ACCC_BOOTSTRAP_DL_FATAL_ERROR,Auto-Update,,
15,PIM_STATUS_AAMDETECTPLUGIN_LOADED,,ACCC_BOOTSTRAP_INSTALL_FATAL_ERROR,Fresh,,WAM
13,PIM_STATUS_DOWNLOAD_CANCELED,PIM_STATUS_DOWNLOAD_OUTPUT_DISK_FULL,ACCC_BOOTSTRAP_DL_FATAL_ERROR,Self-Update,true,
12,PIM_STATUS_DOWNLOAD_CANCELED,PIM_STATUS_DOWNLOAD_OUTPUT_DISK_FULL,ACCC_BOOTSTRAP_DL_FATAL_ERROR,Fresh,repair,
12,PIM_STATUS_PACKAGE_NOT_GENUINE,,ACCC_BOOTSTRAP_INSTALL_FATAL_ERROR,Self-Update,true,
12,PIM_STATUS_NOTIFIER_CLOSE_ERROR,,ACCC_BOOTSTRAP_INSTALL_FATAL_ERROR,Fresh,repair,
11,PIM_STATUS_FILE_CREATE_ERROR,,ACCC_BOOTSTRAP_INSTALL_FATAL_ERROR,Self-Update,,
11,PIM_STATUS_DATABASE_DELETE_ERROR,,ACCC_BOOTSTRAP_INSTALL_FATAL_ERROR,Self-Update,repair,
11,PIM_STATUS_DOWNLOAD_PROXY_AUTHENTICATION_REQUIRED,,ACCC_BOOTSTRAP_PIM_DL_ERROR,Self-Update,repair,
10,PIM_STATUS_DATABASE_INIT_ERROR,,ACCC_BOOTSTRAP_INSTALL_FATAL_ERROR,Auto-Update,,
9,PIM_STATUS_DOWNLOAD_DATA_VALIDATION_ERROR,,ACCC_BOOTSTRAP_DL_FATAL_ERROR,Update,,WAM
9,PIM_STATUS_PACKAGE_NOT_GENUINE,,ACCC_BOOTSTRAP_DL_FATAL_ERROR,Self-Update,true,
8,PIM_STATUS_DATABASE_DELETE_ERROR,,ACCC_BOOTSTRAP_INSTALL_FATAL_ERROR,Fresh,,WAM
8,PIM_STATUS_DOWNLOAD_DOWNLOAD_INVALID_FILE_ERROR,,ACCC_BOOTSTRAP_DL_FATAL_ERROR,Auto-Update,,
8,32767,,ACCC_BOOTSTRAP_PIM_DL_ERROR,Self-Update,,
8,PIM_STATUS_DOWNLOAD_NETWORK_UNAVAILABLE,,ACCC_BOOTSTRAP_DL_RETRY,Fresh,,
7,PIM_STATUS_SUCCESS,,ACCC_BOOTSTRAP_PIM_DL_ERROR,Self-Update,repair,
7,PIM_STATUS_DOWNLOAD_DATA_VALIDATION_ERROR,,ACCC_BOOTSTRAP_DL_FATAL_ERROR,Self-Update,true,
7,PIM_STATUS_DOWNLOAD_PROXY_AUTHENTICATION_REQUIRED,,ACCC_BOOTSTRAP_PIM_DL_ERROR,Self-Update,true,
6,PIM_STATUS_DOWNLOAD_OUTPUT_DISK_FULL,,ACCC_BOOTSTRAP_DL_RETRY,Self-Update,true,
6,PIM_STATUS_NOTIFIER_CLOSE_ERROR,,ACCC_BOOTSTRAP_INSTALL_FATAL_ERROR,Update,,WAM
6,PIM_STATUS_DATABASE_DELETE_ERROR,,ACCC_BOOTSTRAP_INSTALL_FATAL_ERROR,Update,,WAM
6,PIM_STATUS_DOWNLOAD_CANCELED,PIM_STATUS_DOWNLOAD_WRITE_PERMISSION,ACCC_BOOTSTRAP_DL_FATAL_ERROR,Fresh,,WAM
6,PIM_STATUS_DOWNLOAD_PROXY_AUTHENTICATION_REQUIRED,,ACCC_BOOTSTRAP_DL_RETRY,Update,,WAM
6,PIM_STATUS_DATABASE_INIT_ERROR,,ACCC_BOOTSTRAP_INSTALL_FATAL_ERROR,Fresh,,
6,PIM_STATUS_DOWNLOAD_FILE_HANDLING_ERROR,,ACCC_BOOTSTRAP_DL_RETRY,Auto-Update,,
6,61,,ACCC_BOOTSTRAP_INSTALL_FATAL_ERROR,Auto-Update,,
6,PIM_STATUS_DOWNLOAD_CANCELED,PIM_STATUS_DOWNLOAD_OUTPUT_DISK_FULL,ACCC_BOOTSTRAP_DL_FATAL_ERROR,Update,,WAM
5,PIM_STATUS_NOTIFIER_CLOSE_ERROR,,ACCC_BOOTSTRAP_INSTALL_FATAL_ERROR,Self-Update,repair,
5,PIM_STATUS_DOWNLOAD_DATA_VALIDATION_ERROR,,ACCC_BOOTSTRAP_PIM_DL_ERROR,Self-Update,,
5,PIM_STATUS_DOWNLOAD_CANCELED,PIM_STATUS_DOWNLOAD_INVALID_CONFIGURATION,ACCC_BOOTSTRAP_DL_FATAL_ERROR,Fresh,,WAM
5,PIM_STATUS_DOWNLOAD_WRITE_PERMISSION,,ACCC_BOOTSTRAP_DL_FATAL_ERROR,Fresh,,WAM
5,PIM_STATUS_DOWNLOAD_DATA_VALIDATION_ERROR,,ACCC_BOOTSTRAP_PIM_DL_ERROR,Fresh,,
5,PIM_STATUS_DOWNLOAD_OUTPUT_DISK_FULL,,ACCC_BOOTSTRAP_DL_RETRY,Fresh,repair,
5,PIM_STATUS_DOWNLOAD_ERROR,303,ACCC_BOOTSTRAP_DL_FATAL_ERROR,Fresh,repair,
5,PIM_STATUS_DOWNLOAD_OUTPUT_DISK_FULL,,ACCC_BOOTSTRAP_DL_FATAL_ERROR,Fresh,,WAM
4,PIM_STATUS_DOWNLOAD_ERROR,303,ACCC_BOOTSTRAP_DL_FATAL_ERROR,Self-Update,repair,
4,PIM_STATUS_DATABASE_INIT_ERROR,,ACCC_BOOTSTRAP_INSTALL_FATAL_ERROR,Self-Update,true,
4,32767,,ACCC_BOOTSTRAP_PIM_DL_ERROR,Self-Update,repair,
4,PIM_STATUS_DOWNLOAD_HTTP_INVALID_URL,,ACCC_BOOTSTRAP_PIM_DL_ERROR,Self-Update,true,
4,PIM_STATUS_DOWNLOAD_NETWORK_UNAVAILABLE,,ACCC_BOOTSTRAP_DL_RETRY,Auto-Update,,
4,PIM_STATUS_DATABASE_DELETE_ERROR,,ACCC_BOOTSTRAP_INSTALL_FATAL_ERROR,Auto-Update,,
4,PIM_STATUS_DOWNLOAD_OUTPUT_DISK_FULL,,ACCC_BOOTSTRAP_DL_RETRY,Self-Update,repair,
4,PIM_STATUS_DATABASE_INIT_ERROR,,ACCC_BOOTSTRAP_INSTALL_FATAL_ERROR,Update,,WAM
4,PIM_STATUS_PACKAGE_NOT_GENUINE,,ACCC_BOOTSTRAP_INSTALL_FATAL_ERROR,Update,,WAM
3,PIM_STATUS_FILE_SET_PERMISSIONS_ERROR,,ACCC_BOOTSTRAP_INSTALL_FATAL_ERROR,Fresh,repair,
3,7,,ACCC_BOOTSTRAP_PIM_DL_ERROR,Auto-Update,,
3,PIM_STATUS_DOWNLOAD_DOWNLOAD_INVALID_FILE_ERROR,,ACCC_BOOTSTRAP_PIM_DL_ERROR,Fresh,repair,
3,PIM_STATUS_DOWNLOAD_CANCELED,PIM_STATUS_DOWNLOAD_OUTPUT_DISK_FULL,ACCC_BOOTSTRAP_DL_FATAL_ERROR,Self-Update,repair,
3,PIM_STATUS_DOWNLOAD_PROXY_AUTHENTICATION_REQUIRED,,ACCC_BOOTSTRAP_DL_FATAL_ERROR,Fresh,,
3,PIM_STATUS_DOWNLOAD_NETWORK_UNAVAILABLE,,ACCC_BOOTSTRAP_DL_RETRY,Self-Update,true,
2,PIM_STATUS_DOWNLOAD_OUTPUT_DISK_FULL,,ACCC_BOOTSTRAP_DL_FATAL_ERROR,Fresh,,
2,PIM_STATUS_DOWNLOAD_CANCELED,PIM_STATUS_DOWNLOAD_PROXY_AUTHENTICATION_REQUIRED,ACCC_BOOTSTRAP_DL_FATAL_ERROR,Update,,WAM
2,PIM_STATUS_DOWNLOAD_CANCELED,PIM_STATUS_DOWNLOAD_INVALID_CONFIGURATION,ACCC_BOOTSTRAP_DL_FATAL_ERROR,Fresh,repair,
2,PIM_STATUS_FILE_SET_PERMISSIONS_ERROR,,ACCC_BOOTSTRAP_INSTALL_FATAL_ERROR,Auto-Update,,
2,32767,,ACCC_BOOTSTRAP_PIM_DL_ERROR,Auto-Update,,
2,PIM_STATUS_DOWNLOAD_SERVER_UNRESPONSIVE,,ACCC_BOOTSTRAP_PIM_DL_ERROR,Fresh,repair,
2,PIM_STATUS_DOWNLOAD_NETWORK_UNAVAILABLE,,ACCC_BOOTSTRAP_DL_RETRY,Fresh,repair,
1,1982170697,,ACCC_BOOTSTRAP_PIM_DL_ERROR,Self-Update,repair,
1,2005790208,,ACCC_BOOTSTRAP_PIM_DL_ERROR,Self-Update,true,
1,1984687536,,ACCC_BOOTSTRAP_PIM_DL_ERROR,Self-Update,repair,
1,PIM_STATUS_DOWNLOAD_WRITE_PERMISSION,,ACCC_BOOTSTRAP_PIM_DL_ERROR,Auto-Update,,
1,97839,,ACCC_BOOTSTRAP_PIM_DL_ERROR,Auto-Update,,
1,18575704,,ACCC_BOOTSTRAP_PIM_DL_ERROR,Self-Update,repair,
1,1984753052,,ACCC_BOOTSTRAP_PIM_DL_ERROR,Self-Update,repair,
1,1949953436,,ACCC_BOOTSTRAP_PIM_DL_ERROR,Self-Update,repair,
1,PIM_STATUS_DOWNLOAD_PROXY_AUTHENTICATION_REQUIRED,,ACCC_BOOTSTRAP_DL_FATAL_ERROR,Fresh,,WAM
1,PIM_STATUS_DATABASE_DELETE_ERROR,,ACCC_BOOTSTRAP_INSTALL_FATAL_ERROR,Fresh,,
1,1992274779,,ACCC_BOOTSTRAP_PIM_DL_ERROR,Self-Update,repair,
1,1999629744,,ACCC_BOOTSTRAP_PIM_DL_ERROR,Self-Update,repair,
1,1974136320,,ACCC_BOOTSTRAP_PIM_DL_ERROR,Self-Update,repair,
1,1957096784,,ACCC_BOOTSTRAP_PIM_DL_ERROR,Self-Update,repair,
1,1991962112,,ACCC_BOOTSTRAP_PIM_DL_ERROR,Self-Update,repair,
1,PIM_STATUS_DOWNLOAD_ERROR,,ACCC_BOOTSTRAP_PIM_DL_ERROR,Fresh,repair,
1,1979877325,,ACCC_BOOTSTRAP_PIM_DL_ERROR,Self-Update,repair,
1,1987056813,,ACCC_BOOTSTRAP_PIM_DL_ERROR,Auto-Update,,
1,1978854832,,ACCC_BOOTSTRAP_PIM_DL_ERROR,Self-Update,repair,
1,PIM_STATUS_DOWNLOAD_CANCELED,PIM_STATUS_DOWNLOAD_FILE_HANDLING_ERROR,ACCC_BOOTSTRAP_DL_FATAL_ERROR,Fresh,repair,
1,PIM_STATUS_FILE_SET_PERMISSIONS_ERROR,,ACCC_BOOTSTRAP_INSTALL_FATAL_ERROR,Self-Update,,
1,1969165485,,ACCC_BOOTSTRAP_PIM_DL_ERROR,Self-Update,,
1,PIM_STATUS_DOWNLOAD_CANCELED,PIM_STATUS_DOWNLOAD_INVALID_CONFIGURATION,ACCC_BOOTSTRAP_DL_FATAL_ERROR,Update,,WAM
1,,,ACCC_BOOTSTRAP_INIT_FATAL_ERROR,Auto-Update,,
1,2004872704,,ACCC_BOOTSTRAP_PIM_DL_ERROR,Self-Update,repair,
1,PIM_STATUS_DOWNLOAD_WRITE_PERMISSION,,ACCC_BOOTSTRAP_DL_RETRY,Fresh,repair,
1,PIM_STATUS_DOWNLOAD_NETWORK_UNAVAILABLE,,ACCC_BOOTSTRAP_DL_RETRY,Self-Update,repair,
1,PIM_STATUS_DOWNLOAD_INVALID_CONFIGURATION,,ACCC_BOOTSTRAP_DL_RETRY,Self-Update,repair,
1,PIM_STATUS_DOWNLOAD_CANCELED,PIM_STATUS_DOWNLOAD_INVALID_CONFIGURATION,ACCC_BOOTSTRAP_DL_FATAL_ERROR,Self-Update,repair,
1,1978461696,,ACCC_BOOTSTRAP_PIM_DL_ERROR,Self-Update,repair,
1,1985549485,,ACCC_BOOTSTRAP_PIM_DL_ERROR,Auto-Update,,
1,PIM_STATUS_DATABASE_INIT_ERROR,,ACCC_BOOTSTRAP_INSTALL_FATAL_ERROR,Fresh,repair,
1,68353176,,ACCC_BOOTSTRAP_PIM_DL_ERROR,Self-Update,repair,
1,PIM_STATUS_DOWNLOAD_ERROR,861929505,ACCC_BOOTSTRAP_DL_FATAL_ERROR,Self-Update,true,
1,PIM_STATUS_DOWNLOAD_DATA_VALIDATION_ERROR,,ACCC_BOOTSTRAP_PIM_DL_ERROR,Self-Update,repair,
1,,,ACCC_BOOTSTRAP_INIT_START,,,
1,78838864,,ACCC_BOOTSTRAP_PIM_DL_ERROR,Self-Update,repair,
1,2000809392,,ACCC_BOOTSTRAP_PIM_DL_ERROR,Self-Update,repair,
1,1980362064,,ACCC_BOOTSTRAP_PIM_DL_ERROR,Self-Update,repair,
1,2003103056,,ACCC_BOOTSTRAP_PIM_DL_ERROR,Self-Update,repair,
1,1977806160,,ACCC_BOOTSTRAP_PIM_DL_ERROR,Self-Update,repair,
1,PIM_STATUS_DOWNLOAD_ERROR,1886715917,ACCC_BOOTSTRAP_DL_FATAL_ERROR,Self-Update,true,
1,1983507868,,ACCC_BOOTSTRAP_PIM_DL_ERROR,Self-Update,repair,
1,PIM_STATUS_DOWNLOAD_CANCELED,,ACCC_BOOTSTRAP_DL_RETRY,Self-Update,repair,
1,1990651312,,ACCC_BOOTSTRAP_PIM_DL_ERROR,Self-Update,repair,
1,PIM_STATUS_SUCCESS,,ACCC_BOOTSTRAP_PIM_DL_ERROR,Self-Update,,
1,1967451472,,ACCC_BOOTSTRAP_PIM_DL_ERROR,Self-Update,repair,
1,PIM_STATUS_SUCCESS,,ACCC_BOOTSTRAP_PIM_DL_ERROR,Self-Update,true,
1,PIM_STATUS_SUCCESS,,ACCC_BOOTSTRAP_PIM_DL_ERROR,Auto-Update,,
1,PIM_STATUS_DOWNLOAD_PROXY_AUTHENTICATION_REQUIRED,,ACCC_BOOTSTRAP_DL_FATAL_ERROR,Self-Update,,
1,PIM_STATUS_DOWNLOAD_CANCELED,PIM_STATUS_DOWNLOAD_WRITE_PERMISSION,ACCC_BOOTSTRAP_DL_FATAL_ERROR,Fresh,repair,
1,1981345200,,ACCC_BOOTSTRAP_PIM_DL_ERROR,Self-Update,repair,
1,11670032,,ACCC_BOOTSTRAP_PIM_DL_ERROR,Self-Update,repair,
1,1991503280,,ACCC_BOOTSTRAP_PIM_DL_ERROR,Self-Update,true,
1,1984359856,,ACCC_BOOTSTRAP_PIM_DL_ERROR,Self-Update,repair,
1,PIM_STATUS_ERROR,,ACCC_BOOTSTRAP_PIM_DL_ERROR,Self-Update,repair,
1,1969876304,,ACCC_BOOTSTRAP_PIM_DL_ERROR,Self-Update,repair,
1,PIM_STATUS_DOWNLOAD_DATA_VALIDATION_ERROR,,ACCC_BOOTSTRAP_PIM_DL_ERROR,Self-Update,true,
1,1960842413,,ACCC_BOOTSTRAP_PIM_DL_ERROR,Auto-Update,,
1,PIM_STATUS_DATABASE_INIT_ERROR,,ACCC_BOOTSTRAP_INSTALL_FATAL_ERROR,Self-Update,,
1,PIM_STATUS_AAMDETECTPLUGIN_LOADED,,ACCC_BOOTSTRAP_INSTALL_FATAL_ERROR,Update,,WAM
1,1990061392,,ACCC_BOOTSTRAP_PIM_DL_ERROR,Self-Update,repair,
1,1964764572,,ACCC_BOOTSTRAP_PIM_DL_ERROR,Self-Update,repair,
1,1981476352,,ACCC_BOOTSTRAP_PIM_DL_ERROR,Self-Update,repair,
1,1976167856,,ACCC_BOOTSTRAP_PIM_DL_ERROR,Self-Update,true,
1,97254648,,ACCC_BOOTSTRAP_PIM_DL_ERROR,Self-Update,repair,
