[{"bucket_name":"Creative Cloud_3_Chromium Embedded Framework_3085591","count":"493","percent":"0.69","failure_hit_count":"0"},{"bucket_name":"Creative Cloud_3_Chromium Embedded Framework_3088744","count":"1","percent":"0.0","failure_hit_count":"0"},{"bucket_name":"Creative Cloud_3_Chromium Embedded Framework_3086545","count":"1","percent":"0.0","failure_hit_count":"0"},{"bucket_name":"Creative Cloud_3_Chromium Embedded Framework_3086300","count":"6","percent":"0.01","failure_hit_count":"0"},{"bucket_name":"Creative Cloud_3_Chromium Embedded Framework_3085646","count":"828","percent":"1.16","failure_hit_count":"0"},{"bucket_name":"Creative Cloud_3_ContainerUI_3091406","count":"1","percent":"0.0","failure_hit_count":"0"},{"bucket_name":"Creative Cloud_3_ContainerUI_3088265","count":"1","percent":"0.0","failure_hit_count":"0"},{"bucket_name":"Creative Cloud_3_LocManager.dylib_3089026","count":"7","percent":"0.01","failure_hit_count":"0"},{"bucket_name":"Creative Cloud_3_HEX.dylib_3085598","count":"112","percent":"0.16","failure_hit_count":"0"},{"bucket_name":"Creative Cloud_3_ContainerUI_3085681","count":"133","percent":"0.19","failure_hit_count":"0"},{"bucket_name":"Creative Cloud_3_Chromium Embedded Framework_3090107","count":"1","percent":"0.0","failure_hit_count":"0"},{"bucket_name":"Creative Cloud_3_-1_3086197","count":"32","percent":"0.04","failure_hit_count":"0"},{"bucket_name":"Creative Cloud_3_Creative Cloud_3086331","count":"2","percent":"0.0","failure_hit_count":"0"},{"bucket_name":"Creative Cloud_3_ContainerUI_3086752","count":"3","percent":"0.0","failure_hit_count":"0"},{"bucket_name":"Creative Cloud_3_ContainerUI_3087179","count":"2","percent":"0.0","failure_hit_count":"0"},{"bucket_name":"Creative Cloud_3_Chromium Embedded Framework_3086412","count":"1","percent":"0.0","failure_hit_count":"0"},{"bucket_name":"Creative Cloud_3_Creative Cloud_3085931","count":"17","percent":"0.02","failure_hit_count":"0"},{"bucket_name":"Creative Cloud_3_ContainerUI_3088054","count":"7","percent":"0.01","failure_hit_count":"0"},{"bucket_name":"Creative Cloud_3_ContainerUI_3088418","count":"1","percent":"0.0","failure_hit_count":"0"},{"bucket_name":"Creative Cloud_3_Chromium Embedded Framework_3086172","count":"33","percent":"0.05","failure_hit_count":"0"},{"bucket_name":"Creative Cloud_3_ContainerUI_3091512","count":"1","percent":"0.0","failure_hit_count":"0"},{"bucket_name":"Creative Cloud_3_Chromium Embedded Framework_3088886","count":"1","percent":"0.0","failure_hit_count":"0"},{"bucket_name":"Creative Cloud_3_ContainerUI_3086323","count":"8","percent":"0.01","failure_hit_count":"0"},{"bucket_name":"Creative Cloud_3_Chromium Embedded Framework_3088153","count":"1","percent":"0.0","failure_hit_count":"0"},{"bucket_name":"Creative Cloud_3_Chromium Embedded Framework_3086202","count":"11","percent":"0.02","failure_hit_count":"0"},{"bucket_name":"Creative Cloud_3_Chromium Embedded Framework_3085971","count":"25","percent":"0.03","failure_hit_count":"0"},{"bucket_name":"Creative Cloud_3_HEX.dylib_3085858","count":"1","percent":"0.0","failure_hit_count":"0"},{"bucket_name":"Creative Cloud_3_Chromium Embedded Framework_3085593","count":"63459","percent":"88.66","failure_hit_count":"0"},{"bucket_name":"Creative Cloud_3_Chromium Embedded Framework_3085820","count":"729","percent":"1.02","failure_hit_count":"0"},{"bucket_name":"Creative Cloud_3_ContainerUI_3090974","count":"1","percent":"0.0","failure_hit_count":"0"},{"bucket_name":"Creative Cloud_3_Chromium Embedded Framework_3089568","count":"2","percent":"0.0","failure_hit_count":"0"},{"bucket_name":"Creative Cloud_3_Chromium Embedded Framework_3086150","count":"3","percent":"0.0","failure_hit_count":"0"},{"bucket_name":"Creative Cloud_3_Chromium Embedded Framework_3088762","count":"1","percent":"0.0","failure_hit_count":"0"},{"bucket_name":"Creative Cloud_3_Chromium Embedded Framework_3085952","count":"3","percent":"0.0","failure_hit_count":"0"},{"bucket_name":"Creative Cloud_3_Chromium Embedded Framework_3089700","count":"1","percent":"0.0","failure_hit_count":"0"},{"bucket_name":"Creative Cloud_3_ContainerUI_3085581","count":"737","percent":"1.03","failure_hit_count":"0"},{"bucket_name":"Creative Cloud_3_CmdCntr.dylib_3086456","count":"3","percent":"0.0","failure_hit_count":"0"},{"bucket_name":"Creative Cloud_3_Chromium Embedded Framework_3090620","count":"1","percent":"0.0","failure_hit_count":"0"},{"bucket_name":"Creative Cloud_3_PrefsManager.dylib_3090009","count":"2","percent":"0.0","failure_hit_count":"0"},{"bucket_name":"Creative Cloud_3_ContainerUI_3089477","count":"3","percent":"0.0","failure_hit_count":"0"},{"bucket_name":"Creative Cloud_3_Creative Cloud_3089750","count":"1","percent":"0.0","failure_hit_count":"0"},{"bucket_name":"Creative Cloud_3_Analytics.dylib_3086097","count":"23","percent":"0.03","failure_hit_count":"0"},{"bucket_name":"Creative Cloud_3_PrefsManager.dylib_3089040","count":"1","percent":"0.0","failure_hit_count":"0"},{"bucket_name":"Creative Cloud_3_VulcanMessage5.dylib_3089851","count":"1","percent":"0.0","failure_hit_count":"0"},{"bucket_name":"Creative Cloud_3_Chromium Embedded Framework_3087279","count":"1","percent":"0.0","failure_hit_count":"0"},{"bucket_name":"Creative Cloud_3_ContainerUI_3086469","count":"11","percent":"0.02","failure_hit_count":"0"},{"bucket_name":"Creative Cloud_3_Chromium Embedded Framework_3085871","count":"123","percent":"0.17","failure_hit_count":"0"},{"bucket_name":"Creative Cloud_3_ContainerUI_3089376","count":"3","percent":"0.0","failure_hit_count":"0"},{"bucket_name":"Creative Cloud_3_HEX.dylib_3086998","count":"1","percent":"0.0","failure_hit_count":"0"},{"bucket_name":"Creative Cloud_3_ContainerUI_3087156","count":"3","percent":"0.0","failure_hit_count":"0"},{"bucket_name":"Creative Cloud_3_ContainerUI_3086505","count":"8","percent":"0.01","failure_hit_count":"0"},{"bucket_name":"Creative Cloud_3_Chromium Embedded Framework_3086289","count":"200","percent":"0.28","failure_hit_count":"0"},{"bucket_name":"Creative Cloud_3_PrefsManager.dylib_3086045","count":"66","percent":"0.09","failure_hit_count":"0"},{"bucket_name":"Creative Cloud_3_Chromium Embedded Framework_3086521","count":"3","percent":"0.0","failure_hit_count":"0"},{"bucket_name":"Creative Cloud_3_ContainerUI_3086127","count":"3","percent":"0.0","failure_hit_count":"0"},{"bucket_name":"Creative Cloud_3_Chromium Embedded Framework_3086483","count":"1","percent":"0.0","failure_hit_count":"0"},{"bucket_name":"Creative Cloud_3_ContainerUI_3088924","count":"7","percent":"0.01","failure_hit_count":"0"},{"bucket_name":"Creative Cloud_3_ContainerUI_3086038","count":"44","percent":"0.06","failure_hit_count":"0"},{"bucket_name":"Creative Cloud_3_Chromium Embedded Framework_3086317","count":"174","percent":"0.24","failure_hit_count":"0"},{"bucket_name":"Creative Cloud_3_Creative Cloud_3085926","count":"97","percent":"0.14","failure_hit_count":"0"},{"bucket_name":"Creative Cloud_3_Chromium Embedded Framework_3091513","count":"1","percent":"0.0","failure_hit_count":"0"},{"bucket_name":"Creative Cloud_3_ContainerUI_3089742","count":"3","percent":"0.0","failure_hit_count":"0"},{"bucket_name":"Creative Cloud_3_ContainerUI_3087799","count":"4","percent":"0.01","failure_hit_count":"0"},{"bucket_name":"Creative Cloud_3_PrefsManager.dylib_3086370","count":"22","percent":"0.03","failure_hit_count":"0"},{"bucket_name":"Creative Cloud_3_Chromium Embedded Framework_3086454","count":"1","percent":"0.0","failure_hit_count":"0"},{"bucket_name":"Creative Cloud_3_ContainerUI_3086550","count":"2","percent":"0.0","failure_hit_count":"0"},{"bucket_name":"Creative Cloud_3_CmdCntr.dylib_3088708","count":"1","percent":"0.0","failure_hit_count":"0"},{"bucket_name":"Creative Cloud_3_HEX.dylib_3090985","count":"1","percent":"0.0","failure_hit_count":"0"},{"bucket_name":"Creative Cloud_3_Chromium Embedded Framework_3087886","count":"1","percent":"0.0","failure_hit_count":"0"},{"bucket_name":"Creative Cloud_3_ContainerUI_3086432","count":"1","percent":"0.0","failure_hit_count":"0"},{"bucket_name":"Creative Cloud_3_PrefsManager.dylib_3086303","count":"13","percent":"0.02","failure_hit_count":"0"},{"bucket_name":"Creative Cloud_3_ContainerUI_3090146","count":"1","percent":"0.0","failure_hit_count":"0"},{"bucket_name":"Creative Cloud_3_Chromium Embedded Framework_3090279","count":"1","percent":"0.0","failure_hit_count":"0"},{"bucket_name":"Creative Cloud_3_Chromium Embedded Framework_3085822","count":"81","percent":"0.11","failure_hit_count":"0"},{"bucket_name":"Creative Cloud_3_Chromium Embedded Framework_3086766","count":"1","percent":"0.0","failure_hit_count":"0"},{"bucket_name":"Creative Cloud_3_Analytics.dylib_3089538","count":"1","percent":"0.0","failure_hit_count":"0"},{"bucket_name":"Creative Cloud_3_Chromium Embedded Framework_3085811","count":"492","percent":"0.69","failure_hit_count":"0"},{"bucket_name":"Creative Cloud_3_PrefsManager.dylib_3089903","count":"1","percent":"0.0","failure_hit_count":"0"},{"bucket_name":"Creative Cloud_3_Chromium Embedded Framework_3089952","count":"1","percent":"0.0","failure_hit_count":"0"},{"bucket_name":"Creative Cloud_3_Chromium Embedded Framework_3085694","count":"2867","percent":"4.01","failure_hit_count":"0"},{"bucket_name":"Creative Cloud_3_ContainerUI_3089852","count":"1","percent":"0.0","failure_hit_count":"0"},{"bucket_name":"Creative Cloud_3_Chromium Embedded Framework_3086124","count":"1","percent":"0.0","failure_hit_count":"0"},{"bucket_name":"Creative Cloud_3_Chromium Embedded Framework_3085742","count":"1","percent":"0.0","failure_hit_count":"0"},{"bucket_name":"Creative Cloud_3_Chromium Embedded Framework_3087727","count":"1","percent":"0.0","failure_hit_count":"0"},{"bucket_name":"Creative Cloud_3_Chromium Embedded Framework_3086082","count":"12","percent":"0.02","failure_hit_count":"0"},{"bucket_name":"Creative Cloud_3_PrefsManager.dylib_3086318","count":"4","percent":"0.01","failure_hit_count":"0"},{"bucket_name":"Creative Cloud_3_Chromium Embedded Framework_3089055","count":"1","percent":"0.0","failure_hit_count":"0"},{"bucket_name":"Creative Cloud_3_HEX.dylib_3089604","count":"1","percent":"0.0","failure_hit_count":"0"},{"bucket_name":"Creative Cloud_3_HEX.dylib_3086193","count":"1","percent":"0.0","failure_hit_count":"0"},{"bucket_name":"Creative Cloud_3_PrefsManager.dylib_3090129","count":"2","percent":"0.0","failure_hit_count":"0"},{"bucket_name":"Creative Cloud_3_PrefsManager.dylib_3086025","count":"42","percent":"0.06","failure_hit_count":"0"},{"bucket_name":"Creative Cloud_3_Chromium Embedded Framework_3086791","count":"1","percent":"0.0","failure_hit_count":"0"},{"bucket_name":"Creative Cloud_3_CmdCntr.dylib_3086670","count":"1","percent":"0.0","failure_hit_count":"0"},{"bucket_name":"Creative Cloud_3_PrefsManager.dylib_3088387","count":"6","percent":"0.01","failure_hit_count":"0"},{"bucket_name":"Creative Cloud_3_ContainerUI_3086099","count":"3","percent":"0.0","failure_hit_count":"0"},{"bucket_name":"Creative Cloud_3_Chromium Embedded Framework_3089785","count":"2","percent":"0.0","failure_hit_count":"0"},{"bucket_name":"Creative Cloud_3_Chromium Embedded Framework_3085691","count":"438","percent":"0.61","failure_hit_count":"0"},{"bucket_name":"Creative Cloud_3_PrefsManager.dylib_3086572","count":"14","percent":"0.02","failure_hit_count":"0"},{"bucket_name":"Creative Cloud_3_Chromium Embedded Framework_3086764","count":"12","percent":"0.02","failure_hit_count":"0"},{"bucket_name":"Creative Cloud_3_Chromium Embedded Framework_3085867","count":"77","percent":"0.11","failure_hit_count":"0"},{"bucket_name":"Creative Cloud_3_Chromium Embedded Framework_3086259","count":"1","percent":"0.0","failure_hit_count":"0"},{"bucket_name":"Creative Cloud_3_HEX.dylib_3086793","count":"6","percent":"0.01","failure_hit_count":"0"},{"bucket_name":"Creative Cloud_3_Chromium Embedded Framework_3087585","count":"1","percent":"0.0","failure_hit_count":"0"},{"bucket_name":"Creative Cloud_3_Chromium Embedded Framework_3086619","count":"2","percent":"0.0","failure_hit_count":"0"},{"bucket_name":"Creative Cloud_3_PrefsManager.dylib_3089090","count":"1","percent":"0.0","failure_hit_count":"0"},{"bucket_name":"Creative Cloud_3_Chromium Embedded Framework_3090894","count":"1","percent":"0.0","failure_hit_count":"0"},{"bucket_name":"Creative Cloud_3_Chromium Embedded Framework_3090929","count":"1","percent":"0.0","failure_hit_count":"0"},{"bucket_name":"","count":"","percent":"","failure_hit_count":""},{"bucket_name":"","count":"","percent":"","failure_hit_count":""},{"bucket_name":"","count":"","percent":"","failure_hit_count":""},{"bucket_name":"","count":"","percent":"","failure_hit_count":""}]