[{"color":"green","S_No":"1","Issue":"PS download Error","Origin":"Dogfood","Start_Date":"1/11/16","First_Response_Time":"<24 hours","Resolution_Time":"<24 hours","Status":"Closed","Faulting_Thor_Component":"User Error","Comments":"User had manually deleted CC and not restarted the Browser. The error was thrown by browser and not something we control","Bug":""},{"color":"green","S_No":"2","Issue":"Files not Syncing","Origin":"Thor-support","Start_Date":"8-Jan-16","First_Response_Time":"<24 hours","Resolution_Time":"<24 hours","Status":"Closed","Faulting_Thor_Component":"CoreSync","Comments":"CoreSync was showing File Sync error. Standard file syncing troubleshooting steps were given to the actual user on forum","Bug":""},{"color":"red","S_No":"3","Issue":"Adobe Application Manager crashes Sign Out from help","Origin":"Thor-support","Start_Date":"18-Dec-15","First_Response_Time":"<24 hours","Resolution_Time":">1 week","Status":"Open","Faulting_Thor_Component":"Licensing","Comments":"Hard to reproduce crash. Licensing team is investigating it actively","Bug":"4001699"},{"color":"green","S_No":"4","Issue":"Patch dmg not getting unmounted","Origin":"Thor-support","Start_Date":"18-Dec-15","First_Response_Time":"<24 hours","Resolution_Time":"1 week","Status":"Closed","Faulting_Thor_Component":"Updater","Comments":"We found the problem and fixed it.","Bug":"4100275"},{"color":"green","S_No":"5","Issue":"Marketting assets not available for the user","Origin":"Thor-support","Start_Date":"18-Dec-15","First_Response_Time":"<24 hours","Resolution_Time":"<24 hours","Status":"Closed","Faulting_Thor_Component":"User Error","Comments":"Account did not have market asset","Bug":""},{"color":"green","S_No":"6","Issue":"IPC Broker running with root user","Origin":"Thor-support","Start_Date":"16-Dec-15","First_Response_Time":"<24 hours","Resolution_Time":"<24 hours","Status":"Closed","Faulting_Thor_Component":"User Error","Comments":"Thor does not launch IPC Broker with root user","Bug":""},{"color":"green","S_No":"7","Issue":"File Sync and Font Sync not functioning (Windows 10)","Origin":"Thor-support","Start_Date":"16-Dec-15","First_Response_Time":"<24 hours","Resolution_Time":"<24 hours","Status":"Closed","Faulting_Thor_Component":"User Error","Comments":"firewall setting was the cause.","Bug":""},{"color":"green","S_No":"8","Issue":"Creative cloud Crashing","Origin":"Forums","Start_Date":"14-Dec-15","First_Response_Time":"<24 hours","Resolution_Time":"<24 hours","Status":"Closed","Faulting_Thor_Component":"Container","Comments":"We identified the crash, fixed it and released a web only hot fix","Bug":"4094728"},{"color":"green","S_No":"9","Issue":"CC background process crashing when CC app not set to load on boot - OS 10.10.5","Origin":"Thor-support","Start_Date":"12-Dec-15","First_Response_Time":"<24 hours","Resolution_Time":"<24 hours","Status":"Closed","Faulting_Thor_Component":"Container","Comments":"We identified the crash, fixed it and released a web only hot fix","Bug":"4094728"},{"color":"green","S_No":"10","Issue":"thor crashed","Origin":"Dogfood","Start_Date":"30-Nov-15","First_Response_Time":"<24 hours","Resolution_Time":"<72 hours","Status":"Closed","Faulting_Thor_Component":"Container","Comments":"We identified the crash, fixed it and released a web only hot fix","Bug":"4094728"},{"color":"green","S_No":"11","Issue":"Thor high CPU use issue","Origin":"Thor-support","Start_Date":"8-Dec-15","First_Response_Time":"<24 hours","Resolution_Time":"<24 hours","Status":"Closed","Faulting_Thor_Component":"CCLib","Comments":"CCLib and CCXProcess were using high CPU in certain conditions and a hot fix was rolled out","Bug":""},{"color":"green","S_No":"12","Issue":"Thor Update Stuck","Origin":"Thor-support","Start_Date":"30-Nov-15","First_Response_Time":"<24 hours","Resolution_Time":"<24 hours","Status":"Closed","Faulting_Thor_Component":"Self-Update","Comments":"System reboot helped. Were not able to launch LBS in elevated mode. Vinay has made changes to wrtie the LBS inside a GUID folder in temp folder and to error out in this case.","Bug":"4072794"},{"color":"green","S_No":"13","Issue":"CPU usage 100% for CCX Process and CC Library","Origin":"Support","Start_Date":"30-Nov-15","First_Response_Time":"<24 hours","Resolution_Time":"<72 hours","Status":"Closed","Faulting_Thor_Component":"CCLib","Comments":"CCLib and CCXProcess were using high CPU in certain conditions and a hot fix was rolled out","Bug":""},{"color":"green","S_No":"14","Issue":"Thor supports Mac OS 10.7?","Origin":"Thor-support","Start_Date":"3-Dec-15","First_Response_Time":"<24 hours","Resolution_Time":"<24 hours","Status":"Closed","Faulting_Thor_Component":"User Error","Comments":"The message said clearly hat CC 2015 version of apps are not supported on this OS.","Bug":""},{"color":"green","S_No":"15","Issue":"Nov 30 released Patches were not visible in europe","Origin":"Thor-support","Start_Date":"1-Dec-15","First_Response_Time":"<24 hours","Resolution_Time":"<24 hours","Status":"Closed","Faulting_Thor_Component":"Not a Thor problem","Comments":"This was a problem with Akamai","Bug":""},{"color":"green","S_No":"16","Issue":"Generator error after CC app update","Origin":"Thor-support","Start_Date":"27-Nov-15","First_Response_Time":"<24 hours","Resolution_Time":"<24 hours","Status":"Closed","Faulting_Thor_Component":"Not a Thor problem","Comments":"This was a PS problem","Bug":""},{"color":"green","S_No":"17","Issue":"McAfee reports that CC is trying to close the process","Origin":"Dogfood","Start_Date":"28-Nov-15","First_Response_Time":"<24 hours","Resolution_Time":"<24 hours","Status":"Closed","Faulting_Thor_Component":"Self-Update","Comments":"We were not trying to close any McAfee processes. Just tried to take handle of the process to know from where it is running from which triggered this warning. Now we changed the handle type and McAfee does not reprot this in its logs.","Bug":""},{"color":"green","S_No":"18","Issue":"Product Updates not visible","Origin":"Thor-support","Start_Date":"1-Dec-15","First_Response_Time":"<24 hours","Resolution_Time":"<24 hours","Status":"Closed","Faulting_Thor_Component":"Not a Thor problem","Comments":"This was a problem with Akamai","Bug":""},{"color":"green","S_No":"19","Issue":"Error changing module Log Collector","Origin":"Thor-support","Start_Date":"26-Nov-15","First_Response_Time":"<24 hours","Resolution_Time":"<24 hours","Status":"Closed","Faulting_Thor_Component":"Not a Thor problem","Comments":"This was a problem in LR","Bug":""},{"color":"green","S_No":"20","Issue":"ContainerUI.dll crash","Origin":"Thor-support","Start_Date":"21-Nov-15","First_Response_Time":"<24 hours","Resolution_Time":"<24 hours","Status":"Closed","Faulting_Thor_Component":"User Error","Comments":"User was on a very old build of Thor","Bug":""},{"color":"green","S_No":"21","Issue":"Thor Sync Errors","Origin":"Thor-support","Start_Date":"27-Nov-15","First_Response_Time":"<24 hours","Resolution_Time":"<24 hours","Status":"Closed","Faulting_Thor_Component":"CoreSync","Comments":"Handling of some localized characters by CoreSync was not correct","Bug":"4087272"},{"color":"green","S_No":"22","Issue":"Photoshop Update Problem","Origin":"Thor-support","Start_Date":"1-Dec-15","First_Response_Time":"<24 hours","Resolution_Time":"<24 hours","Status":"Closed","Faulting_Thor_Component":"User Error","Comments":"User had deleted Updater inventory for Photshop","Bug":""},{"color":"green","S_No":"23","Issue":"Download Error coming in Apps Panel","Origin":"Thor-support","Start_Date":"1-Dec-15","First_Response_Time":"<24 hours","Resolution_Time":"<24 hours","Status":"Closed","Faulting_Thor_Component":"Updater","Comments":"We were not getting file handles to read preferences. System reboot helped","Bug":""},{"color":"green","S_No":"24","Issue":"Java I/O error being thrown by products and thor after installation of Thor build 3.4.0.177","Origin":"Support","Start_Date":"30-Nov-15","First_Response_Time":"<24 hours","Resolution_Time":"<72 hours","Status":"Closed","Faulting_Thor_Component":"CCLib","Comments":"This was a problem on certain machines with lots of certificates","Bug":""},{"color":"green","S_No":"25","Issue":"Error Code 10001 while doing auto-update","Origin":"Dogfood","Start_Date":"27-Nov-15","First_Response_Time":"<24 hours","Resolution_Time":"<72 hours","Status":"Closed","Faulting_Thor_Component":"Self-Update","Comments":"Seems to be a problem in IPC Broker","Bug":"4094709"},{"color":"green","S_No":"26","Issue":"Logout happening intermittently in CC","Origin":"Thor-support","Start_Date":"25-Aug-15","First_Response_Time":"<24 hours","Resolution_Time":"<24 hours","Status":"Closed","Faulting_Thor_Component":"CCLib","Comments":"CCLib has wrong IMSLib integrated which is causing the problem.","Bug":"4037780"},{"color":"yellow","S_No":"27","Issue":"PDApp.log over 150GB and increasing in size","Origin":"Thor-support","Start_Date":"20-Aug-15","First_Response_Time":"<24 hours","Resolution_Time":"<96 hours","Status":"Closed","Faulting_Thor_Component":"AdobeUpdateService","Comments":"We identified the problem in code review. More time required to close it was due to unavailability of logs.","Bug":"4028930"},{"color":"green","S_No":"28","Issue":"Customer failure to build CCP package","Origin":"Thor-support","Start_Date":"25-Aug-15","First_Response_Time":"<24 hours","Resolution_Time":"<24 hours","Status":"Closed","Faulting_Thor_Component":"User Error","Comments":"Headers for network calls were being changed by firewall","Bug":"No"},{"color":"green","S_No":"29","Issue":"Unable to install Updates with error code 49","Origin":"Thor-support","Start_Date":"20-Aug-15","First_Response_Time":"<24 hours","Resolution_Time":"<24 hours","Status":"Closed","Faulting_Thor_Component":"ThirdParty","Comments":"McAfee is deleting updater files. We have followed up with them on why they are doing the same.","Bug":"No"},{"color":"green","S_No":"30","Issue":"Package build failure in CCP","Origin":"Thor-support","Start_Date":"19-Aug-15","First_Response_Time":"<24 hours","Resolution_Time":"<24 hours","Status":"Closed","Faulting_Thor_Component":"User Error","Comments":"User has adobe urls blocked for updates download","Bug":"No"},{"color":"green","S_No":"31","Issue":"Notification for missing products compatible with add-ons is confusing","Origin":"Thor-support","Start_Date":"18-Aug-15","First_Response_Time":"<24 hours","Resolution_Time":"<24 hours","Status":"Closed","Faulting_Thor_Component":"CCLib","Comments":"The notification was confusing and we have filed a bug for the same.","Bug":"4039133"},{"color":"green","S_No":"32","Issue":"Creative Cloud Packager internet connection error with overrides file in place","Origin":"Thor-support","Start_Date":"11-Aug-15","First_Response_Time":"<24 hours","Resolution_Time":"<24 hours","Status":"Closed","Faulting_Thor_Component":"User Error","Comments":"Override file place had incorrect domain name. If the server is https, then no protocol is needed to be specified. Otherwise, it is needed in case of http.","Bug":"No"},{"color":"green","S_No":"33","Issue":"Uninstall behavior with regard to product licensing","Origin":"Thor-support","Start_Date":"18-Aug-15","First_Response_Time":"<24 hours","Resolution_Time":"<24 hours","Status":"Closed","Faulting_Thor_Component":"User Error","Comments":"Agent just needed confirmation on design","Bug":"No"},{"color":"green","S_No":"34","Issue":"Problem with Flash Pro CC2014 Chinese Traditional packages","Origin":"Thor-support","Start_Date":"14-Aug-15","First_Response_Time":"<24 hours","Resolution_Time":"<24 hours","Status":"Closed","Faulting_Thor_Component":"User Error","Comments":"Flash is not supported in these languages","Bug":"No"},{"color":"green","S_No":"35","Issue":"Unable to install Updates with error code 49","Origin":"Dogfood","Start_Date":"13-Aug-15","First_Response_Time":"<24 hours","Resolution_Time":"<24 hours","Status":"Closed","Faulting_Thor_Component":"ThirdParty","Comments":"McAfee is deleting updater files. We have followed up with them on why they are doing the same.","Bug":"No"},{"color":"green","S_No":"36","Issue":"Products want to run in trial mode","Origin":"Thor-support","Start_Date":"15-Aug-15","First_Response_Time":"<24 hours","Resolution_Time":"<24 hours","Status":"Closed","Faulting_Thor_Component":"User Error","Comments":"User had redirected licensing server in system host file","Bug":"No"},{"color":"green","S_No":"37","Issue":"AUM showing wrong number of updates","Origin":"Thor-support","Start_Date":"11-Aug-15","First_Response_Time":"<24 hours","Resolution_Time":"<24 hours","Status":"Closed","Faulting_Thor_Component":"User Error","Comments":"This was actaully an OSX problem.","Bug":"No"},{"color":"green","S_No":"38","Issue":"I am so connected to the Internet and would like to install Adobe's software.","Origin":"Dogfood","Start_Date":"5-Aug-15","First_Response_Time":"<24 hours","Resolution_Time":"<24 hours","Status":"Closed","Faulting_Thor_Component":"User Error","Comments":"System date was wrong which led to https certificates being detected as expired causing connection problem","Bug":"No"},{"color":"green","S_No":"39","Issue":"Spinning Wheel issue","Origin":"Thor-support","Start_Date":"7-Aug-15","First_Response_Time":"<24 hours","Resolution_Time":"<24 hours","Status":"Closed","Faulting_Thor_Component":"User Error","Comments":"Some thor files relted to IPCBroker were missing/deleted on the machine.","Bug":"No"},{"color":"green","S_No":"40","Issue":"Thor stuck with update screen. Update button does nothing.","Origin":"Dogfood","Start_Date":"5-Aug-15","First_Response_Time":"<24 hours","Resolution_Time":"<24 hours","Status":"Closed","Faulting_Thor_Component":"Container","Comments":"According to the logs this happens when one clicks on Install now and Quit button in quick succession(extremely brief window when quit button is enabled after clicking on Install Now) on the self-update screen.","Bug":"4032597"},{"color":"green","S_No":"41","Issue":"PDApp.log taking over my boot disk","Origin":"Thor-support","Start_Date":"31-Jul-15","First_Response_Time":"<24 hours","Resolution_Time":"<24 hours","Status":"Closed","Faulting_Thor_Component":"AdobeUpdateService","Comments":"We identified the problem in code review. More time required to close it was due to unavailability of logs.","Bug":"4028930"},{"color":"green","S_No":"42","Issue":"Push to desktop not working","Origin":"Thor-support","Start_Date":"27-Jul-15","First_Response_Time":"<24 hours","Resolution_Time":"<24 hours","Status":"Closed","Faulting_Thor_Component":"ans client","Comments":"Whitelisting was not done at API gateway for thor client","Bug":"No"},{"color":"green","S_No":"43","Issue":"Thor does not check for updates when it is brought to focus through AAM updates Notifier or Products help menu update option","Origin":"Thor-support","Start_Date":"5-Aug-15","First_Response_Time":"<24 hours","Resolution_Time":"<24 hours","Status":"Closed","Faulting_Thor_Component":"Apps Panel","Comments":"Apps panel does not check for updates when user clicks on help->updates from product. Instead serves a cached data. Apps panel only checks for updates once in 24 hours.","Bug":"4020534"},{"color":"green","S_No":"44","Issue":"Update is not applicable\" U44M1P28 error for Premier Pro","Origin":"Dogfood","Start_Date":"30-Jul-15","First_Response_Time":"<24 hours","Resolution_Time":"<24 hours","Status":"Closed","Faulting_Thor_Component":"User Error","Comments":"Non GM build of Premier Pro was installed.","Bug":"No"},{"color":"green","S_No":"45","Issue":"CCP user is not able to redirect updater to RUM to get updates from the companies server","Origin":"Tech Support","Start_Date":"3-Aug-15","First_Response_Time":"<24 hours","Resolution_Time":"<24 hours","Status":"Closed","Faulting_Thor_Component":"User Error","Comments":"Updater was correctly redirected, there were no applicable updates at that point of time.","Bug":"No"},{"color":"green","S_No":"46","Issue":"CC app is crashing intermittently on mac","Origin":"Forum","Start_Date":"26-Aug-15","First_Response_Time":"<24 hours","Resolution_Time":"<24 hours","Status":"Closed","Faulting_Thor_Component":"CEF","Comments":"Crash in loading fonts","Bug":"4043691"},{"color":"green","S_No":"47","Issue":"CC App updates were failing.","Origin":"Forum","Start_Date":"13-Aug-15","First_Response_Time":"<24 hours","Resolution_Time":"<24 hours","Status":"Closed","Faulting_Thor_Component":"User Error","Comments":"Media_db was deleted","Bug":"No"},{"color":"green","S_No":"48","Issue":"CC Update was not finishing succesfuly","Origin":"Forum","Start_Date":"7-Aug-15","First_Response_Time":"<24 hours","Resolution_Time":"<24 hours","Status":"Closed","Faulting_Thor_Component":"User Error","Comments":"User did not have enough disk space","Bug":"No"},{"color":"","S_No":"","Issue":"","Origin":"","Start_Date":"","First_Response_Time":"","Resolution_Time":"","Status":"","Faulting_Thor_Component":"","Comments":"","Bug":""}]