product,vers,errorcode,errortype,workflowcount
LIBS,3.0,188,InstallationError,48521
LIBS,3.0,301,GenericError,4990
LIBS,3.0,108,InstallationError,1660
LIBS,3.0,113,DownloadError,1437
LIBS,3.0,105,InstallationError,810
LIBS,3.0,305,GenericError,678
LIBS,3.0,119,DownloadError,580
LIBS,3.0,117,DownloadError,436
LIBS,3.0,183,InstallationError,384
LIBS,3.0,128,InstallationError,142
LIBS,3.0,127,ExtractionError,134
LIBS,3.0,196,InstallationError,94
LIBS,3.0,303,GenericError,86
LIBS,3.0,125,DownloadError,64
LIBS,3.0,116,DownloadError,57
LIBS,3.0,,DownloadError,41
LIBS,3.0,146,InstallationError,29
LIBS,3.0,123,DownloadError,20
LIBS,3.0,184,InstallationError,12
LIBS,3.0,304,GenericError,9
LIBS,3.0,0,InstallationError,4
LIBS,3.0,126,DownloadError,2
LIBS,3.0,143,InstallationError,2
LIBS,3.0,107,InstallationError,1
LIBS,3.0,121,DownloadError,1
LIBS,3.0,102,InstallationError,1
LIBS,3.0,106,InstallationError,1
