product,vers,errorcode,errortype,workflowcount
LIBS,3.0,113,GenericError,13279
LIBS,3.0,305,GenericError,12569
LIBS,3.0,119,GenericError,9963
LIBS,3.0,301,GenericError,9617
LIBS,3.0,146,GenericError,6562
LIBS,3.0,183,GenericError,3663
LIBS,3.0,108,GenericError,2821
LIBS,3.0,117,GenericError,2142
LIBS,3.0,127,ExtractionError,1467
LIBS,3.0,116,GenericError,703
LIBS,3.0,,DownloadError,680
LIBS,3.0,303,GenericError,609
LIBS,3.0,145,GenericError,578
LIBS,3.0,125,GenericError,563
LIBS,3.0,184,GenericError,284
LIBS,3.0,123,GenericError,215
LIBS,3.0,188,GenericError,183
LIBS,3.0,101,GenericError,159
LIBS,3.0,105,GenericError,103
LIBS,3.0,128,GenericError,98
LIBS,3.0,0,GenericError,94
LIBS,3.0,107,GenericError,71
LIBS,3.0,126,GenericError,45
LIBS,3.0,143,GenericError,22
LIBS,3.0,139,GenericError,9
LIBS,3.0,121,GenericError,7
LIBS,3.0,106,GenericError,6
LIBS,3.0,196,GenericError,3
LIBS,3.0,176,GenericError,1
LIBS,3.0,181,GenericError,1
