code,workflowcount,mydts
ACCC_FILES_SYNC_SUCCESS,1,2024-11-10
ACCC_FILES_SYNC_START,1,2024-11-10
ACCC_FILES_SYNC_SUCCESS,1,2021-12-09
ACCC_FILES_SYNC_START,1,2021-12-09
ACCC_FILES_SYNC_START,1,2020-10-11
ACCC_FILES_SYNC_SUCCESS,1,2020-10-11
ACCC_FILES_SYNC_START,1,2020-10-02
ACCC_FILES_SYNC_SUCCESS,1,2020-10-02
ACCC_FILES_SYNC_START,1,2019-12-09
ACCC_FILES_SYNC_SUCCESS,1,2019-12-09
ACCC_FILES_SYNC_START,1,2019-10-01
ACCC_FILES_SYNC_SUCCESS,1,2019-04-09
ACCC_FILES_SYNC_START,1,2019-04-09
ACCC_FILES_SYNC_SUCCESS,1,2019-01-12
ACCC_FILES_SYNC_START,1,2019-01-12
ACCC_FILES_SYNC_START,1,2019-01-09
ACCC_FILES_SYNC_SUCCESS,1,2019-01-09
ACCC_FILES_SYNC_SUCCESS,1,2018-12-31
ACCC_FILES_SYNC_START,1,2018-12-31
ACCC_FILES_SYNC_SUCCESS,1,2018-12-27
