product,vers,errorcode,errortype,workflowcount
CCXP,2.5.1,188,InstallationError,122286
CCXP,2.5.1,301,GenericError,8900
CCXP,2.5.1,305,GenericError,3042
CCXP,2.5.1,108,InstallationError,3013
CCXP,2.5.1,113,DownloadError,1884
CCXP,2.5.1,105,InstallationError,1117
CCXP,2.5.1,128,InstallationError,863
CCXP,2.5.1,119,DownloadError,855
CCXP,2.5.1,117,DownloadError,833
CCXP,2.5.1,183,InstallationError,670
CCXP,2.5.1,127,ExtractionError,239
CCXP,2.5.1,196,InstallationError,167
CCXP,2.5.1,116,DownloadError,121
CCXP,2.5.1,303,GenericError,121
CCXP,2.5.1,146,InstallationError,119
CCXP,2.5.1,125,DownloadError,95
CCXP,2.5.1,123,DownloadError,70
CCXP,2.5.1,304,GenericError,25
CCXP,2.5.1,,DownloadError,19
CCXP,2.5.1,107,InstallationError,16
CCXP,2.5.1,145,InstallationError,13
CCXP,2.5.1,184,InstallationError,8
CCXP,2.5.1,0,InstallationError,6
CCXP,2.5.1,176,InstallationError,5
CCXP,2.5.1,101,InstallationError,5
CCXP,2.5.1,143,InstallationError,5
CCXP,2.5.1,106,InstallationError,3
CCXP,2.5.1,126,DownloadError,2
CCXP,2.5.1,121,DownloadError,1
CCXP,2.5.1,181,InstallationError,1
