product,vers,errorcode,errortype,workflowcount
COSY,4.0.1,113,GenericError,15807
COSY,4.0.1,146,GenericError,10504
COSY,4.0.1,119,GenericError,9103
COSY,4.0.1,305,GenericError,8415
COSY,4.0.1,301,GenericError,8352
COSY,4.0.1,117,GenericError,3929
COSY,4.0.1,108,GenericError,3035
COSY,4.0.1,184,GenericError,2244
COSY,4.0.1,116,GenericError,1208
COSY,4.0.1,183,GenericError,1051
COSY,4.0.1,125,GenericError,764
COSY,4.0.1,303,GenericError,740
COSY,4.0.1,,DownloadError,526
COSY,4.0.1,127,ExtractionError,443
COSY,4.0.1,123,GenericError,272
COSY,4.0.1,0,GenericError,171
COSY,4.0.1,101,GenericError,171
COSY,4.0.1,145,GenericError,143
COSY,4.0.1,105,GenericError,143
COSY,4.0.1,128,GenericError,141
COSY,4.0.1,107,GenericError,80
COSY,4.0.1,126,GenericError,36
COSY,4.0.1,143,GenericError,25
COSY,4.0.1,139,GenericError,18
COSY,4.0.1,106,GenericError,10
COSY,4.0.1,121,GenericError,6
COSY,4.0.1,176,GenericError,2
COSY,4.0.1,181,GenericError,2
COSY,4.0.1,196,GenericError,2
COSY,4.0.1,188,GenericError,1
