product,vers,errorcode,errortype,workflowcount
LIBS,3.0.13,188,InstallationError,31643
LIBS,3.0.13,301,GenericError,2725
LIBS,3.0.13,108,InstallationError,1107
LIBS,3.0.13,113,DownloadError,772
LIBS,3.0.13,105,InstallationError,623
LIBS,3.0.13,305,GenericError,327
LIBS,3.0.13,119,DownloadError,284
LIBS,3.0.13,117,DownloadError,212
LIBS,3.0.13,183,InstallationError,209
LIBS,3.0.13,127,ExtractionError,68
LIBS,3.0.13,196,InstallationError,67
LIBS,3.0.13,128,InstallationError,58
LIBS,3.0.13,303,GenericError,35
LIBS,3.0.13,116,DownloadError,34
LIBS,3.0.13,125,DownloadError,25
LIBS,3.0.13,,DownloadError,14
LIBS,3.0.13,146,InstallationError,12
LIBS,3.0.13,123,DownloadError,10
LIBS,3.0.13,304,GenericError,6
LIBS,3.0.13,184,InstallationError,5
LIBS,3.0.13,106,InstallationError,3
LIBS,3.0.13,0,InstallationError,3
LIBS,3.0.13,145,InstallationError,1
LIBS,3.0.13,143,InstallationError,1
LIBS,3.0.13,176,InstallationError,1
LIBS,3.0.13,107,InstallationError,1
