product,vers,errorcode,errortype,workflowcount
LIBS,3.0.13,113,GenericError,9623
LIBS,3.0.13,305,GenericError,9375
LIBS,3.0.13,301,GenericError,8380
LIBS,3.0.13,119,GenericError,7582
LIBS,3.0.13,146,GenericError,4218
LIBS,3.0.13,183,GenericError,2750
LIBS,3.0.13,108,GenericError,2701
LIBS,3.0.13,117,GenericError,1642
LIBS,3.0.13,127,ExtractionError,1001
LIBS,3.0.13,116,GenericError,721
LIBS,3.0.13,145,GenericError,626
LIBS,3.0.13,303,GenericError,523
LIBS,3.0.13,,DownloadError,468
LIBS,3.0.13,125,GenericError,445
LIBS,3.0.13,184,GenericError,260
LIBS,3.0.13,123,GenericError,184
LIBS,3.0.13,188,GenericError,136
LIBS,3.0.13,101,GenericError,91
LIBS,3.0.13,105,GenericError,82
LIBS,3.0.13,128,GenericError,76
LIBS,3.0.13,0,GenericError,49
LIBS,3.0.13,107,GenericError,41
LIBS,3.0.13,126,GenericError,20
LIBS,3.0.13,143,GenericError,15
LIBS,3.0.13,106,GenericError,13
LIBS,3.0.13,121,GenericError,7
LIBS,3.0.13,139,GenericError,7
LIBS,3.0.13,176,GenericError,1
LIBS,3.0.13,103,GenericError,1
