product,vers,errorcode,errortype,workflowcount
COSY,4.0.1,188,InstallationError,62535
COSY,4.0.1,301,GenericError,7165
COSY,4.0.1,146,InstallationError,2732
COSY,4.0.1,108,InstallationError,2523
COSY,4.0.1,305,GenericError,1593
COSY,4.0.1,113,DownloadError,1458
COSY,4.0.1,117,DownloadError,1186
COSY,4.0.1,105,InstallationError,1069
COSY,4.0.1,128,InstallationError,559
COSY,4.0.1,184,InstallationError,513
COSY,4.0.1,119,DownloadError,475
COSY,4.0.1,183,InstallationError,432
COSY,4.0.1,196,InstallationError,125
COSY,4.0.1,116,DownloadError,111
COSY,4.0.1,125,DownloadError,85
COSY,4.0.1,127,ExtractionError,82
COSY,4.0.1,303,GenericError,72
COSY,4.0.1,304,GenericError,59
COSY,4.0.1,123,DownloadError,33
COSY,4.0.1,,DownloadError,20
COSY,4.0.1,107,InstallationError,12
COSY,4.0.1,106,InstallationError,11
COSY,4.0.1,145,InstallationError,10
COSY,4.0.1,101,InstallationError,10
COSY,4.0.1,143,InstallationError,9
COSY,4.0.1,176,InstallationError,6
COSY,4.0.1,0,InstallationError,6
COSY,4.0.1,126,DownloadError,6
COSY,4.0.1,139,InstallationError,2
COSY,4.0.1,181,InstallationError,1
