<queries_document>
<query_tableName>public.all_ets_event_simple</query_tableName>
<query_accBuildNumber>3.0.12%</query_accBuildNumber>
<query_insertdts>CAST('2018-10-08 00:00:00' AS TIMESTAMP)</query_insertdts>
<query_productid>CCXP</query_productid>

<query_object>
<query_name>v1.ccxpinstall.details</query_name>
<query_sql>select json_extract_path_text(params,'Product_ID')::varchar(512) product,json_extract_path_text(params,'Product_Version')::varchar(512) vers, code,count(distinct json_extract_path_text(params, 'lbsWorkflowID')) workflowCount, json_extract_path_text(params,'ACCC_HYPERDRIVE_BUILD_PVALUE')::varchar(512) etype from {etsTableName} where insert_dts >= {insertdts} and dts >={insertdts} and json_extract_path_text(params,'Product_ID')::varchar(512) = '{productId}' and json_extract_path_text(params,'Product_Version')::varchar(512) like '{accBuildNumber}' and code in ('ACCC_APPS_INSTALL_CANCEL', 'ACCC_DL_START','ACCC_INSTALL_END', 'ACCC_APPS_DL_CANCEL', 'ACCC_ERROR','ACCC_APPS_HD_CANCEL') group by product,vers,code,etype</query_sql>
</query_object>

<query_object>
<query_name>v1.ccxpinstall.errors</query_name>
<query_sql>select json_extract_path_text(params,'Product_ID')::varchar(512) product, json_extract_path_text(params,'Product_Version')::varchar(512) vers, json_extract_path_text(params,'Error_Code')::varchar(512) errorcode, json_extract_path_text(params,'Error_Type')::varchar(512) errortype, count(distinct json_extract_path_text(params, 'lbsWorkflowID')) workflowCount from {etsTableName} where insert_dts >= {insertdts} and dts >={insertdts} and code like 'ACCC_ERROR' and json_extract_path_text(params,'Product_ID')::varchar(512) = '{productId}' and json_extract_path_text(params,'Product_Version')::varchar(512) like '{accBuildNumber}' group by product, vers, errorcode, errortype order by workflowCount desc</query_sql>
</query_object>
</queries_document>